[debug] [2026-06-26T06:04:25.885Z] ----------------------------------------------------------------------
[debug] [2026-06-26T06:04:25.888Z] Command:       C:\Program Files\nodejs\node.exe C:\Users\rafae\AppData\Roaming\npm\node_modules\firebase-tools\lib\bin\firebase.js deploy --only hosting,functions --project cuadernofp
[debug] [2026-06-26T06:04:25.888Z] CLI Version:   15.19.1
[debug] [2026-06-26T06:04:25.888Z] Platform:      win32
[debug] [2026-06-26T06:04:25.888Z] Node Version:  v26.4.0
[debug] [2026-06-26T06:04:25.888Z] Time:          Fri Jun 26 2026 08:04:25 GMT+0200 (hora de verano de Europa central)
[debug] [2026-06-26T06:04:25.888Z] ----------------------------------------------------------------------
[debug] 
[debug] [2026-06-26T06:04:25.891Z] >>> [apiv2][query] GET https://firebase-public.firebaseio.com/cli.json [none]
[debug] [2026-06-26T06:04:29.611Z] > command requires scopes: ["email","openid","https://www.googleapis.com/auth/cloudplatformprojects.readonly","https://www.googleapis.com/auth/firebase","https://www.googleapis.com/auth/cloud-platform"]
[debug] [2026-06-26T06:04:30.057Z] Running auto auth
[debug] [2026-06-26T06:04:30.058Z] [iam] checking project cuadernofp for permissions ["firebase.projects.get","firebasehosting.sites.update"]
[debug] [2026-06-26T06:04:30.059Z] No OAuth tokens found
[debug] [2026-06-26T06:04:30.059Z] >>> [apiv2][query] POST https://cloudresourcemanager.googleapis.com/v1/projects/cuadernofp:testIamPermissions [none]
[debug] [2026-06-26T06:04:30.059Z] >>> [apiv2][(partial)header] POST https://cloudresourcemanager.googleapis.com/v1/projects/cuadernofp:testIamPermissions  x-goog-user-project=cuadernofp
[debug] [2026-06-26T06:04:30.060Z] >>> [apiv2][body] POST https://cloudresourcemanager.googleapis.com/v1/projects/cuadernofp:testIamPermissions {"permissions":["firebase.projects.get","firebasehosting.sites.update"]}
[debug] [2026-06-26T06:04:30.081Z] <<< [apiv2][status] GET https://firebase-public.firebaseio.com/cli.json 200
[debug] [2026-06-26T06:04:30.081Z] <<< [apiv2][body] GET https://firebase-public.firebaseio.com/cli.json {"cloudBuildErrorAfter":1594252800000,"cloudBuildWarnAfter":1590019200000,"defaultNode10After":1594252800000,"minVersion":"3.0.5","node8DeploysDisabledAfter":1613390400000,"node8RuntimeDisabledAfter":1615809600000,"node8WarnAfter":1600128000000}
[debug] [2026-06-26T06:04:31.080Z] <<< [apiv2][status] POST https://cloudresourcemanager.googleapis.com/v1/projects/cuadernofp:testIamPermissions 200
[debug] [2026-06-26T06:04:31.080Z] <<< [apiv2][body] POST https://cloudresourcemanager.googleapis.com/v1/projects/cuadernofp:testIamPermissions {"permissions":["firebase.projects.get","firebasehosting.sites.update"]}
[debug] [2026-06-26T06:04:31.082Z] No OAuth tokens found
[debug] [2026-06-26T06:04:31.082Z] >>> [apiv2][query] GET https://firebase.googleapis.com/v1beta1/projects/cuadernofp [none]
[debug] [2026-06-26T06:04:31.486Z] <<< [apiv2][status] GET https://firebase.googleapis.com/v1beta1/projects/cuadernofp 200
[debug] [2026-06-26T06:04:31.486Z] <<< [apiv2][body] GET https://firebase.googleapis.com/v1beta1/projects/cuadernofp {"projectId":"cuadernofp","projectNumber":"215337606799","displayName":"CuadernoFP","name":"projects/cuadernofp","resources":{"hostingSite":"cuadernofp"},"state":"ACTIVE","etag":"1_ea56ac18-8eae-4571-8ff1-6ae856c6d31e"}
[info] 
   Thank you for trying our early preview of Next.js support on Firebase Hosting.
   During the preview, support is best-effort and breaking changes can be expected. Proceed with caution.
   The integration is known to work with Next.js version 12 - 16.0. You may encounter errors.

   Documentation: https://firebase.google.com/docs/hosting/frameworks/nextjs
   File a bug: https://github.com/firebase/firebase-tools/issues/new?template=bug_report.md
   Submit a feature request: https://github.com/firebase/firebase-tools/issues/new?template=feature_request.md

   We'd love to learn from you. Express your interest in helping us shape the future of Firebase Hosting: https://goo.gle/41enW5X

[debug] [2026-06-26T06:04:41.346Z] No OAuth tokens found
[debug] [2026-06-26T06:04:41.347Z] >>> [apiv2][query] GET https://firebasehosting.googleapis.com/v1beta1/projects/cuadernofp/sites/cuadernofp [none]
[debug] [2026-06-26T06:04:42.882Z] <<< [apiv2][status] GET https://firebasehosting.googleapis.com/v1beta1/projects/cuadernofp/sites/cuadernofp 200
[debug] [2026-06-26T06:04:42.883Z] <<< [apiv2][body] GET https://firebasehosting.googleapis.com/v1beta1/projects/cuadernofp/sites/cuadernofp {"name":"projects/cuadernofp/sites/cuadernofp","defaultUrl":"https://cuadernofp.web.app","type":"DEFAULT_SITE"}
[info] ▲ Next.js 16.2.7 (Turbopack)

[info] - Environments: .env.local, .env.production


[info]   Creating an optimized production build ...

[info] (node:33220) [DEP0205] DeprecationWarning: `module.register()` is deprecated. Use `module.registerHooks()` instead.
(Use `node --trace-deprecation ...` to show where the warning was created)

[info] ✓ Compiled successfully in 8.2s

[info]   Running TypeScript ...

[info]   Finished TypeScript in 9.7s ...

[info]   Collecting page data using 11 workers ...

[info]   Generating static pages using 11 workers (0/31) ...

[info]   Generating static pages using 11 workers (7/31) 

[info]   Generating static pages using 11 workers (15/31) 

[info]   Generating static pages using 11 workers (23/31) 

[info] ✓ Generating static pages using 11 workers (31/31) in 818ms

[info]   Finalizing page optimization ...

[info] 

[info] Route (app)
┌ ○ /
├ ○ /_not-found
├ ○ /acreditacion
├ ○ /agenda
├ ○ /alumnado
├ ƒ /api/auth/[...nextauth]
├ ○ /archivos
├ ○ /asignaciones
├ ○ /ayuda
├ ○ /calendario
├ ○ /calidad
├ ○ /catalogo
├ ○ /descargas
├ ○ /documentos
├ ○ /familias
├ ○ /feoe
├ ○ /indicadores
├ ○ /inicio
├ ○ /innovacion
├ ○ /insercion
├ ○ /instrumentos
├ ○ /internacionalizacion
├ ○ /legal
├ ○ /matrices
├ ○ /mejora
├ ○ /modulo
├ ○ /profesorado
├ ○ /programacion
├ ○ /progreso
└ ○ /seguimiento


[info] 
○  (Static)   prerendered as static content
ƒ  (Dynamic)  server-rendered on demand


[info] Building a Cloud Function to run this application. This is needed due to:
[info]  • non-static component /api/auth/[...nextauth]/route
[info]  • advanced rewrites
[info] 
[debug] [2026-06-26T06:05:24.250Z] No OAuth tokens found
[debug] [2026-06-26T06:05:24.250Z] >>> [apiv2][query] GET https://firebasehosting.googleapis.com/v1beta1/projects/cuadernofp/sites/cuadernofp [none]
[debug] [2026-06-26T06:05:25.416Z] <<< [apiv2][status] GET https://firebasehosting.googleapis.com/v1beta1/projects/cuadernofp/sites/cuadernofp 200
[debug] [2026-06-26T06:05:25.417Z] <<< [apiv2][body] GET https://firebasehosting.googleapis.com/v1beta1/projects/cuadernofp/sites/cuadernofp {"name":"projects/cuadernofp/sites/cuadernofp","defaultUrl":"https://cuadernofp.web.app","type":"DEFAULT_SITE"}
[warn] !  This integration expects Node version 20, 22, or 24. You're running version 26, problems may be encountered. 
[debug] [2026-06-26T06:07:23.309Z] [web frameworks] effective firebase.json:  {
  "hosting": [
    {
      "source": ".",
      "ignore": [
        "firebase.json",
        "**/.*",
        "**/node_modules/**"
      ],
      "frameworksBackend": {
        "region": "europe-west1"
      },
      "site": "cuadernofp",
      "rewrites": [
        {
          "source": "**",
          "function": {
            "functionId": "ssrcuadernofp",
            "region": "europe-west1",
            "pinTag": true
          }
        }
      ],
      "redirects": [],
      "headers": [
        {
          "source": "/acreditacion",
          "headers": [
            {
              "key": "x-nextjs-stale-time",
              "value": "300"
            },
            {
              "key": "x-nextjs-prerender",
              "value": "1"
            },
            {
              "key": "x-next-cache-tags",
              "value": "_N_T_/layout,_N_T_/acreditacion/layout,_N_T_/acreditacion/page,_N_T_/acreditacion"
            }
          ]
        },
        {
          "source": "/_not-found",
          "headers": [
            {
              "key": "x-nextjs-stale-time",
              "value": "300"
            },
            {
              "key": "x-nextjs-prerender",
              "value": "1"
            },
            {
              "key": "x-next-cache-tags",
              "value": "_N_T_/layout,_N_T_/_not-found/layout,_N_T_/_not-found/page,_N_T_/_not-found"
            }
          ]
        },
        {
          "source": "/_global-error",
          "headers": [
            {
              "key": "x-nextjs-stale-time",
              "value": "300"
            },
            {
              "key": "x-nextjs-prerender",
              "value": "1"
            },
            {
              "key": "x-next-cache-tags",
              "value": "_N_T_/layout,_N_T_/_global-error/layout,_N_T_/_global-error/page,_N_T_/_global-error"
            }
          ]
        },
        {
          "source": "/agenda",
          "headers": [
            {
              "key": "x-nextjs-stale-time",
              "value": "300"
            },
            {
              "key": "x-nextjs-prerender",
              "value": "1"
            },
            {
              "key": "x-next-cache-tags",
              "value": "_N_T_/layout,_N_T_/agenda/layout,_N_T_/agenda/page,_N_T_/agenda"
            }
          ]
        },
        {
          "source": "/alumnado",
          "headers": [
            {
              "key": "x-nextjs-stale-time",
              "value": "300"
            },
            {
              "key": "x-nextjs-prerender",
              "value": "1"
            },
            {
              "key": "x-next-cache-tags",
              "value": "_N_T_/layout,_N_T_/alumnado/layout,_N_T_/alumnado/page,_N_T_/alumnado"
            }
          ]
        },
        {
          "source": "/archivos",
          "headers": [
            {
              "key": "x-nextjs-stale-time",
              "value": "300"
            },
            {
              "key": "x-nextjs-prerender",
              "value": "1"
            },
            {
              "key": "x-next-cache-tags",
              "value": "_N_T_/layout,_N_T_/archivos/layout,_N_T_/archivos/page,_N_T_/archivos"
            }
          ]
        },
        {
          "source": "/ayuda",
          "headers": [
            {
              "key": "x-nextjs-stale-time",
              "value": "300"
            },
            {
              "key": "x-nextjs-prerender",
              "value": "1"
            },
            {
              "key": "x-next-cache-tags",
              "value": "_N_T_/layout,_N_T_/ayuda/layout,_N_T_/ayuda/page,_N_T_/ayuda"
            }
          ]
        },
        {
          "source": "/calendario",
          "headers": [
            {
              "key": "x-nextjs-stale-time",
              "value": "300"
            },
            {
              "key": "x-nextjs-prerender",
              "value": "1"
            },
            {
              "key": "x-next-cache-tags",
              "value": "_N_T_/layout,_N_T_/calendario/layout,_N_T_/calendario/page,_N_T_/calendario"
            }
          ]
        },
        {
          "source": "/calidad",
          "headers": [
            {
              "key": "x-nextjs-stale-time",
              "value": "300"
            },
            {
              "key": "x-nextjs-prerender",
              "value": "1"
            },
            {
              "key": "x-next-cache-tags",
              "value": "_N_T_/layout,_N_T_/calidad/layout,_N_T_/calidad/page,_N_T_/calidad"
            }
          ]
        },
        {
          "source": "/asignaciones",
          "headers": [
            {
              "key": "x-nextjs-stale-time",
              "value": "300"
            },
            {
              "key": "x-nextjs-prerender",
              "value": "1"
            },
            {
              "key": "x-next-cache-tags",
              "value": "_N_T_/layout,_N_T_/asignaciones/layout,_N_T_/asignaciones/page,_N_T_/asignaciones"
            }
          ]
        },
        {
          "source": "/documentos",
          "headers": [
            {
              "key": "x-nextjs-stale-time",
              "value": "300"
            },
            {
              "key": "x-nextjs-prerender",
              "value": "1"
            },
            {
              "key": "x-next-cache-tags",
              "value": "_N_T_/layout,_N_T_/documentos/layout,_N_T_/documentos/page,_N_T_/documentos"
            }
          ]
        },
        {
          "source": "/descargas",
          "headers": [
            {
              "key": "x-nextjs-stale-time",
              "value": "300"
            },
            {
              "key": "x-nextjs-prerender",
              "value": "1"
            },
            {
              "key": "x-next-cache-tags",
              "value": "_N_T_/layout,_N_T_/descargas/layout,_N_T_/descargas/page,_N_T_/descargas"
            }
          ]
        },
        {
          "source": "/familias",
          "headers": [
            {
              "key": "x-nextjs-stale-time",
              "value": "300"
            },
            {
              "key": "x-nextjs-prerender",
              "value": "1"
            },
            {
              "key": "x-next-cache-tags",
              "value": "_N_T_/layout,_N_T_/familias/layout,_N_T_/familias/page,_N_T_/familias"
            }
          ]
        },
        {
          "source": "/catalogo",
          "headers": [
            {
              "key": "x-nextjs-stale-time",
              "value": "300"
            },
            {
              "key": "x-nextjs-prerender",
              "value": "1"
            },
            {
              "key": "x-next-cache-tags",
              "value": "_N_T_/layout,_N_T_/catalogo/layout,_N_T_/catalogo/page,_N_T_/catalogo"
            }
          ]
        },
        {
          "source": "/feoe",
          "headers": [
            {
              "key": "x-nextjs-stale-time",
              "value": "300"
            },
            {
              "key": "x-nextjs-prerender",
              "value": "1"
            },
            {
              "key": "x-next-cache-tags",
              "value": "_N_T_/layout,_N_T_/feoe/layout,_N_T_/feoe/page,_N_T_/feoe"
            }
          ]
        },
        {
          "source": "/favicon.ico",
          "headers": [
            {
              "key": "cache-control",
              "value": "public, max-age=0, must-revalidate"
            },
            {
              "key": "content-type",
              "value": "image/x-icon"
            },
            {
              "key": "x-next-cache-tags",
              "value": "_N_T_/layout,_N_T_/favicon.ico/layout,_N_T_/favicon.ico/route,_N_T_/favicon.ico"
            }
          ]
        },
        {
          "source": "/innovacion",
          "headers": [
            {
              "key": "x-nextjs-stale-time",
              "value": "300"
            },
            {
              "key": "x-nextjs-prerender",
              "value": "1"
            },
            {
              "key": "x-next-cache-tags",
              "value": "_N_T_/layout,_N_T_/innovacion/layout,_N_T_/innovacion/page,_N_T_/innovacion"
            }
          ]
        },
        {
          "source": "/indicadores",
          "headers": [
            {
              "key": "x-nextjs-stale-time",
              "value": "300"
            },
            {
              "key": "x-nextjs-prerender",
              "value": "1"
            },
            {
              "key": "x-next-cache-tags",
              "value": "_N_T_/layout,_N_T_/indicadores/layout,_N_T_/indicadores/page,_N_T_/indicadores"
            }
          ]
        },
        {
          "source": "/insercion",
          "headers": [
            {
              "key": "x-nextjs-stale-time",
              "value": "300"
            },
            {
              "key": "x-nextjs-prerender",
              "value": "1"
            },
            {
              "key": "x-next-cache-tags",
              "value": "_N_T_/layout,_N_T_/insercion/layout,_N_T_/insercion/page,_N_T_/insercion"
            }
          ]
        },
        {
          "source": "/inicio",
          "headers": [
            {
              "key": "x-nextjs-stale-time",
              "value": "300"
            },
            {
              "key": "x-nextjs-prerender",
              "value": "1"
            },
            {
              "key": "x-next-cache-tags",
              "value": "_N_T_/layout,_N_T_/inicio/layout,_N_T_/inicio/page,_N_T_/inicio"
            }
          ]
        },
        {
          "source": "/legal",
          "headers": [
            {
              "key": "x-nextjs-stale-time",
              "value": "300"
            },
            {
              "key": "x-nextjs-prerender",
              "value": "1"
            },
            {
              "key": "x-next-cache-tags",
              "value": "_N_T_/layout,_N_T_/legal/layout,_N_T_/legal/page,_N_T_/legal"
            }
          ]
        },
        {
          "source": "/instrumentos",
          "headers": [
            {
              "key": "x-nextjs-stale-time",
              "value": "300"
            },
            {
              "key": "x-nextjs-prerender",
              "value": "1"
            },
            {
              "key": "x-next-cache-tags",
              "value": "_N_T_/layout,_N_T_/instrumentos/layout,_N_T_/instrumentos/page,_N_T_/instrumentos"
            }
          ]
        },
        {
          "source": "/mejora",
          "headers": [
            {
              "key": "x-nextjs-stale-time",
              "value": "300"
            },
            {
              "key": "x-nextjs-prerender",
              "value": "1"
            },
            {
              "key": "x-next-cache-tags",
              "value": "_N_T_/layout,_N_T_/mejora/layout,_N_T_/mejora/page,_N_T_/mejora"
            }
          ]
        },
        {
          "source": "/matrices",
          "headers": [
            {
              "key": "x-nextjs-stale-time",
              "value": "300"
            },
            {
              "key": "x-nextjs-prerender",
              "value": "1"
            },
            {
              "key": "x-next-cache-tags",
              "value": "_N_T_/layout,_N_T_/matrices/layout,_N_T_/matrices/page,_N_T_/matrices"
            }
          ]
        },
        {
          "source": "/internacionalizacion",
          "headers": [
            {
              "key": "x-nextjs-stale-time",
              "value": "300"
            },
            {
              "key": "x-nextjs-prerender",
              "value": "1"
            },
            {
              "key": "x-next-cache-tags",
              "value": "_N_T_/layout,_N_T_/internacionalizacion/layout,_N_T_/internacionalizacion/page,_N_T_/internacionalizacion"
            }
          ]
        },
        {
          "source": "/modulo",
          "headers": [
            {
              "key": "x-nextjs-stale-time",
              "value": "300"
            },
            {
              "key": "x-nextjs-prerender",
              "value": "1"
            },
            {
              "key": "x-next-cache-tags",
              "value": "_N_T_/layout,_N_T_/modulo/layout,_N_T_/modulo/page,_N_T_/modulo"
            }
          ]
        },
        {
          "source": "/programacion",
          "headers": [
            {
              "key": "x-nextjs-stale-time",
              "value": "300"
            },
            {
              "key": "x-nextjs-prerender",
              "value": "1"
            },
            {
              "key": "x-next-cache-tags",
              "value": "_N_T_/layout,_N_T_/programacion/layout,_N_T_/programacion/page,_N_T_/programacion"
            }
          ]
        },
        {
          "source": "/profesorado",
          "headers": [
            {
              "key": "x-nextjs-stale-time",
              "value": "300"
            },
            {
              "key": "x-nextjs-prerender",
              "value": "1"
            },
            {
              "key": "x-next-cache-tags",
              "value": "_N_T_/layout,_N_T_/profesorado/layout,_N_T_/profesorado/page,_N_T_/profesorado"
            }
          ]
        },
        {
          "source": "/progreso",
          "headers": [
            {
              "key": "x-nextjs-stale-time",
              "value": "300"
            },
            {
              "key": "x-nextjs-prerender",
              "value": "1"
            },
            {
              "key": "x-next-cache-tags",
              "value": "_N_T_/layout,_N_T_/progreso/layout,_N_T_/progreso/page,_N_T_/progreso"
            }
          ]
        },
        {
          "source": "/seguimiento",
          "headers": [
            {
              "key": "x-nextjs-stale-time",
              "value": "300"
            },
            {
              "key": "x-nextjs-prerender",
              "value": "1"
            },
            {
              "key": "x-next-cache-tags",
              "value": "_N_T_/layout,_N_T_/seguimiento/layout,_N_T_/seguimiento/page,_N_T_/seguimiento"
            }
          ]
        }
      ],
      "cleanUrls": true,
      "trailingSlash": false,
      "public": ".firebase\\cuadernofp\\hosting",
      "webFramework": "next_ssr"
    }
  ],
  "functions": [
    {
      "source": ".firebase\\cuadernofp\\functions",
      "codebase": "firebase-frameworks-cuadernofp"
    }
  ]
}
[debug] [2026-06-26T06:07:23.309Z] > command requires scopes: ["email","openid","https://www.googleapis.com/auth/cloudplatformprojects.readonly","https://www.googleapis.com/auth/firebase","https://www.googleapis.com/auth/cloud-platform"]
[debug] [2026-06-26T06:07:23.310Z] Running auto auth
[debug] [2026-06-26T06:07:23.310Z] [iam] checking project cuadernofp for permissions ["cloudfunctions.functions.create","cloudfunctions.functions.delete","cloudfunctions.functions.get","cloudfunctions.functions.list","cloudfunctions.functions.update","cloudfunctions.operations.get","firebase.projects.get"]
[debug] [2026-06-26T06:07:23.312Z] No OAuth tokens found
[debug] [2026-06-26T06:07:23.312Z] >>> [apiv2][query] POST https://cloudresourcemanager.googleapis.com/v1/projects/cuadernofp:testIamPermissions [none]
[debug] [2026-06-26T06:07:23.313Z] >>> [apiv2][(partial)header] POST https://cloudresourcemanager.googleapis.com/v1/projects/cuadernofp:testIamPermissions  x-goog-user-project=cuadernofp
[debug] [2026-06-26T06:07:23.313Z] >>> [apiv2][body] POST https://cloudresourcemanager.googleapis.com/v1/projects/cuadernofp:testIamPermissions {"permissions":["cloudfunctions.functions.create","cloudfunctions.functions.delete","cloudfunctions.functions.get","cloudfunctions.functions.list","cloudfunctions.functions.update","cloudfunctions.operations.get","firebase.projects.get"]}
[debug] [2026-06-26T06:07:24.146Z] <<< [apiv2][status] POST https://cloudresourcemanager.googleapis.com/v1/projects/cuadernofp:testIamPermissions 200
[debug] [2026-06-26T06:07:24.146Z] <<< [apiv2][body] POST https://cloudresourcemanager.googleapis.com/v1/projects/cuadernofp:testIamPermissions {"permissions":["cloudfunctions.functions.create","cloudfunctions.functions.delete","cloudfunctions.functions.get","cloudfunctions.functions.list","cloudfunctions.functions.update","cloudfunctions.operations.get","firebase.projects.get"]}
[debug] [2026-06-26T06:07:24.148Z] No OAuth tokens found
[debug] [2026-06-26T06:07:24.148Z] >>> [apiv2][query] GET https://cloudfunctions.googleapis.com/v1/projects/cuadernofp/locations/-/functions [none]
[debug] [2026-06-26T06:07:24.820Z] <<< [apiv2][status] GET https://cloudfunctions.googleapis.com/v1/projects/cuadernofp/locations/-/functions 200
[debug] [2026-06-26T06:07:24.820Z] <<< [apiv2][body] GET https://cloudfunctions.googleapis.com/v1/projects/cuadernofp/locations/-/functions {}
[debug] [2026-06-26T06:07:24.821Z] No OAuth tokens found
[debug] [2026-06-26T06:07:24.822Z] >>> [apiv2][query] GET https://cloudfunctions.googleapis.com/v2/projects/cuadernofp/locations/-/functions filter=environment%3D%22GEN_2%22
[debug] [2026-06-26T06:07:25.852Z] <<< [apiv2][status] GET https://cloudfunctions.googleapis.com/v2/projects/cuadernofp/locations/-/functions 200
[debug] [2026-06-26T06:07:25.852Z] <<< [apiv2][body] GET https://cloudfunctions.googleapis.com/v2/projects/cuadernofp/locations/-/functions {"functions":[{"name":"projects/cuadernofp/locations/europe-west1/functions/ssrcuadernofp","buildConfig":{"build":"projects/215337606799/locations/europe-west1/builds/1939e3cd-33f6-4d0a-991a-d85a6b2d30de","runtime":"nodejs22","entryPoint":"ssrcuadernofp","source":{"storageSource":{"bucket":"gcf-v2-sources-215337606799-europe-west1","object":"ssrcuadernofp/function-source.zip","generation":"1782452155275457"}},"environmentVariables":{"GOOGLE_NODE_RUN_SCRIPTS":""},"dockerRepository":"projects/cuadernofp/locations/europe-west1/repositories/gcf-artifacts","sourceProvenance":{"resolvedStorageSource":{"bucket":"gcf-v2-sources-215337606799-europe-west1","object":"ssrcuadernofp/function-source.zip","generation":"1782452155275457"}},"dockerRegistry":"ARTIFACT_REGISTRY","serviceAccount":"projects/cuadernofp/serviceAccounts/215337606799-compute@developer.gserviceaccount.com","automaticUpdatePolicy":{}},"serviceConfig":{"service":"projects/cuadernofp/locations/europe-west1/services/ssrcuadernofp","timeoutSeconds":60,"environmentVariables":{"VERCEL_URL":"cuadernofp.web.app","__FIREBASE_FRAMEWORKS_ENTRY__":"next.js","FIREBASE_CONFIG":"{\"projectId\":\"cuadernofp\",\"storageBucket\":\"cuadernofp.firebasestorage.app\"}","GCLOUD_PROJECT":"cuadernofp","EVENTARC_CLOUD_EVENT_SOURCE":"projects/cuadernofp/locations/europe-west1/services/ssrcuadernofp","FUNCTION_TARGET":"ssrcuadernofp","LOG_EXECUTION_ID":"true"},"maxInstanceCount":20,"ingressSettings":"ALLOW_ALL","uri":"https://ssrcuadernofp-ksqnfs2byq-ew.a.run.app","serviceAccountEmail":"215337606799-compute@developer.gserviceaccount.com","availableMemory":"256Mi","allTrafficOnLatestRevision":true,"revision":"ssrcuadernofp-00153-quq","maxInstanceRequestConcurrency":80,"availableCpu":"1"},"state":"ACTIVE","updateTime":"2026-06-26T05:39:15.964195517Z","labels":{"firebase-functions-codebase":"firebase-frameworks-cuadernofp","firebase-functions-hash":"0b4bb6ac208b214b76508bfd17fe904b459d65a0","deployment-tool":"cli-firebase"},"environment":"GEN_2","url":"https://europe-west1-cuadernofp.cloudfunctions.net/ssrcuadernofp","createTime":"2026-06-08T20:51:04.243974670Z","satisfiesPzi":true}]}
[info] i  hosting: The following function(s) are pinned to site cuadernofp and will be deployed as well: ssrcuadernofp 
[info] 
[info] === Deploying to 'cuadernofp'...
[info] 
[info] i  deploying functions, hosting 
[debug] [2026-06-26T06:07:25.856Z] No OAuth tokens found
[debug] [2026-06-26T06:07:25.857Z] >>> [apiv2][query] GET https://serviceusage.googleapis.com/v1/projects/cuadernofp/services/cloudresourcemanager.googleapis.com [none]
[debug] [2026-06-26T06:07:25.857Z] >>> [apiv2][(partial)header] GET https://serviceusage.googleapis.com/v1/projects/cuadernofp/services/cloudresourcemanager.googleapis.com  x-goog-user-project=cuadernofp
[debug] [2026-06-26T06:07:26.817Z] <<< [apiv2][status] GET https://serviceusage.googleapis.com/v1/projects/cuadernofp/services/cloudresourcemanager.googleapis.com 200
[debug] [2026-06-26T06:07:26.817Z] <<< [apiv2][body] GET https://serviceusage.googleapis.com/v1/projects/cuadernofp/services/cloudresourcemanager.googleapis.com [omitted]
[debug] [2026-06-26T06:07:26.844Z] No OAuth tokens found
[debug] [2026-06-26T06:07:26.844Z] >>> [apiv2][query] GET https://cloudresourcemanager.googleapis.com/v1/projects/cuadernofp [none]
[debug] [2026-06-26T06:07:27.077Z] <<< [apiv2][status] GET https://cloudresourcemanager.googleapis.com/v1/projects/cuadernofp 200
[debug] [2026-06-26T06:07:27.078Z] <<< [apiv2][body] GET https://cloudresourcemanager.googleapis.com/v1/projects/cuadernofp {"projectNumber":"215337606799","projectId":"cuadernofp","lifecycleState":"ACTIVE","name":"CuadernoFP","labels":{"firebase":"enabled","firebase-core":"disabled"},"createTime":"2026-06-08T20:37:55.332Z","parent":{"type":"organization","id":"964862601457"}}
[info] i  functions: preparing codebase firebase-frameworks-cuadernofp for deployment 
[info] i  functions: ensuring required API cloudfunctions.googleapis.com is enabled... 
[debug] [2026-06-26T06:07:27.080Z] No OAuth tokens found
[debug] [2026-06-26T06:07:27.081Z] No OAuth tokens found
[info] i  functions: ensuring required API cloudbuild.googleapis.com is enabled... 
[debug] [2026-06-26T06:07:27.082Z] No OAuth tokens found
[info] i  artifactregistry: ensuring required API artifactregistry.googleapis.com is enabled... 
[debug] [2026-06-26T06:07:27.083Z] No OAuth tokens found
[debug] [2026-06-26T06:07:27.083Z] >>> [apiv2][query] GET https://serviceusage.googleapis.com/v1/projects/cuadernofp/services/cloudfunctions.googleapis.com [none]
[debug] [2026-06-26T06:07:27.083Z] >>> [apiv2][(partial)header] GET https://serviceusage.googleapis.com/v1/projects/cuadernofp/services/cloudfunctions.googleapis.com  x-goog-user-project=cuadernofp
[debug] [2026-06-26T06:07:27.083Z] >>> [apiv2][query] GET https://serviceusage.googleapis.com/v1/projects/cuadernofp/services/runtimeconfig.googleapis.com [none]
[debug] [2026-06-26T06:07:27.083Z] >>> [apiv2][(partial)header] GET https://serviceusage.googleapis.com/v1/projects/cuadernofp/services/runtimeconfig.googleapis.com  x-goog-user-project=cuadernofp
[debug] [2026-06-26T06:07:27.085Z] >>> [apiv2][query] GET https://serviceusage.googleapis.com/v1/projects/cuadernofp/services/cloudbuild.googleapis.com [none]
[debug] [2026-06-26T06:07:27.085Z] >>> [apiv2][(partial)header] GET https://serviceusage.googleapis.com/v1/projects/cuadernofp/services/cloudbuild.googleapis.com  x-goog-user-project=cuadernofp
[debug] [2026-06-26T06:07:27.086Z] >>> [apiv2][query] GET https://serviceusage.googleapis.com/v1/projects/cuadernofp/services/artifactregistry.googleapis.com [none]
[debug] [2026-06-26T06:07:27.086Z] >>> [apiv2][(partial)header] GET https://serviceusage.googleapis.com/v1/projects/cuadernofp/services/artifactregistry.googleapis.com  x-goog-user-project=cuadernofp
[debug] [2026-06-26T06:07:27.471Z] <<< [apiv2][status] GET https://serviceusage.googleapis.com/v1/projects/cuadernofp/services/cloudfunctions.googleapis.com 200
[debug] [2026-06-26T06:07:27.471Z] <<< [apiv2][body] GET https://serviceusage.googleapis.com/v1/projects/cuadernofp/services/cloudfunctions.googleapis.com [omitted]
[info] +  functions: required API cloudfunctions.googleapis.com is enabled 
[debug] [2026-06-26T06:07:27.953Z] <<< [apiv2][status] GET https://serviceusage.googleapis.com/v1/projects/cuadernofp/services/runtimeconfig.googleapis.com 200
[debug] [2026-06-26T06:07:27.953Z] <<< [apiv2][body] GET https://serviceusage.googleapis.com/v1/projects/cuadernofp/services/runtimeconfig.googleapis.com [omitted]
[debug] [2026-06-26T06:07:27.978Z] <<< [apiv2][status] GET https://serviceusage.googleapis.com/v1/projects/cuadernofp/services/artifactregistry.googleapis.com 200
[debug] [2026-06-26T06:07:27.979Z] <<< [apiv2][body] GET https://serviceusage.googleapis.com/v1/projects/cuadernofp/services/artifactregistry.googleapis.com [omitted]
[info] +  artifactregistry: required API artifactregistry.googleapis.com is enabled 
[debug] [2026-06-26T06:07:27.985Z] <<< [apiv2][status] GET https://serviceusage.googleapis.com/v1/projects/cuadernofp/services/cloudbuild.googleapis.com 200
[debug] [2026-06-26T06:07:27.985Z] <<< [apiv2][body] GET https://serviceusage.googleapis.com/v1/projects/cuadernofp/services/cloudbuild.googleapis.com [omitted]
[info] +  functions: required API cloudbuild.googleapis.com is enabled 
[debug] [2026-06-26T06:07:27.989Z] No OAuth tokens found
[debug] [2026-06-26T06:07:27.990Z] >>> [apiv2][query] GET https://firebase.googleapis.com/v1beta1/projects/cuadernofp/adminSdkConfig [none]
[debug] [2026-06-26T06:07:28.346Z] <<< [apiv2][status] GET https://firebase.googleapis.com/v1beta1/projects/cuadernofp/adminSdkConfig 200
[debug] [2026-06-26T06:07:28.346Z] <<< [apiv2][body] GET https://firebase.googleapis.com/v1beta1/projects/cuadernofp/adminSdkConfig {"projectId":"cuadernofp","storageBucket":"cuadernofp.firebasestorage.app"}
[debug] [2026-06-26T06:07:28.347Z] No OAuth tokens found
[debug] [2026-06-26T06:07:28.347Z] >>> [apiv2][query] GET https://runtimeconfig.googleapis.com/v1beta1/projects/cuadernofp/configs [none]
[debug] [2026-06-26T06:07:28.832Z] <<< [apiv2][status] GET https://runtimeconfig.googleapis.com/v1beta1/projects/cuadernofp/configs 200
[debug] [2026-06-26T06:07:28.832Z] <<< [apiv2][body] GET https://runtimeconfig.googleapis.com/v1beta1/projects/cuadernofp/configs {}
[debug] [2026-06-26T06:07:28.833Z] Validating nodejs source
[warn] !  functions: package.json indicates an outdated version of firebase-functions. Please upgrade using npm install --save firebase-functions@latest in your functions directory. 
[warn] !  functions: Please note that there will be breaking changes when you upgrade. 
[debug] [2026-06-26T06:07:30.506Z] > [functions] package.json contents: {
  "name": "frontend",
  "version": "0.1.0",
  "private": true,
  "dependencies": {
    "@azure/msal-browser": "^5.14.0",
    "@azure/msal-react": "^5.4.5",
    "@ducanh2912/next-pwa": "^10.2.9",
    "@hello-pangea/dnd": "^18.0.1",
    "@microsoft/microsoft-graph-client": "^3.0.7",
    "@tanstack/react-virtual": "^3.14.2",
    "date-fns": "^4.4.0",
    "driver.js": "^1.4.0",
    "framer-motion": "^12.40.0",
    "google-auth-library": "^10.7.0",
    "idb-keyval": "^6.2.5",
    "jspdf": "^4.2.1",
    "jspdf-autotable": "^5.0.8",
    "lucide-react": "^1.17.0",
    "next": "^16.2.7",
    "next-auth": "^4.24.14",
    "next-themes": "^0.4.6",
    "react": "^19.2.7",
    "react-dom": "^19.2.7",
    "react-dropzone": "^15.0.0",
    "react-error-boundary": "^6.1.2",
    "react-hot-toast": "^2.6.0",
    "react-hotkeys-hook": "^5.3.2",
    "recharts": "^3.8.1",
    "swr": "^2.4.1",
    "zod": "^4.4.3",
    "zundo": "^2.3.0",
    "zustand": "^5.0.14",
    "firebase-frameworks": "^0.11.0",
    "firebase-functions": "^6.0.1",
    "firebase-admin": "^11.11.1"
  },
  "main": "server.js",
  "engines": {
    "node": "24"
  }
}
[debug] [2026-06-26T06:07:30.506Z] Building nodejs source
[info] i  functions: Loading and analyzing source code for codebase firebase-frameworks-cuadernofp to determine what to deploy 
[debug] [2026-06-26T06:07:30.507Z] Could not find functions.yaml. Must use http discovery
[debug] [2026-06-26T06:07:30.533Z] Found firebase-functions binary at 'C:\GD-rsp\APP\frontend\.firebase\cuadernofp\functions\node_modules\.bin\firebase-functions'
[info] Serving at port 8719

[debug] [2026-06-26T06:07:31.814Z] Got response from /__/functions.yaml {"endpoints":{"ssrcuadernofp":{"availableMemoryMb":null,"timeoutSeconds":null,"minInstances":null,"maxInstances":null,"ingressSettings":null,"concurrency":null,"serviceAccountEmail":null,"vpc":null,"platform":"gcfv2","region":["europe-west1"],"labels":{},"httpsTrigger":{},"entryPoint":"ssrcuadernofp"}},"specVersion":"v1alpha1","requiredAPIs":[],"extensions":{}}
[info] i  extensions: ensuring required API firebaseextensions.googleapis.com is enabled... 
[debug] [2026-06-26T06:07:35.876Z] No OAuth tokens found
[debug] [2026-06-26T06:07:35.876Z] >>> [apiv2][query] GET https://serviceusage.googleapis.com/v1/projects/cuadernofp/services/firebaseextensions.googleapis.com [none]
[debug] [2026-06-26T06:07:35.876Z] >>> [apiv2][(partial)header] GET https://serviceusage.googleapis.com/v1/projects/cuadernofp/services/firebaseextensions.googleapis.com  x-goog-user-project=cuadernofp
[debug] [2026-06-26T06:07:37.033Z] <<< [apiv2][status] GET https://serviceusage.googleapis.com/v1/projects/cuadernofp/services/firebaseextensions.googleapis.com 200
[debug] [2026-06-26T06:07:37.033Z] <<< [apiv2][body] GET https://serviceusage.googleapis.com/v1/projects/cuadernofp/services/firebaseextensions.googleapis.com [omitted]
[info] +  extensions: required API firebaseextensions.googleapis.com is enabled 
[debug] [2026-06-26T06:07:37.058Z] > command requires scopes: ["email","openid","https://www.googleapis.com/auth/cloudplatformprojects.readonly","https://www.googleapis.com/auth/firebase","https://www.googleapis.com/auth/cloud-platform"]
[debug] [2026-06-26T06:07:37.058Z] Running auto auth
[debug] [2026-06-26T06:07:37.058Z] [iam] checking project cuadernofp for permissions ["firebase.projects.get","firebaseextensions.instances.list"]
[debug] [2026-06-26T06:07:37.059Z] No OAuth tokens found
[debug] [2026-06-26T06:07:37.059Z] >>> [apiv2][query] POST https://cloudresourcemanager.googleapis.com/v1/projects/cuadernofp:testIamPermissions [none]
[debug] [2026-06-26T06:07:37.059Z] >>> [apiv2][(partial)header] POST https://cloudresourcemanager.googleapis.com/v1/projects/cuadernofp:testIamPermissions  x-goog-user-project=cuadernofp
[debug] [2026-06-26T06:07:37.059Z] >>> [apiv2][body] POST https://cloudresourcemanager.googleapis.com/v1/projects/cuadernofp:testIamPermissions {"permissions":["firebase.projects.get","firebaseextensions.instances.list"]}
[debug] [2026-06-26T06:07:38.105Z] <<< [apiv2][status] POST https://cloudresourcemanager.googleapis.com/v1/projects/cuadernofp:testIamPermissions 200
[debug] [2026-06-26T06:07:38.105Z] <<< [apiv2][body] POST https://cloudresourcemanager.googleapis.com/v1/projects/cuadernofp:testIamPermissions {"permissions":["firebase.projects.get","firebaseextensions.instances.list"]}
[debug] [2026-06-26T06:07:38.107Z] No OAuth tokens found
[debug] [2026-06-26T06:07:38.107Z] >>> [apiv2][query] GET https://firebaseextensions.googleapis.com/v1beta/projects/cuadernofp/instances pageSize=100&pageToken=
[debug] [2026-06-26T06:07:39.308Z] <<< [apiv2][status] GET https://firebaseextensions.googleapis.com/v1beta/projects/cuadernofp/instances 200
[debug] [2026-06-26T06:07:39.308Z] <<< [apiv2][body] GET https://firebaseextensions.googleapis.com/v1beta/projects/cuadernofp/instances {}
[info] i  functions: Loaded environment variables from .env. 
[info] i  functions: preparing .firebase\cuadernofp\functions directory for uploading... 
[info] i  functions: packaged C:\GD-rsp\APP\frontend\.firebase\cuadernofp\functions (2.42 GB) for uploading 
[info] i  functions: ensuring required API run.googleapis.com is enabled... 
[debug] [2026-06-26T06:10:04.402Z] No OAuth tokens found
[info] i  functions: ensuring required API eventarc.googleapis.com is enabled... 
[debug] [2026-06-26T06:10:04.403Z] No OAuth tokens found
[info] i  functions: ensuring required API pubsub.googleapis.com is enabled... 
[debug] [2026-06-26T06:10:04.404Z] No OAuth tokens found
[info] i  functions: ensuring required API storage.googleapis.com is enabled... 
[debug] [2026-06-26T06:10:04.405Z] No OAuth tokens found
[debug] [2026-06-26T06:10:04.405Z] >>> [apiv2][query] GET https://serviceusage.googleapis.com/v1/projects/215337606799/services/run.googleapis.com [none]
[debug] [2026-06-26T06:10:04.405Z] >>> [apiv2][(partial)header] GET https://serviceusage.googleapis.com/v1/projects/215337606799/services/run.googleapis.com  x-goog-user-project=215337606799
[debug] [2026-06-26T06:10:04.407Z] >>> [apiv2][query] GET https://serviceusage.googleapis.com/v1/projects/215337606799/services/eventarc.googleapis.com [none]
[debug] [2026-06-26T06:10:04.407Z] >>> [apiv2][(partial)header] GET https://serviceusage.googleapis.com/v1/projects/215337606799/services/eventarc.googleapis.com  x-goog-user-project=215337606799
[debug] [2026-06-26T06:10:04.408Z] >>> [apiv2][query] GET https://serviceusage.googleapis.com/v1/projects/215337606799/services/pubsub.googleapis.com [none]
[debug] [2026-06-26T06:10:04.408Z] >>> [apiv2][(partial)header] GET https://serviceusage.googleapis.com/v1/projects/215337606799/services/pubsub.googleapis.com  x-goog-user-project=215337606799
[debug] [2026-06-26T06:10:04.409Z] >>> [apiv2][query] GET https://serviceusage.googleapis.com/v1/projects/215337606799/services/storage.googleapis.com [none]
[debug] [2026-06-26T06:10:04.409Z] >>> [apiv2][(partial)header] GET https://serviceusage.googleapis.com/v1/projects/215337606799/services/storage.googleapis.com  x-goog-user-project=215337606799
[debug] [2026-06-26T06:10:05.289Z] <<< [apiv2][status] GET https://serviceusage.googleapis.com/v1/projects/215337606799/services/run.googleapis.com 200
[debug] [2026-06-26T06:10:05.289Z] <<< [apiv2][body] GET https://serviceusage.googleapis.com/v1/projects/215337606799/services/run.googleapis.com [omitted]
[info] +  functions: required API run.googleapis.com is enabled 
[debug] [2026-06-26T06:10:05.298Z] <<< [apiv2][status] GET https://serviceusage.googleapis.com/v1/projects/215337606799/services/eventarc.googleapis.com 200
[debug] [2026-06-26T06:10:05.298Z] <<< [apiv2][body] GET https://serviceusage.googleapis.com/v1/projects/215337606799/services/eventarc.googleapis.com [omitted]
[info] +  functions: required API eventarc.googleapis.com is enabled 
[debug] [2026-06-26T06:10:05.305Z] <<< [apiv2][status] GET https://serviceusage.googleapis.com/v1/projects/215337606799/services/pubsub.googleapis.com 200
[debug] [2026-06-26T06:10:05.305Z] <<< [apiv2][body] GET https://serviceusage.googleapis.com/v1/projects/215337606799/services/pubsub.googleapis.com [omitted]
[info] +  functions: required API pubsub.googleapis.com is enabled 
[debug] [2026-06-26T06:10:05.312Z] <<< [apiv2][status] GET https://serviceusage.googleapis.com/v1/projects/215337606799/services/storage.googleapis.com 200
[debug] [2026-06-26T06:10:05.312Z] <<< [apiv2][body] GET https://serviceusage.googleapis.com/v1/projects/215337606799/services/storage.googleapis.com [omitted]
[info] +  functions: required API storage.googleapis.com is enabled 
[info] i  functions: generating the service identity for pubsub.googleapis.com... 
[debug] [2026-06-26T06:10:05.323Z] No OAuth tokens found
[info] i  functions: generating the service identity for eventarc.googleapis.com... 
[debug] [2026-06-26T06:10:05.324Z] No OAuth tokens found
[debug] [2026-06-26T06:10:05.324Z] >>> [apiv2][query] POST https://serviceusage.googleapis.com/v1beta1/projects/215337606799/services/pubsub.googleapis.com:generateServiceIdentity [none]
[debug] [2026-06-26T06:10:05.324Z] >>> [apiv2][(partial)header] POST https://serviceusage.googleapis.com/v1beta1/projects/215337606799/services/pubsub.googleapis.com:generateServiceIdentity  x-goog-user-project=215337606799
[debug] [2026-06-26T06:10:05.324Z] >>> [apiv2][body] POST https://serviceusage.googleapis.com/v1beta1/projects/215337606799/services/pubsub.googleapis.com:generateServiceIdentity {}
[debug] [2026-06-26T06:10:05.325Z] >>> [apiv2][query] POST https://serviceusage.googleapis.com/v1beta1/projects/215337606799/services/eventarc.googleapis.com:generateServiceIdentity [none]
[debug] [2026-06-26T06:10:05.325Z] >>> [apiv2][(partial)header] POST https://serviceusage.googleapis.com/v1beta1/projects/215337606799/services/eventarc.googleapis.com:generateServiceIdentity  x-goog-user-project=215337606799
[debug] [2026-06-26T06:10:05.325Z] >>> [apiv2][body] POST https://serviceusage.googleapis.com/v1beta1/projects/215337606799/services/eventarc.googleapis.com:generateServiceIdentity {}
[debug] [2026-06-26T06:10:05.721Z] <<< [apiv2][status] POST https://serviceusage.googleapis.com/v1beta1/projects/215337606799/services/eventarc.googleapis.com:generateServiceIdentity 200
[debug] [2026-06-26T06:10:05.721Z] <<< [apiv2][body] POST https://serviceusage.googleapis.com/v1beta1/projects/215337606799/services/eventarc.googleapis.com:generateServiceIdentity {"name":"operations/finished.DONE_OPERATION","done":true,"response":{"@type":"type.googleapis.com/google.api.serviceusage.v1beta1.ServiceIdentity","email":"service-215337606799@gcp-sa-eventarc.iam.gserviceaccount.com","uniqueId":"109844252716158295525"}}
[debug] [2026-06-26T06:10:05.726Z] <<< [apiv2][status] POST https://serviceusage.googleapis.com/v1beta1/projects/215337606799/services/pubsub.googleapis.com:generateServiceIdentity 200
[debug] [2026-06-26T06:10:05.726Z] <<< [apiv2][body] POST https://serviceusage.googleapis.com/v1beta1/projects/215337606799/services/pubsub.googleapis.com:generateServiceIdentity {"name":"operations/finished.DONE_OPERATION","done":true,"response":{"@type":"type.googleapis.com/google.api.serviceusage.v1beta1.ServiceIdentity","email":"service-215337606799@gcp-sa-pubsub.iam.gserviceaccount.com","uniqueId":"102658608631896475081"}}
[debug] [2026-06-26T06:10:05.729Z] No OAuth tokens found
[debug] [2026-06-26T06:10:05.729Z] >>> [apiv2][query] GET https://cloudresourcemanager.googleapis.com/v1/projects/cuadernofp [none]
[debug] [2026-06-26T06:10:06.546Z] <<< [apiv2][status] GET https://cloudresourcemanager.googleapis.com/v1/projects/cuadernofp 200
[debug] [2026-06-26T06:10:06.546Z] <<< [apiv2][body] GET https://cloudresourcemanager.googleapis.com/v1/projects/cuadernofp {"projectNumber":"215337606799","projectId":"cuadernofp","lifecycleState":"ACTIVE","name":"CuadernoFP","labels":{"firebase":"enabled","firebase-core":"disabled"},"createTime":"2026-06-08T20:37:55.332Z","parent":{"type":"organization","id":"964862601457"}}
[debug] [2026-06-26T06:10:06.547Z] No OAuth tokens found
[debug] [2026-06-26T06:10:06.548Z] >>> [apiv2][query] GET https://compute.googleapis.com/compute/v1/projects/215337606799 [none]
[debug] [2026-06-26T06:10:07.058Z] <<< [apiv2][status] GET https://compute.googleapis.com/compute/v1/projects/215337606799 200
[debug] [2026-06-26T06:10:07.058Z] <<< [apiv2][body] GET https://compute.googleapis.com/compute/v1/projects/215337606799 {"kind":"compute#project","id":"6875839329315842971","creationTimestamp":"2026-06-10T23:28:04.591-07:00","name":"cuadernofp","commonInstanceMetadata":{"kind":"compute#metadata","fingerprint":"9ZObVmud7r4="},"quotas":[{"metric":"SNAPSHOTS","limit":1000,"usage":0},{"metric":"NETWORKS","limit":5,"usage":1},{"metric":"FIREWALLS","limit":100,"usage":4},{"metric":"IMAGES","limit":100,"usage":0},{"metric":"STATIC_ADDRESSES","limit":8,"usage":0},{"metric":"ROUTES","limit":200,"usage":0},{"metric":"FORWARDING_RULES","limit":15,"usage":0},{"metric":"TARGET_POOLS","limit":50,"usage":0},{"metric":"HEALTH_CHECKS","limit":75,"usage":0},{"metric":"IN_USE_ADDRESSES","limit":8,"usage":0},{"metric":"TARGET_INSTANCES","limit":50,"usage":0},{"metric":"TARGET_HTTP_PROXIES","limit":10,"usage":0},{"metric":"URL_MAPS","limit":10,"usage":0},{"metric":"BACKEND_SERVICES","limit":50,"usage":0},{"metric":"INSTANCE_TEMPLATES","limit":100,"usage":0},{"metric":"TARGET_VPN_GATEWAYS","limit":5,"usage":0},{"metric":"VPN_TUNNELS","limit":10,"usage":0},{"metric":"BACKEND_BUCKETS","limit":3,"usage":0},{"metric":"ROUTERS","limit":10,"usage":0},{"metric":"TARGET_SSL_PROXIES","limit":10,"usage":0},{"metric":"TARGET_HTTPS_PROXIES","limit":10,"usage":0},{"metric":"SSL_CERTIFICATES","limit":10,"usage":0},{"metric":"SUBNETWORKS","limit":100,"usage":0},{"metric":"TARGET_TCP_PROXIES","limit":10,"usage":0},{"metric":"CPUS_ALL_REGIONS","limit":32,"usage":0},{"metric":"SECURITY_POLICIES","limit":10,"usage":0},{"metric":"SECURITY_POLICY_RULES","limit":100,"usage":0},{"metric":"XPN_SERVICE_PROJECTS","limit":1000,"usage":0},{"metric":"PACKET_MIRRORINGS","limit":20,"usage":0},{"metric":"NETWORK_ENDPOINT_GROUPS","limit":100,"usage":0},{"metric":"INTERCONNECTS","limit":6,"usage":0},{"metric":"SSL_POLICIES","limit":10,"usage":0},{"metric":"GLOBAL_INTERNAL_ADDRESSES","limit":5000,"usage":0},{"metric":"VPN_GATEWAYS","limit":5,"usage":0},{"metric":"MACHINE_IMAGES","limit":100,"usage":0},{"metric":"SECURITY_POLICY_CEVAL_RULES","limit":20,"usage":0},{"metric":"GPUS_ALL_REGIONS","limit":0,"usage":0},{"metric":"EXTERNAL_VPN_GATEWAYS","limit":5,"usage":0},{"metric":"PUBLIC_ADVERTISED_PREFIXES","limit":1,"usage":0},{"metric":"PUBLIC_DELEGATED_PREFIXES","limit":10,"usage":0},{"metric":"STATIC_BYOIP_ADDRESSES","limit":128,"usage":0},{"metric":"NETWORK_FIREWALL_POLICIES","limit":10,"usage":0},{"metric":"INTERNAL_TRAFFIC_DIRECTOR_FORWARDING_RULES","limit":15,"usage":0},{"metric":"GLOBAL_EXTERNAL_MANAGED_FORWARDING_RULES","limit":15,"usage":0},{"metric":"GLOBAL_INTERNAL_MANAGED_BACKEND_SERVICES","limit":50,"usage":0},{"metric":"GLOBAL_EXTERNAL_MANAGED_BACKEND_SERVICES","limit":50,"usage":0},{"metric":"GLOBAL_EXTERNAL_PROXY_LB_BACKEND_SERVICES","limit":50,"usage":0},{"metric":"GLOBAL_INTERNAL_TRAFFIC_DIRECTOR_BACKEND_SERVICES","limit":250,"usage":0}],"selfLink":"https://www.googleapis.com/compute/v1/projects/cuadernofp","defaultServiceAccount":"215337606799-compute@developer.gserviceaccount.com","xpnProjectStatus":"UNSPECIFIED_XPN_PROJECT_STATUS","defaultNetworkTier":"PREMIUM","vmDnsSetting":"ZONAL_ONLY","cloudArmorTier":"CA_STANDARD"}
[debug] [2026-06-26T06:10:07.060Z] No OAuth tokens found
[debug] [2026-06-26T06:10:07.060Z] >>> [apiv2][query] GET https://firebasehosting.googleapis.com/v1beta1/projects/cuadernofp/sites/cuadernofp [none]
[debug] [2026-06-26T06:10:08.334Z] <<< [apiv2][status] GET https://firebasehosting.googleapis.com/v1beta1/projects/cuadernofp/sites/cuadernofp 200
[debug] [2026-06-26T06:10:08.334Z] <<< [apiv2][body] GET https://firebasehosting.googleapis.com/v1beta1/projects/cuadernofp/sites/cuadernofp {"name":"projects/cuadernofp/sites/cuadernofp","defaultUrl":"https://cuadernofp.web.app","type":"DEFAULT_SITE"}
[debug] [2026-06-26T06:10:08.356Z] No OAuth tokens found
[debug] [2026-06-26T06:10:08.356Z] >>> [apiv2][query] POST https://firebasehosting.googleapis.com/v1beta1/projects/-/sites/cuadernofp/versions [none]
[debug] [2026-06-26T06:10:08.356Z] >>> [apiv2][body] POST https://firebasehosting.googleapis.com/v1beta1/projects/-/sites/cuadernofp/versions {"status":"CREATED","labels":{"deployment-tool":"cli-firebase","firebase-web-framework":"next_ssr"}}
[debug] [2026-06-26T06:10:10.278Z] <<< [apiv2][status] POST https://firebasehosting.googleapis.com/v1beta1/projects/-/sites/cuadernofp/versions 200
[debug] [2026-06-26T06:10:10.278Z] <<< [apiv2][body] POST https://firebasehosting.googleapis.com/v1beta1/projects/-/sites/cuadernofp/versions {"name":"projects/215337606799/sites/cuadernofp/versions/64e609dee986553f","status":"CREATED","config":{},"labels":{"firebase-web-framework":"next_ssr","deployment-tool":"cli-firebase"}}
[debug] [2026-06-26T06:10:10.280Z] No OAuth tokens found
[debug] [2026-06-26T06:10:10.280Z] >>> [apiv2][query] GET https://cloudbilling.googleapis.com/v1/projects/cuadernofp/billingInfo [none]
[debug] [2026-06-26T06:10:10.731Z] <<< [apiv2][status] GET https://cloudbilling.googleapis.com/v1/projects/cuadernofp/billingInfo 200
[debug] [2026-06-26T06:10:10.732Z] <<< [apiv2][body] GET https://cloudbilling.googleapis.com/v1/projects/cuadernofp/billingInfo {"name":"projects/cuadernofp/billingInfo","projectId":"cuadernofp","billingAccountName":"billingAccounts/011BCF-720A2F-87A959","billingEnabled":true}
[debug] [2026-06-26T06:10:10.734Z] No OAuth tokens found
[debug] [2026-06-26T06:10:10.734Z] >>> [apiv2][query] POST https://cloudfunctions.googleapis.com/v2/projects/cuadernofp/locations/europe-west1/functions:generateUploadUrl [none]
[debug] [2026-06-26T06:10:11.071Z] <<< [apiv2][status] POST https://cloudfunctions.googleapis.com/v2/projects/cuadernofp/locations/europe-west1/functions:generateUploadUrl 200
[debug] [2026-06-26T06:10:11.071Z] <<< [apiv2][body] POST https://cloudfunctions.googleapis.com/v2/projects/cuadernofp/locations/europe-west1/functions:generateUploadUrl {"uploadUrl":"https://storage.googleapis.com/gcf-v2-uploads-215337606799.europe-west1.cloudfunctions.appspot.com/36b50dc1-bbde-49e8-8132-360a653a993e.zip?GoogleAccessId=service-215337606799@gcf-admin-robot.iam.gserviceaccount.com&Expires=1782456011&Signature=L6gC%2F0ASPUONJZ0e5JuImJGOuRYF9YIE%2FuzYUTxSMYuJCGnAipedniA%2FaSPQFvGbWeJEYIX2Tvc6UJ9dVrbuPXEJVwcTEO0IdKAW%2FyLKxsX%2Fpoi0DDIPvIx5jHhA46trKj6ZhH9%2Fvgrt9cxjKkZt7giS74EU2GqYa87YkoGlIsyPEnNEbrwDvqUU2z7kUgMZsRlbkayCn5WJlWGzSphX38yWvIaW1M4ZPsV8JbFwQG%2FjXakOyQA9pG%2FZsfnPgssjA1C%2FeFj9eB5%2BOc8egm40rmWAE8xYkVgqgMhg8ZLdJyPy6RpF%2FRUzTMBTDrjBF6ZyLW9XaUcFY82hN2s%2BLfHalg%3D%3D","storageSource":{"bucket":"gcf-v2-uploads-215337606799.europe-west1.cloudfunctions.appspot.com","object":"36b50dc1-bbde-49e8-8132-360a653a993e.zip"}}
[debug] [2026-06-26T06:10:11.073Z] >>> [apiv2][query] PUT https://storage.googleapis.com/gcf-v2-uploads-215337606799.europe-west1.cloudfunctions.appspot.com/36b50dc1-bbde-49e8-8132-360a653a993e.zip GoogleAccessId=service-215337606799%40gcf-admin-robot.iam.gserviceaccount.com&Expires=1782456011&Signature=L6gC%2F0ASPUONJZ0e5JuImJGOuRYF9YIE%2FuzYUTxSMYuJCGnAipedniA%2FaSPQFvGbWeJEYIX2Tvc6UJ9dVrbuPXEJVwcTEO0IdKAW%2FyLKxsX%2Fpoi0DDIPvIx5jHhA46trKj6ZhH9%2Fvgrt9cxjKkZt7giS74EU2GqYa87YkoGlIsyPEnNEbrwDvqUU2z7kUgMZsRlbkayCn5WJlWGzSphX38yWvIaW1M4ZPsV8JbFwQG%2FjXakOyQA9pG%2FZsfnPgssjA1C%2FeFj9eB5%2BOc8egm40rmWAE8xYkVgqgMhg8ZLdJyPy6RpF%2FRUzTMBTDrjBF6ZyLW9XaUcFY82hN2s%2BLfHalg%3D%3D
[debug] [2026-06-26T06:10:11.073Z] >>> [apiv2][body] PUT https://storage.googleapis.com/gcf-v2-uploads-215337606799.europe-west1.cloudfunctions.appspot.com/36b50dc1-bbde-49e8-8132-360a653a993e.zip [stream]
[debug] [2026-06-26T06:10:58.713Z] <<< [apiv2][status] PUT https://storage.googleapis.com/gcf-v2-uploads-215337606799.europe-west1.cloudfunctions.appspot.com/36b50dc1-bbde-49e8-8132-360a653a993e.zip 200
[debug] [2026-06-26T06:10:58.713Z] <<< [apiv2][body] PUT https://storage.googleapis.com/gcf-v2-uploads-215337606799.europe-west1.cloudfunctions.appspot.com/36b50dc1-bbde-49e8-8132-360a653a993e.zip [omitted]
[info] +  functions: .firebase\cuadernofp\functions source uploaded successfully 
[info] i  hosting[cuadernofp]: beginning deploy... 
[info] i  hosting[cuadernofp]: found 130 files in .firebase\cuadernofp\hosting 
[debug] [2026-06-26T06:10:58.762Z] [hosting] uploading with 200 concurrency
[debug] [2026-06-26T06:10:58.777Z] [hosting] hash cache [LmZpcmViYXNlXGN1YWRlcm5vZnBcaG9zdGluZw] not populated
[debug] [2026-06-26T06:10:58.882Z] No OAuth tokens found
[debug] [2026-06-26T06:10:58.885Z] [hosting] hash cache [LmZpcmViYXNlXGN1YWRlcm5vZnBcaG9zdGluZw] stored for 130 files
[debug] [2026-06-26T06:10:58.885Z] [hosting][hash queue][FINAL] {"max":93,"min":16,"avg":31.076923076923073,"active":0,"complete":130,"success":130,"errored":0,"retried":0,"total":130,"elapsed":108}
[debug] [2026-06-26T06:10:58.885Z] >>> [apiv2][query] POST https://firebasehosting.googleapis.com/v1beta1/projects/215337606799/sites/cuadernofp/versions/64e609dee986553f:populateFiles [none]
[debug] [2026-06-26T06:10:58.885Z] >>> [apiv2][body] POST https://firebasehosting.googleapis.com/v1beta1/projects/215337606799/sites/cuadernofp/versions/64e609dee986553f:populateFiles {"files":{"/window.svg":"6bd2003bd35bb32c1c0d99ab3aeac0cc1edaefd79f27df1d954bc87184048d74","/vercel.svg":"529a1a21b4a82475a82db26173c28d7b27e2dc9d4b900eaf1c5329d96eea4ddd","/_global-error.html":"968339ffc0e912c065d15dba8eb78c84ba0707885e0aaf0cd5b43bcf17a47b64","/_not-found.html":"6e78a4f80e52ba7044b98ef3e92000cdad40b90df7af4d54181c8c7c81caf17c","/seguimiento.html":"dfe7a25b051af534b8aeccbd4ed0f922110dbfd01f966d4f03daf34108f8d265","/next.svg":"0665b9ab4493aa9d7e988b57024e28772ae543e804b8cf6b0a3633854b7c3c7f","/progreso.html":"eda511874108926f3d5af6302c2b4b90226bb9ff8232b3e0cd50a970bcbc2184","/matrices.html":"1525e18f437e7413f4beb403869372f9df3a939dc0d6664bcd94baac15f5e5f7","/programacion.html":"8f8427afe65ef1e4af8fc4ada21c0e11f142ce43514c0aa411aef201d8158622","/manifest.json":"cf3f63cec72eabb69d39f5580ca15e352b351649c13d7b856eaeeba94ec16c48","/mejora.html":"2015c427ef7f96a7cd85f7d4c61c7574d52f648fd50f03bc755c71abbfbe1826","/instrumentos.html":"ae8ca3c39e23852aad5bdfd751c09efeb6289a419a833d6f0f31bb6192c22014","/modulo.html":"67b3659bf2c820f570d61c82d065c46d4372d08ba8e7c28108f28cbb171596fa","/legal.html":"41f03b3ed21c241e1596312ff700926c9e0d6653cced648323d982d975a41a71","/index.html":"ce8531c9501b538bca345d1e7f06115d31b665e227f8ab22baf50738a4ec0508","/internacionalizacion.html":"5f4b4e48b3c471765e85a75ec7341647fbf3e425c8527489feb096293b9d980f","/file.svg":"5a09df6187e21aa9a7d05094389385876ac93c818e1dcbb77a26a8fe408bf79c","/globe.svg":"6502a3e6120bf2d6e8417e7c40bb57fb8a6954de9c86d3f43076a75b60cd23a2","/inicio.html":"60cde1b1c19653086a792b38b1f459937377eb41f942127b2261fa983742c2c9","/insercion.html":"80b5458dedf4d7ed191f57c1a587e662b367fab492b85edfed1347cc1218d78c","/innovacion.html":"9d0cf559b30f9eedfec954ab5ff7bc706116e56e23c9df47a9d7c7ae0b8f9ffd","/feoe.html":"5c2ffe4fda1fb71b7d06f95aa97015ebca55803bd24a7b0749ac254e3502c9f0","/familias.html":"1bbe05d312f0abd105fce3e7c5c7c79b93f05254cffc99e371a87efe4acd4c39","/descargas.html":"d480f084612601f0ca7f2a06a009a12c8272c83ef588970008d00cfa6e3c8c5f","/documentos.html":"19121e4f5bc134c16c7b9dba518c869ca981f91e5e6f9d5a9e177ce796710776","/catalogo.html":"5e6f6f604be813f926a942b344ced8dc023c8edac8e3cf64615bf41f1bf7bd6b","/favicon.ico":"36eaaa9259cda5765c4061fa8b7bf61c74dbda3a2a721a0811c73f5dae61a2e9","/asignaciones.html":"855240ee1df6a693784d7a1501d9035b0a952bf16834bbe791e33f41ee54bd28","/calendario.html":"07e697c22a086a71acf2651ad1950496ffc55b2cc25ff33ba5040fbdb2068df1","/alumnado.html":"e8c78e86ade408326ffe00dd6008060ec9495bdf1d72d85a52f4ecf971adfc63","/_next/static/SNmlnflQfDyWpjr5MZbh1/_ssgManifest.js":"dc28a4dc92fe352ed5d2201bd3972ce47691bc8e89e0400a68d1541d0567c6d5","/_next/static/SNmlnflQfDyWpjr5MZbh1/_clientMiddlewareManifest.js":"5e57f6166b702492ab9551af57e4546546c184673a4c0432f73b96f62820f7eb","/404.html":"6e78a4f80e52ba7044b98ef3e92000cdad40b90df7af4d54181c8c7c81caf17c","/calidad.html":"d0fae74d56f136ed2d3d476740edaee464c7f46fb6e5e90cdfc825fe43eccc4f","/_next/static/SNmlnflQfDyWpjr5MZbh1/_buildManifest.js":"c4d5898dd46d31fc11a1d68f39b5350a8f806128110b6b765e1b7a64d3bc8e92","/500.html":"968339ffc0e912c065d15dba8eb78c84ba0707885e0aaf0cd5b43bcf17a47b64","/_next/static/media/b2ea385cb5ae8625-s.1spbknb88wd48.woff2":"a81553c4ea0558378e75e966d0325a9ca24857b2438519f22a185a38d56ad767","/acreditacion.html":"b22f745eb24472e6db6b9943c8ddf07f34fdb7d5c7a66701d5c72ce009391d28","/agenda.html":"27e850797d4893bc0c48d32c31403b35f435a08af06e3f1f39d8ffd12d62e2da","/_next/static/chunks/turbopack-2l8d4-r-saq4d.js":"9e9f6cdd47517281ea2412077771240da1b6f7d90fdd72bf67a5fe5724542384","/_next/static/chunks/43tas-80-bu71.js":"666bd6dda8b7f0da62b12fa3b46151c5a79f59c339e0b21fed89ce7c9b10fe36","/_next/static/media/favicon.2vob68tjqpejf.ico":"36eaaa9259cda5765c4061fa8b7bf61c74dbda3a2a721a0811c73f5dae61a2e9","/profesorado.html":"339a60179c4acb95f3341b58041ee84461cdf692c62a480411ec1f29127ce202","/indicadores.html":"9c335f9e58d8b4c9eb1ffcde32ef4ba7d8910461834f29eb17fc98a6be237ecb","/archivos.html":"f510398aceaec2066433230df884649ce150de70aecbbbb56fc47e1d8e7d63b6","/ayuda.html":"d4fa927866df239e1d8a21fbc53b88c586464f46a3c5af23d6dc1ea0b2d0179c","/_next/static/media/1b99372b3eaef0c8-s.p.1gsd1jahc5dg_.woff2":"287b5a060992f578c9daabe4bcc5d3c78602727d2e6bd2377aea499fa9685666","/_next/static/chunks/3y7dyypv6lfy7.js":"f407b100a0af84d148a7f2a24bdb73497779e407a251cba1c94799566dd7954d","/_next/static/chunks/41tuk253_yqyv.css":"c48db4f90aac564a762e7cbacb2abbce349e6797909ffdd3ef6cf8ce908f216d","/_next/static/chunks/3xiizdxolv0e8.js":"f86ada64b49b5d9c473f71a6b8d11ba1c34f843b719e7c6c2110cd850c4fb12e","/_next/static/chunks/3sx9s_48fgz-0.js":"fd82bcc080f11400d5f8913c497512a45e6025729bc0bf14f6cbaa4f92af993e","/_next/static/chunks/3rl6y2r0l5htl.js":"3a41668c87d198b31c911255e296c319ef27c07d14edafd01da405ff94772c33","/_next/static/chunks/3wmpt2qdn3247.js":"4fd9a4cfaf31f539e9ab2e0b3e2df5651ddd0cf21ec7ad9f93b61dac304962ac","/_next/static/chunks/3s3c7kybj0k3n.js":"d63f3cb285d82f8ef1723638d2e0840190864a7b901e57cafb8d66684a8c40af","/_next/static/chunks/3qzfhkyds379l.js":"9bc51499d5e614fd8e5dc35c1a960dbe7be9f64d4dc341d52bfdc51661b49e66","/_next/static/chunks/3n8skfw_amgbs.js":"73fc1673c9018c866dc25e4efa1e3c4d050cd62e6f68a9e5ca339e0f25d47222","/_next/static/chunks/3o_2xo6i_iwsf.js":"c26033e516714afff0cb555515a53141196458314c54344b34bd5c260f63f025","/_next/static/chunks/3op0q-xik73_2.js":"847f5d61d3f9bcd1c561957b04a7ce11c7e3e0e8062f8788e590476cc4d7f1f0","/_next/static/chunks/3dzord3akzmoa.js":"fee787144f579ff926fe5910f5d5a25a16b4f431b44ca555c20ee97124fc3892","/_next/static/chunks/3jivc6454gfa-.js":"1011b17b7044aa2154b362ed24dd2a7b01d8f54b81671b0811b8ae0e9d2cab2f","/_next/static/chunks/3ar_hlev26wls.js":"39d0f9e23f62714fd67a5ce73a6c73d058143ba1e1df13c1f944e16d7d339f99","/_next/static/chunks/33gkbahf5uqmy.js":"3d40766a5794bec169a0ac09483ccb615a528680ec3930b4c21388413bef1d20","/_next/static/chunks/39831_mkvb0eu.js":"d8f8acb5a01fdb0a1111c3aaaea0f67220b3d4124228c77cef7b6f52ae5776d2","/_next/static/chunks/31ktcq1ufpqgt.js":"cca018207bc4ac5b17a0720898b36a18553bc0afea7951a22c7033e671a9a472","/_next/static/chunks/30pdp7l8_z8-v.js":"e872313cfd3aac76b6d284222a4111a8cac5f75bab072e8fbe8bc0dd73c40978","/_next/static/chunks/2xtxk48p-7-3k.js":"cb34b67f495b25b248dd0100d3c29eec71787bcfa9a0509c465ef6fce35d7857","/_next/static/chunks/37ndj0f76zs74.js":"e180cdb6192269c242f134ceb7724d5d7abd2b4a04846bddbdf4e6c924230464","/_next/static/chunks/2xas33pxa08ab.js":"b3ffcbf1340637166345c596160bea5dfa77ff510ec9b8a2d22e92b9673992cf","/_next/static/chunks/2tiryu06njjdk.js":"ea0d16a6b4d6aaeccbb07fddf39420575c9bc23e21530ec6906bee993cce1d9b","/_next/static/chunks/2onpd_vgg_6tt.js":"cc214b3c712025e00a07c595aae9523f4479f5687598d107e341e6e3eac06fea","/_next/static/chunks/2uvhjlt25i7dd.js":"a60a52047d2ce2c36264d371358fbff037f5da285aa8426220a208c118aed107","/_next/static/chunks/2lssh1u249l4n.js":"07949c4edf7740af29c834cde8371841ff7694d1343a9474a1735109b77f4aca","/_next/static/chunks/2j7h809txpqzx.js":"b2b9733de4bf92bb38ae14b56b57285fc34e790c11f97e859ec7ad59d1656985","/_next/static/chunks/1w_h8fie7h23l.js":"286a6121b44189a62fad1874add67c778d6e383626f6f4c3f3b63f717d1c27e6","/_next/static/chunks/2i-iv2kl66m7r.js":"a6e501d3e24eae28183fd350899bed58cc365833c503c1e409c72230ffa8b063","/_next/static/chunks/1v790dhmrampg.js":"d3aa643f53099b55dd500b27fd67147c5cdf382c85506151fbd49fc73fc72da7","/_next/static/chunks/1uio1wa0os5xu.js":"2476d52e2e2f6bac8948556adc4421546d84c0f9066f43deecb3e49f798901b0","/_next/static/chunks/3mds-4bvpeh6i.js":"5f944623bf4ab2b2967cb7a2ff367310b95a264441e567e508beb299663fe4b8","/_next/static/chunks/1t_v0o216k6iv.js":"587557a19b0809b1a2d65d86124742296f3c622d627759f06569ced1ca85e0fa","/_next/static/chunks/1sm58nt4u6qic.js":"cd96567a4c627acbdabd6e2fbba58c9d0e5f36cddbeb010125baa9249846ef01","/_next/static/chunks/1t9lpez23yhq5.js":"9b6aa298ff4e0f723a749bf0df49a5b7728456a33b3f3d713f26e7295875309a","/_next/static/chunks/23s35w59qyn9l.js":"f66af73fb512efb95fa53174eeec05e551b950ce4027816c28da2c219317d85d","/_next/static/chunks/42fixa2fuwzi5.js":"e3d338abc5db7d975faf3325bce1461e74a8314cfef1025ca9c207a07bbab3cc","/_next/static/chunks/1qfxfezn_dbtl.js":"2883bdb4b0fd97ff41d207031b99a0592663911480d69df4805531fffa63233f","/_next/static/chunks/43d36gkhzday2.js":"8c0863ef76c03096b6f9294b47accb983aecc72a80873f5bcdb897326fce64d3","/_next/static/chunks/33p-ezj89rqrh.js":"845260eebd08337f0139481d3e09c6a0f667de434bb6b3c30461911d57a71bf8","/_next/static/chunks/2wvew3n2nb4ce.js":"48514610f14748d01c845cd74532dea5c90516c7e0fff88c5462de243ed96d06","/_next/static/chunks/2jb527ngubfy-.css":"d334956687aa57a06579be18a944983e4ecc96d4a8125728799869944c306b1e","/_next/static/chunks/1gek0hrzfow0c.js":"e0da2b31b567ee8563408335cf503a8da0188a655e112bef602a7e68655475ba","/_next/static/chunks/1k8eqj6t72bk2.js":"1a024a4fff928f8c7412ce1de087e7ddd9e19b2c9d314e066f2e866bc344aa45","/_next/static/chunks/1nlo3m-1525di.js":"4aa37ae0b2214ac0abcc5e19302227551e789b587cc15716e68d6084c4ba7c9d","/_next/static/chunks/1kp0woys72bqh.js":"fc3e1df4a4eff612272f762122ffe281cf5032dc09331aa131d49ec52a4f6461","/_next/static/chunks/148tn67rectac.js":"deb83ea9cada43eb591dfbeef0029a5f02aad3946c15b72f98747e23e55a2ab2","/_next/static/chunks/1g_-xt7hc7pos.js":"d63b2b8103b20987bd9b26be6eff020adbefdbd639a6fecbf1bd3225e355dd18","/_next/static/chunks/1-8s9_t85wwr4.js":"96b879118c6d6501b9644f68e6fb98d6beec93048709b3fd1239d77f9c8a9dac","/_next/static/chunks/0z8m44hezwode.js":"59544e8285c97e399ba03ae96577b942d87a35cb465580a59fdf79b484fc4ed4","/_next/static/chunks/124-tho-dsneg.js":"bbd5f69b63d63d6f3f1fca949029bc7d1279157c7f61a3b596dd17d613dca517","/_next/static/chunks/0yzeh47ry32dd.js":"66128945925cd71decbe66704bda532fd3648712a1bd8aa8c09060a311781510","/_next/static/chunks/14gismahuhpjb.js":"a23729440e61f4277be5f5bb57839a0464abbed8512795f8a120582435c972b8","/_next/static/chunks/0ypyh-7y4eh2r.js":"59b17e9f6b777eb1217c43f407daf5d79f5f6727fce07082b7475bd9d99e5fc3","/_next/static/chunks/0vn1r87c6cyyh.js":"970c7e0c54a0c477d968c89b79e432514cac0b074eae79a2f70ae68b1c6f9088","/_next/static/chunks/0str38lzruzsf.js":"18f27b883600ac78dc07ca80c66c34c7fd26119a084a80c8ea2d0bbbd501fae5","/_next/static/chunks/0qfa62r-rb447.js":"562b73d625c204825c52a0e9d9e6e3732ed8a586b707d51d0dd60a04683f1db7","/_next/static/chunks/0tbdxjow7nmzl.js":"c782ce6db148d75242985ccd95f7e8bcb3c9245faa3c6ae19fd27ce0f7ccfb50","/_next/static/chunks/0qmyo52as97el.js":"fc1375fa43ff40975c3894672fd9a3e61d947ca96651644868d6cc9db7c4693c","/_next/static/chunks/0oce1xqm505x-.js":"edd0994733ea43e7e792b86c0c6ca27782d5272b59b73dc619fdcd421d118f45","/_next/static/chunks/0iafmy8h1zrhl.js":"8d10bcc51ef2dd3f726ff33e841edaafce3709174d91de887fe01303272a9aa8","/_next/static/chunks/0ebf9bex7s4i9.js":"41d594cea78dfbd4ad068f92f7f23fce490e2a901793a17ff4d3514fa7c3941b","/_next/static/chunks/0e5s8ytncg69r.js":"fa335cd476450667fa561102543076eac227772ca1daa1fd6e39cb190452b9d6","/_next/static/chunks/3-1ayqspwsmt3.js":"8b2602c2d0dd1605b6064dbd90b1f9804f6e6ba5251b07c4f1049e279cd49395","/_next/static/chunks/0a3ftvp773xb5.js":"023a62b42b24b094f07f3ea12e716e3b37c95122f99b4ff32147129d90d1a8ee","/_next/static/chunks/072x86z69qhiy.js":"7df9d916b6092297d1ff474ad12fabd1944dad756c59e47d40393156d6e71327","/_next/static/chunks/0ax465nvnziok.js":"481fcd651a185cc1796ba25ce5a77e6a295f8478816921a17b59b270f93b5145","/_next/static/chunks/05-c3ty_6dwfk.js":"713a16172228e978ae302281c6866c5f8020fafd75b833b2184962f8bb8d2123","/_next/static/chunks/01stezq5b9bg7.js":"d6ab3712b8be65e5011eb4c03a2f1d4e618058f81249827f7efc4cb92176f91e","/_next/static/chunks/01nbx738lr_n8.js":"56e5041654c31c80c35db88399d488a6d92a166c3bcc34f5b3e19ed3a8016316","/_next/static/chunks/00yql0qlkhnil.js":"094dacec4e5c8e7d72b947a8cae7f71b39bd93322563d6fa17600f7b9f3597d4","/_next/static/chunks/1wrp5tpvno1kt.js":"45f063ad1de78144955b1917d0a0da5343f88e8d1eb6d2c3acaa152a910ec9cc","/_next/static/chunks/16sz9v_0i6jya.js":"635968c04eecadd135bd48179ca157026c55d690cdbc695ea14347fa737880f4","/_next/static/chunks/0cz1d0mv5g_q7.js":"18e28d3214eda45048d80d3925ea7627b809e69ad2e95f7f98459e9146a61c3d","/_next/static/chunks/0yw4ke23oz-8r.js":"c1b7379e0e23586ac23a9c217db886f0d8d82be946fff06856f96b83a4bfeab7","/_next/static/chunks/1uuh2huh3s4lr.js":"ebcf6449e867e4412d8d960aae239e7ab01b618a3d0e6da476474a70746a4060","/_next/static/chunks/2i323ct23svfx.js":"edc11f642043808eab2cf925845743c27c683734f0075e81a79e843a1b2d6706","/_next/static/chunks/3jaq_1saffs4g.js":"268dcdaa9f878af01323f7ed9f8f143cef0b03d66271b0529b196fda7bc5cd90","/_next/static/chunks/00acxg-pkbbe6.js":"83a1e17e6d4fd43c205386f52f2f0a9fdd7d268e7cff8ec31e261d7ef86f4c1a","/_next/static/chunks/3sntl4ffz44kz.js":"441acf5f2d6952c1d634158847a67f5b0e5936638d2bf851e88a86b209c3f1cf","/_next/static/chunks/3bfti2a0odfw0.js":"915c8e618c7810ae0fd8f714e1c07daeed583160d77bd5d9a7f656ac7a68dd45","/icon-512x512.png":"94f87355947e5027dbdc7a09a349b8bc580aee4e48a66b82a18349c9fd3485e5","/icon-192x192.png":"94f87355947e5027dbdc7a09a349b8bc580aee4e48a66b82a18349c9fd3485e5","/_next/static/chunks/0hhmq7w2lek5k.js":"fdadf1660b9d9fc794d7bb7cf1d5f40965c17ecff32beca037147938433ea076"}}
[info] i  hosting: adding files to version [0/130] (0%) 
[debug] [2026-06-26T06:11:02.481Z] <<< [apiv2][status] POST https://firebasehosting.googleapis.com/v1beta1/projects/215337606799/sites/cuadernofp/versions/64e609dee986553f:populateFiles 200
[debug] [2026-06-26T06:11:02.481Z] <<< [apiv2][body] POST https://firebasehosting.googleapis.com/v1beta1/projects/215337606799/sites/cuadernofp/versions/64e609dee986553f:populateFiles {"uploadRequiredHashes":["4aa37ae0b2214ac0abcc5e19302227551e789b587cc15716e68d6084c4ba7c9d","5f4b4e48b3c471765e85a75ec7341647fbf3e425c8527489feb096293b9d980f","023a62b42b24b094f07f3ea12e716e3b37c95122f99b4ff32147129d90d1a8ee","635968c04eecadd135bd48179ca157026c55d690cdbc695ea14347fa737880f4","094dacec4e5c8e7d72b947a8cae7f71b39bd93322563d6fa17600f7b9f3597d4","59544e8285c97e399ba03ae96577b942d87a35cb465580a59fdf79b484fc4ed4","3d40766a5794bec169a0ac09483ccb615a528680ec3930b4c21388413bef1d20","5f944623bf4ab2b2967cb7a2ff367310b95a264441e567e508beb299663fe4b8","83a1e17e6d4fd43c205386f52f2f0a9fdd7d268e7cff8ec31e261d7ef86f4c1a","cca018207bc4ac5b17a0720898b36a18553bc0afea7951a22c7033e671a9a472","ce8531c9501b538bca345d1e7f06115d31b665e227f8ab22baf50738a4ec0508","9d0cf559b30f9eedfec954ab5ff7bc706116e56e23c9df47a9d7c7ae0b8f9ffd","e872313cfd3aac76b6d284222a4111a8cac5f75bab072e8fbe8bc0dd73c40978","2883bdb4b0fd97ff41d207031b99a0592663911480d69df4805531fffa63233f","66128945925cd71decbe66704bda532fd3648712a1bd8aa8c09060a311781510","edd0994733ea43e7e792b86c0c6ca27782d5272b59b73dc619fdcd421d118f45","a6e501d3e24eae28183fd350899bed58cc365833c503c1e409c72230ffa8b063","56e5041654c31c80c35db88399d488a6d92a166c3bcc34f5b3e19ed3a8016316","d0fae74d56f136ed2d3d476740edaee464c7f46fb6e5e90cdfc825fe43eccc4f","8d10bcc51ef2dd3f726ff33e841edaafce3709174d91de887fe01303272a9aa8","07949c4edf7740af29c834cde8371841ff7694d1343a9474a1735109b77f4aca","587557a19b0809b1a2d65d86124742296f3c622d627759f06569ced1ca85e0fa","e180cdb6192269c242f134ceb7724d5d7abd2b4a04846bddbdf4e6c924230464","268dcdaa9f878af01323f7ed9f8f143cef0b03d66271b0529b196fda7bc5cd90","e3d338abc5db7d975faf3325bce1461e74a8314cfef1025ca9c207a07bbab3cc","a23729440e61f4277be5f5bb57839a0464abbed8512795f8a120582435c972b8","d3aa643f53099b55dd500b27fd67147c5cdf382c85506151fbd49fc73fc72da7","562b73d625c204825c52a0e9d9e6e3732ed8a586b707d51d0dd60a04683f1db7","fc1375fa43ff40975c3894672fd9a3e61d947ca96651644868d6cc9db7c4693c","19121e4f5bc134c16c7b9dba518c869ca981f91e5e6f9d5a9e177ce796710776","f66af73fb512efb95fa53174eeec05e551b950ce4027816c28da2c219317d85d","9c335f9e58d8b4c9eb1ffcde32ef4ba7d8910461834f29eb17fc98a6be237ecb","39d0f9e23f62714fd67a5ce73a6c73d058143ba1e1df13c1f944e16d7d339f99","41f03b3ed21c241e1596312ff700926c9e0d6653cced648323d982d975a41a71","d63b2b8103b20987bd9b26be6eff020adbefdbd639a6fecbf1bd3225e355dd18","f510398aceaec2066433230df884649ce150de70aecbbbb56fc47e1d8e7d63b6","73fc1673c9018c866dc25e4efa1e3c4d050cd62e6f68a9e5ca339e0f25d47222","41d594cea78dfbd4ad068f92f7f23fce490e2a901793a17ff4d3514fa7c3941b","ae8ca3c39e23852aad5bdfd751c09efeb6289a419a833d6f0f31bb6192c22014","339a60179c4acb95f3341b58041ee84461cdf692c62a480411ec1f29127ce202","1bbe05d312f0abd105fce3e7c5c7c79b93f05254cffc99e371a87efe4acd4c39","67b3659bf2c820f570d61c82d065c46d4372d08ba8e7c28108f28cbb171596fa","8c0863ef76c03096b6f9294b47accb983aecc72a80873f5bcdb897326fce64d3","915c8e618c7810ae0fd8f714e1c07daeed583160d77bd5d9a7f656ac7a68dd45","1525e18f437e7413f4beb403869372f9df3a939dc0d6664bcd94baac15f5e5f7","d480f084612601f0ca7f2a06a009a12c8272c83ef588970008d00cfa6e3c8c5f","3a41668c87d198b31c911255e296c319ef27c07d14edafd01da405ff94772c33","80b5458dedf4d7ed191f57c1a587e662b367fab492b85edfed1347cc1218d78c","c26033e516714afff0cb555515a53141196458314c54344b34bd5c260f63f025","9bc51499d5e614fd8e5dc35c1a960dbe7be9f64d4dc341d52bfdc51661b49e66","8b2602c2d0dd1605b6064dbd90b1f9804f6e6ba5251b07c4f1049e279cd49395","fa335cd476450667fa561102543076eac227772ca1daa1fd6e39cb190452b9d6","a60a52047d2ce2c36264d371358fbff037f5da285aa8426220a208c118aed107","6e78a4f80e52ba7044b98ef3e92000cdad40b90df7af4d54181c8c7c81caf17c","e0da2b31b567ee8563408335cf503a8da0188a655e112bef602a7e68655475ba","fdadf1660b9d9fc794d7bb7cf1d5f40965c17ecff32beca037147938433ea076","b22f745eb24472e6db6b9943c8ddf07f34fdb7d5c7a66701d5c72ce009391d28","d63f3cb285d82f8ef1723638d2e0840190864a7b901e57cafb8d66684a8c40af","d334956687aa57a06579be18a944983e4ecc96d4a8125728799869944c306b1e","ea0d16a6b4d6aaeccbb07fddf39420575c9bc23e21530ec6906bee993cce1d9b","bbd5f69b63d63d6f3f1fca949029bc7d1279157c7f61a3b596dd17d613dca517","27e850797d4893bc0c48d32c31403b35f435a08af06e3f1f39d8ffd12d62e2da","4fd9a4cfaf31f539e9ab2e0b3e2df5651ddd0cf21ec7ad9f93b61dac304962ac","f86ada64b49b5d9c473f71a6b8d11ba1c34f843b719e7c6c2110cd850c4fb12e","b2b9733de4bf92bb38ae14b56b57285fc34e790c11f97e859ec7ad59d1656985","5c2ffe4fda1fb71b7d06f95aa97015ebca55803bd24a7b0749ac254e3502c9f0","edc11f642043808eab2cf925845743c27c683734f0075e81a79e843a1b2d6706","855240ee1df6a693784d7a1501d9035b0a952bf16834bbe791e33f41ee54bd28","1011b17b7044aa2154b362ed24dd2a7b01d8f54b81671b0811b8ae0e9d2cab2f","845260eebd08337f0139481d3e09c6a0f667de434bb6b3c30461911d57a71bf8","c782ce6db148d75242985ccd95f7e8bcb3c9245faa3c6ae19fd27ce0f7ccfb50","5e6f6f604be813f926a942b344ced8dc023c8edac8e3cf64615bf41f1bf7bd6b","2476d52e2e2f6bac8948556adc4421546d84c0f9066f43deecb3e49f798901b0","cd96567a4c627acbdabd6e2fbba58c9d0e5f36cddbeb010125baa9249846ef01","968339ffc0e912c065d15dba8eb78c84ba0707885e0aaf0cd5b43bcf17a47b64","7df9d916b6092297d1ff474ad12fabd1944dad756c59e47d40393156d6e71327","fd82bcc080f11400d5f8913c497512a45e6025729bc0bf14f6cbaa4f92af993e","b3ffcbf1340637166345c596160bea5dfa77ff510ec9b8a2d22e92b9673992cf","d8f8acb5a01fdb0a1111c3aaaea0f67220b3d4124228c77cef7b6f52ae5776d2","cc214b3c712025e00a07c595aae9523f4479f5687598d107e341e6e3eac06fea","847f5d61d3f9bcd1c561957b04a7ce11c7e3e0e8062f8788e590476cc4d7f1f0","970c7e0c54a0c477d968c89b79e432514cac0b074eae79a2f70ae68b1c6f9088","9b6aa298ff4e0f723a749bf0df49a5b7728456a33b3f3d713f26e7295875309a","eda511874108926f3d5af6302c2b4b90226bb9ff8232b3e0cd50a970bcbc2184","e8c78e86ade408326ffe00dd6008060ec9495bdf1d72d85a52f4ecf971adfc63","ebcf6449e867e4412d8d960aae239e7ab01b618a3d0e6da476474a70746a4060","48514610f14748d01c845cd74532dea5c90516c7e0fff88c5462de243ed96d06","8f8427afe65ef1e4af8fc4ada21c0e11f142ce43514c0aa411aef201d8158622","d4fa927866df239e1d8a21fbc53b88c586464f46a3c5af23d6dc1ea0b2d0179c","d6ab3712b8be65e5011eb4c03a2f1d4e618058f81249827f7efc4cb92176f91e","18f27b883600ac78dc07ca80c66c34c7fd26119a084a80c8ea2d0bbbd501fae5","fee787144f579ff926fe5910f5d5a25a16b4f431b44ca555c20ee97124fc3892","1a024a4fff928f8c7412ce1de087e7ddd9e19b2c9d314e066f2e866bc344aa45","481fcd651a185cc1796ba25ce5a77e6a295f8478816921a17b59b270f93b5145","441acf5f2d6952c1d634158847a67f5b0e5936638d2bf851e88a86b209c3f1cf","59b17e9f6b777eb1217c43f407daf5d79f5f6727fce07082b7475bd9d99e5fc3","2015c427ef7f96a7cd85f7d4c61c7574d52f648fd50f03bc755c71abbfbe1826","deb83ea9cada43eb591dfbeef0029a5f02aad3946c15b72f98747e23e55a2ab2","dfe7a25b051af534b8aeccbd4ed0f922110dbfd01f966d4f03daf34108f8d265","666bd6dda8b7f0da62b12fa3b46151c5a79f59c339e0b21fed89ce7c9b10fe36","60cde1b1c19653086a792b38b1f459937377eb41f942127b2261fa983742c2c9","07e697c22a086a71acf2651ad1950496ffc55b2cc25ff33ba5040fbdb2068df1","fc3e1df4a4eff612272f762122ffe281cf5032dc09331aa131d49ec52a4f6461","9e9f6cdd47517281ea2412077771240da1b6f7d90fdd72bf67a5fe5724542384","286a6121b44189a62fad1874add67c778d6e383626f6f4c3f3b63f717d1c27e6"],"uploadUrl":"https://upload-firebasehosting.googleapis.com/upload/sites/cuadernofp/versions/64e609dee986553f/files"}
[debug] [2026-06-26T06:11:02.482Z] No OAuth tokens found
[debug] [2026-06-26T06:11:02.483Z] No OAuth tokens found
[debug] [2026-06-26T06:11:02.484Z] No OAuth tokens found
[debug] [2026-06-26T06:11:02.484Z] No OAuth tokens found
[debug] [2026-06-26T06:11:02.485Z] No OAuth tokens found
[debug] [2026-06-26T06:11:02.485Z] No OAuth tokens found
[debug] [2026-06-26T06:11:02.486Z] No OAuth tokens found
[debug] [2026-06-26T06:11:02.486Z] No OAuth tokens found
[debug] [2026-06-26T06:11:02.486Z] No OAuth tokens found
[debug] [2026-06-26T06:11:02.487Z] No OAuth tokens found
[debug] [2026-06-26T06:11:02.487Z] No OAuth tokens found
[debug] [2026-06-26T06:11:02.488Z] No OAuth tokens found
[debug] [2026-06-26T06:11:02.488Z] No OAuth tokens found
[debug] [2026-06-26T06:11:02.489Z] No OAuth tokens found
[debug] [2026-06-26T06:11:02.489Z] No OAuth tokens found
[debug] [2026-06-26T06:11:02.490Z] No OAuth tokens found
[debug] [2026-06-26T06:11:02.490Z] No OAuth tokens found
[debug] [2026-06-26T06:11:02.491Z] No OAuth tokens found
[debug] [2026-06-26T06:11:02.491Z] No OAuth tokens found
[debug] [2026-06-26T06:11:02.492Z] No OAuth tokens found
[debug] [2026-06-26T06:11:02.492Z] No OAuth tokens found
[debug] [2026-06-26T06:11:02.493Z] No OAuth tokens found
[debug] [2026-06-26T06:11:02.493Z] No OAuth tokens found
[debug] [2026-06-26T06:11:02.494Z] No OAuth tokens found
[debug] [2026-06-26T06:11:02.494Z] No OAuth tokens found
[debug] [2026-06-26T06:11:02.495Z] No OAuth tokens found
[debug] [2026-06-26T06:11:02.495Z] No OAuth tokens found
[debug] [2026-06-26T06:11:02.496Z] No OAuth tokens found
[debug] [2026-06-26T06:11:02.496Z] No OAuth tokens found
[debug] [2026-06-26T06:11:02.497Z] No OAuth tokens found
[debug] [2026-06-26T06:11:02.497Z] No OAuth tokens found
[debug] [2026-06-26T06:11:02.498Z] No OAuth tokens found
[debug] [2026-06-26T06:11:02.498Z] No OAuth tokens found
[debug] [2026-06-26T06:11:02.499Z] No OAuth tokens found
[debug] [2026-06-26T06:11:02.499Z] No OAuth tokens found
[debug] [2026-06-26T06:11:02.500Z] No OAuth tokens found
[debug] [2026-06-26T06:11:02.500Z] No OAuth tokens found
[debug] [2026-06-26T06:11:02.500Z] No OAuth tokens found
[debug] [2026-06-26T06:11:02.501Z] No OAuth tokens found
[debug] [2026-06-26T06:11:02.501Z] No OAuth tokens found
[debug] [2026-06-26T06:11:02.502Z] No OAuth tokens found
[debug] [2026-06-26T06:11:02.502Z] No OAuth tokens found
[debug] [2026-06-26T06:11:02.503Z] No OAuth tokens found
[debug] [2026-06-26T06:11:02.503Z] No OAuth tokens found
[debug] [2026-06-26T06:11:02.504Z] No OAuth tokens found
[debug] [2026-06-26T06:11:02.504Z] No OAuth tokens found
[debug] [2026-06-26T06:11:02.505Z] No OAuth tokens found
[debug] [2026-06-26T06:11:02.505Z] No OAuth tokens found
[debug] [2026-06-26T06:11:02.506Z] No OAuth tokens found
[debug] [2026-06-26T06:11:02.506Z] No OAuth tokens found
[debug] [2026-06-26T06:11:02.507Z] No OAuth tokens found
[debug] [2026-06-26T06:11:02.507Z] No OAuth tokens found
[debug] [2026-06-26T06:11:02.507Z] No OAuth tokens found
[debug] [2026-06-26T06:11:02.508Z] No OAuth tokens found
[debug] [2026-06-26T06:11:02.508Z] No OAuth tokens found
[debug] [2026-06-26T06:11:02.509Z] No OAuth tokens found
[debug] [2026-06-26T06:11:02.509Z] No OAuth tokens found
[debug] [2026-06-26T06:11:02.510Z] No OAuth tokens found
[debug] [2026-06-26T06:11:02.510Z] No OAuth tokens found
[debug] [2026-06-26T06:11:02.511Z] No OAuth tokens found
[debug] [2026-06-26T06:11:02.511Z] No OAuth tokens found
[debug] [2026-06-26T06:11:02.512Z] No OAuth tokens found
[debug] [2026-06-26T06:11:02.512Z] No OAuth tokens found
[debug] [2026-06-26T06:11:02.513Z] No OAuth tokens found
[debug] [2026-06-26T06:11:02.513Z] No OAuth tokens found
[debug] [2026-06-26T06:11:02.514Z] No OAuth tokens found
[debug] [2026-06-26T06:11:02.514Z] No OAuth tokens found
[debug] [2026-06-26T06:11:02.514Z] No OAuth tokens found
[debug] [2026-06-26T06:11:02.515Z] No OAuth tokens found
[debug] [2026-06-26T06:11:02.515Z] No OAuth tokens found
[debug] [2026-06-26T06:11:02.516Z] No OAuth tokens found
[debug] [2026-06-26T06:11:02.516Z] No OAuth tokens found
[debug] [2026-06-26T06:11:02.517Z] No OAuth tokens found
[debug] [2026-06-26T06:11:02.517Z] No OAuth tokens found
[debug] [2026-06-26T06:11:02.518Z] No OAuth tokens found
[debug] [2026-06-26T06:11:02.518Z] No OAuth tokens found
[debug] [2026-06-26T06:11:02.518Z] No OAuth tokens found
[debug] [2026-06-26T06:11:02.519Z] No OAuth tokens found
[debug] [2026-06-26T06:11:02.519Z] No OAuth tokens found
[debug] [2026-06-26T06:11:02.520Z] No OAuth tokens found
[debug] [2026-06-26T06:11:02.520Z] No OAuth tokens found
[debug] [2026-06-26T06:11:02.520Z] No OAuth tokens found
[debug] [2026-06-26T06:11:02.521Z] No OAuth tokens found
[debug] [2026-06-26T06:11:02.522Z] No OAuth tokens found
[debug] [2026-06-26T06:11:02.523Z] No OAuth tokens found
[debug] [2026-06-26T06:11:02.523Z] No OAuth tokens found
[debug] [2026-06-26T06:11:02.525Z] No OAuth tokens found
[debug] [2026-06-26T06:11:02.526Z] No OAuth tokens found
[debug] [2026-06-26T06:11:02.526Z] No OAuth tokens found
[debug] [2026-06-26T06:11:02.527Z] No OAuth tokens found
[debug] [2026-06-26T06:11:02.528Z] No OAuth tokens found
[debug] [2026-06-26T06:11:02.528Z] No OAuth tokens found
[debug] [2026-06-26T06:11:02.529Z] No OAuth tokens found
[debug] [2026-06-26T06:11:02.529Z] No OAuth tokens found
[debug] [2026-06-26T06:11:02.530Z] No OAuth tokens found
[debug] [2026-06-26T06:11:02.530Z] No OAuth tokens found
[debug] [2026-06-26T06:11:02.531Z] No OAuth tokens found
[debug] [2026-06-26T06:11:02.531Z] No OAuth tokens found
[debug] [2026-06-26T06:11:02.531Z] No OAuth tokens found
[debug] [2026-06-26T06:11:02.532Z] No OAuth tokens found
[debug] [2026-06-26T06:11:02.532Z] No OAuth tokens found
[debug] [2026-06-26T06:11:02.533Z] No OAuth tokens found
[debug] [2026-06-26T06:11:02.533Z] No OAuth tokens found
[debug] [2026-06-26T06:11:02.534Z] No OAuth tokens found
[debug] [2026-06-26T06:11:02.534Z] No OAuth tokens found
[debug] [2026-06-26T06:11:02.534Z] >>> [apiv2][query] POST https://upload-firebasehosting.googleapis.com/upload/sites/cuadernofp/versions/64e609dee986553f/files/4aa37ae0b2214ac0abcc5e19302227551e789b587cc15716e68d6084c4ba7c9d [none]
[debug] [2026-06-26T06:11:02.535Z] >>> [apiv2][body] POST https://upload-firebasehosting.googleapis.com/upload/sites/cuadernofp/versions/64e609dee986553f/files/4aa37ae0b2214ac0abcc5e19302227551e789b587cc15716e68d6084c4ba7c9d [stream]
[debug] [2026-06-26T06:11:02.536Z] >>> [apiv2][query] POST https://upload-firebasehosting.googleapis.com/upload/sites/cuadernofp/versions/64e609dee986553f/files/5f4b4e48b3c471765e85a75ec7341647fbf3e425c8527489feb096293b9d980f [none]
[debug] [2026-06-26T06:11:02.536Z] >>> [apiv2][body] POST https://upload-firebasehosting.googleapis.com/upload/sites/cuadernofp/versions/64e609dee986553f/files/5f4b4e48b3c471765e85a75ec7341647fbf3e425c8527489feb096293b9d980f [stream]
[debug] [2026-06-26T06:11:02.537Z] >>> [apiv2][query] POST https://upload-firebasehosting.googleapis.com/upload/sites/cuadernofp/versions/64e609dee986553f/files/023a62b42b24b094f07f3ea12e716e3b37c95122f99b4ff32147129d90d1a8ee [none]
[debug] [2026-06-26T06:11:02.537Z] >>> [apiv2][body] POST https://upload-firebasehosting.googleapis.com/upload/sites/cuadernofp/versions/64e609dee986553f/files/023a62b42b24b094f07f3ea12e716e3b37c95122f99b4ff32147129d90d1a8ee [stream]
[debug] [2026-06-26T06:11:02.537Z] >>> [apiv2][query] POST https://upload-firebasehosting.googleapis.com/upload/sites/cuadernofp/versions/64e609dee986553f/files/635968c04eecadd135bd48179ca157026c55d690cdbc695ea14347fa737880f4 [none]
[debug] [2026-06-26T06:11:02.537Z] >>> [apiv2][body] POST https://upload-firebasehosting.googleapis.com/upload/sites/cuadernofp/versions/64e609dee986553f/files/635968c04eecadd135bd48179ca157026c55d690cdbc695ea14347fa737880f4 [stream]
[debug] [2026-06-26T06:11:02.539Z] >>> [apiv2][query] POST https://upload-firebasehosting.googleapis.com/upload/sites/cuadernofp/versions/64e609dee986553f/files/094dacec4e5c8e7d72b947a8cae7f71b39bd93322563d6fa17600f7b9f3597d4 [none]
[debug] [2026-06-26T06:11:02.539Z] >>> [apiv2][body] POST https://upload-firebasehosting.googleapis.com/upload/sites/cuadernofp/versions/64e609dee986553f/files/094dacec4e5c8e7d72b947a8cae7f71b39bd93322563d6fa17600f7b9f3597d4 [stream]
[debug] [2026-06-26T06:11:02.539Z] >>> [apiv2][query] POST https://upload-firebasehosting.googleapis.com/upload/sites/cuadernofp/versions/64e609dee986553f/files/59544e8285c97e399ba03ae96577b942d87a35cb465580a59fdf79b484fc4ed4 [none]
[debug] [2026-06-26T06:11:02.539Z] >>> [apiv2][body] POST https://upload-firebasehosting.googleapis.com/upload/sites/cuadernofp/versions/64e609dee986553f/files/59544e8285c97e399ba03ae96577b942d87a35cb465580a59fdf79b484fc4ed4 [stream]
[debug] [2026-06-26T06:11:02.540Z] >>> [apiv2][query] POST https://upload-firebasehosting.googleapis.com/upload/sites/cuadernofp/versions/64e609dee986553f/files/3d40766a5794bec169a0ac09483ccb615a528680ec3930b4c21388413bef1d20 [none]
[debug] [2026-06-26T06:11:02.540Z] >>> [apiv2][body] POST https://upload-firebasehosting.googleapis.com/upload/sites/cuadernofp/versions/64e609dee986553f/files/3d40766a5794bec169a0ac09483ccb615a528680ec3930b4c21388413bef1d20 [stream]
[debug] [2026-06-26T06:11:02.541Z] >>> [apiv2][query] POST https://upload-firebasehosting.googleapis.com/upload/sites/cuadernofp/versions/64e609dee986553f/files/5f944623bf4ab2b2967cb7a2ff367310b95a264441e567e508beb299663fe4b8 [none]
[debug] [2026-06-26T06:11:02.541Z] >>> [apiv2][body] POST https://upload-firebasehosting.googleapis.com/upload/sites/cuadernofp/versions/64e609dee986553f/files/5f944623bf4ab2b2967cb7a2ff367310b95a264441e567e508beb299663fe4b8 [stream]
[debug] [2026-06-26T06:11:02.541Z] >>> [apiv2][query] POST https://upload-firebasehosting.googleapis.com/upload/sites/cuadernofp/versions/64e609dee986553f/files/83a1e17e6d4fd43c205386f52f2f0a9fdd7d268e7cff8ec31e261d7ef86f4c1a [none]
[debug] [2026-06-26T06:11:02.541Z] >>> [apiv2][body] POST https://upload-firebasehosting.googleapis.com/upload/sites/cuadernofp/versions/64e609dee986553f/files/83a1e17e6d4fd43c205386f52f2f0a9fdd7d268e7cff8ec31e261d7ef86f4c1a [stream]
[debug] [2026-06-26T06:11:02.542Z] >>> [apiv2][query] POST https://upload-firebasehosting.googleapis.com/upload/sites/cuadernofp/versions/64e609dee986553f/files/cca018207bc4ac5b17a0720898b36a18553bc0afea7951a22c7033e671a9a472 [none]
[debug] [2026-06-26T06:11:02.542Z] >>> [apiv2][body] POST https://upload-firebasehosting.googleapis.com/upload/sites/cuadernofp/versions/64e609dee986553f/files/cca018207bc4ac5b17a0720898b36a18553bc0afea7951a22c7033e671a9a472 [stream]
[debug] [2026-06-26T06:11:02.542Z] >>> [apiv2][query] POST https://upload-firebasehosting.googleapis.com/upload/sites/cuadernofp/versions/64e609dee986553f/files/ce8531c9501b538bca345d1e7f06115d31b665e227f8ab22baf50738a4ec0508 [none]
[debug] [2026-06-26T06:11:02.542Z] >>> [apiv2][body] POST https://upload-firebasehosting.googleapis.com/upload/sites/cuadernofp/versions/64e609dee986553f/files/ce8531c9501b538bca345d1e7f06115d31b665e227f8ab22baf50738a4ec0508 [stream]
[debug] [2026-06-26T06:11:02.543Z] >>> [apiv2][query] POST https://upload-firebasehosting.googleapis.com/upload/sites/cuadernofp/versions/64e609dee986553f/files/9d0cf559b30f9eedfec954ab5ff7bc706116e56e23c9df47a9d7c7ae0b8f9ffd [none]
[debug] [2026-06-26T06:11:02.543Z] >>> [apiv2][body] POST https://upload-firebasehosting.googleapis.com/upload/sites/cuadernofp/versions/64e609dee986553f/files/9d0cf559b30f9eedfec954ab5ff7bc706116e56e23c9df47a9d7c7ae0b8f9ffd [stream]
[debug] [2026-06-26T06:11:02.543Z] >>> [apiv2][query] POST https://upload-firebasehosting.googleapis.com/upload/sites/cuadernofp/versions/64e609dee986553f/files/e872313cfd3aac76b6d284222a4111a8cac5f75bab072e8fbe8bc0dd73c40978 [none]
[debug] [2026-06-26T06:11:02.543Z] >>> [apiv2][body] POST https://upload-firebasehosting.googleapis.com/upload/sites/cuadernofp/versions/64e609dee986553f/files/e872313cfd3aac76b6d284222a4111a8cac5f75bab072e8fbe8bc0dd73c40978 [stream]
[debug] [2026-06-26T06:11:02.544Z] >>> [apiv2][query] POST https://upload-firebasehosting.googleapis.com/upload/sites/cuadernofp/versions/64e609dee986553f/files/2883bdb4b0fd97ff41d207031b99a0592663911480d69df4805531fffa63233f [none]
[debug] [2026-06-26T06:11:02.544Z] >>> [apiv2][body] POST https://upload-firebasehosting.googleapis.com/upload/sites/cuadernofp/versions/64e609dee986553f/files/2883bdb4b0fd97ff41d207031b99a0592663911480d69df4805531fffa63233f [stream]
[debug] [2026-06-26T06:11:02.544Z] >>> [apiv2][query] POST https://upload-firebasehosting.googleapis.com/upload/sites/cuadernofp/versions/64e609dee986553f/files/66128945925cd71decbe66704bda532fd3648712a1bd8aa8c09060a311781510 [none]
[debug] [2026-06-26T06:11:02.544Z] >>> [apiv2][body] POST https://upload-firebasehosting.googleapis.com/upload/sites/cuadernofp/versions/64e609dee986553f/files/66128945925cd71decbe66704bda532fd3648712a1bd8aa8c09060a311781510 [stream]
[debug] [2026-06-26T06:11:02.544Z] >>> [apiv2][query] POST https://upload-firebasehosting.googleapis.com/upload/sites/cuadernofp/versions/64e609dee986553f/files/edd0994733ea43e7e792b86c0c6ca27782d5272b59b73dc619fdcd421d118f45 [none]
[debug] [2026-06-26T06:11:02.544Z] >>> [apiv2][body] POST https://upload-firebasehosting.googleapis.com/upload/sites/cuadernofp/versions/64e609dee986553f/files/edd0994733ea43e7e792b86c0c6ca27782d5272b59b73dc619fdcd421d118f45 [stream]
[debug] [2026-06-26T06:11:02.545Z] >>> [apiv2][query] POST https://upload-firebasehosting.googleapis.com/upload/sites/cuadernofp/versions/64e609dee986553f/files/a6e501d3e24eae28183fd350899bed58cc365833c503c1e409c72230ffa8b063 [none]
[debug] [2026-06-26T06:11:02.545Z] >>> [apiv2][body] POST https://upload-firebasehosting.googleapis.com/upload/sites/cuadernofp/versions/64e609dee986553f/files/a6e501d3e24eae28183fd350899bed58cc365833c503c1e409c72230ffa8b063 [stream]
[debug] [2026-06-26T06:11:02.545Z] >>> [apiv2][query] POST https://upload-firebasehosting.googleapis.com/upload/sites/cuadernofp/versions/64e609dee986553f/files/56e5041654c31c80c35db88399d488a6d92a166c3bcc34f5b3e19ed3a8016316 [none]
[debug] [2026-06-26T06:11:02.545Z] >>> [apiv2][body] POST https://upload-firebasehosting.googleapis.com/upload/sites/cuadernofp/versions/64e609dee986553f/files/56e5041654c31c80c35db88399d488a6d92a166c3bcc34f5b3e19ed3a8016316 [stream]
[debug] [2026-06-26T06:11:02.546Z] >>> [apiv2][query] POST https://upload-firebasehosting.googleapis.com/upload/sites/cuadernofp/versions/64e609dee986553f/files/d0fae74d56f136ed2d3d476740edaee464c7f46fb6e5e90cdfc825fe43eccc4f [none]
[debug] [2026-06-26T06:11:02.546Z] >>> [apiv2][body] POST https://upload-firebasehosting.googleapis.com/upload/sites/cuadernofp/versions/64e609dee986553f/files/d0fae74d56f136ed2d3d476740edaee464c7f46fb6e5e90cdfc825fe43eccc4f [stream]
[debug] [2026-06-26T06:11:02.546Z] >>> [apiv2][query] POST https://upload-firebasehosting.googleapis.com/upload/sites/cuadernofp/versions/64e609dee986553f/files/8d10bcc51ef2dd3f726ff33e841edaafce3709174d91de887fe01303272a9aa8 [none]
[debug] [2026-06-26T06:11:02.546Z] >>> [apiv2][body] POST https://upload-firebasehosting.googleapis.com/upload/sites/cuadernofp/versions/64e609dee986553f/files/8d10bcc51ef2dd3f726ff33e841edaafce3709174d91de887fe01303272a9aa8 [stream]
[debug] [2026-06-26T06:11:02.546Z] >>> [apiv2][query] POST https://upload-firebasehosting.googleapis.com/upload/sites/cuadernofp/versions/64e609dee986553f/files/07949c4edf7740af29c834cde8371841ff7694d1343a9474a1735109b77f4aca [none]
[debug] [2026-06-26T06:11:02.546Z] >>> [apiv2][body] POST https://upload-firebasehosting.googleapis.com/upload/sites/cuadernofp/versions/64e609dee986553f/files/07949c4edf7740af29c834cde8371841ff7694d1343a9474a1735109b77f4aca [stream]
[debug] [2026-06-26T06:11:02.547Z] >>> [apiv2][query] POST https://upload-firebasehosting.googleapis.com/upload/sites/cuadernofp/versions/64e609dee986553f/files/587557a19b0809b1a2d65d86124742296f3c622d627759f06569ced1ca85e0fa [none]
[debug] [2026-06-26T06:11:02.547Z] >>> [apiv2][body] POST https://upload-firebasehosting.googleapis.com/upload/sites/cuadernofp/versions/64e609dee986553f/files/587557a19b0809b1a2d65d86124742296f3c622d627759f06569ced1ca85e0fa [stream]
[debug] [2026-06-26T06:11:02.547Z] >>> [apiv2][query] POST https://upload-firebasehosting.googleapis.com/upload/sites/cuadernofp/versions/64e609dee986553f/files/e180cdb6192269c242f134ceb7724d5d7abd2b4a04846bddbdf4e6c924230464 [none]
[debug] [2026-06-26T06:11:02.547Z] >>> [apiv2][body] POST https://upload-firebasehosting.googleapis.com/upload/sites/cuadernofp/versions/64e609dee986553f/files/e180cdb6192269c242f134ceb7724d5d7abd2b4a04846bddbdf4e6c924230464 [stream]
[debug] [2026-06-26T06:11:02.548Z] >>> [apiv2][query] POST https://upload-firebasehosting.googleapis.com/upload/sites/cuadernofp/versions/64e609dee986553f/files/268dcdaa9f878af01323f7ed9f8f143cef0b03d66271b0529b196fda7bc5cd90 [none]
[debug] [2026-06-26T06:11:02.548Z] >>> [apiv2][body] POST https://upload-firebasehosting.googleapis.com/upload/sites/cuadernofp/versions/64e609dee986553f/files/268dcdaa9f878af01323f7ed9f8f143cef0b03d66271b0529b196fda7bc5cd90 [stream]
[debug] [2026-06-26T06:11:02.548Z] >>> [apiv2][query] POST https://upload-firebasehosting.googleapis.com/upload/sites/cuadernofp/versions/64e609dee986553f/files/e3d338abc5db7d975faf3325bce1461e74a8314cfef1025ca9c207a07bbab3cc [none]
[debug] [2026-06-26T06:11:02.548Z] >>> [apiv2][body] POST https://upload-firebasehosting.googleapis.com/upload/sites/cuadernofp/versions/64e609dee986553f/files/e3d338abc5db7d975faf3325bce1461e74a8314cfef1025ca9c207a07bbab3cc [stream]
[debug] [2026-06-26T06:11:02.548Z] >>> [apiv2][query] POST https://upload-firebasehosting.googleapis.com/upload/sites/cuadernofp/versions/64e609dee986553f/files/a23729440e61f4277be5f5bb57839a0464abbed8512795f8a120582435c972b8 [none]
[debug] [2026-06-26T06:11:02.548Z] >>> [apiv2][body] POST https://upload-firebasehosting.googleapis.com/upload/sites/cuadernofp/versions/64e609dee986553f/files/a23729440e61f4277be5f5bb57839a0464abbed8512795f8a120582435c972b8 [stream]
[debug] [2026-06-26T06:11:02.549Z] >>> [apiv2][query] POST https://upload-firebasehosting.googleapis.com/upload/sites/cuadernofp/versions/64e609dee986553f/files/d3aa643f53099b55dd500b27fd67147c5cdf382c85506151fbd49fc73fc72da7 [none]
[debug] [2026-06-26T06:11:02.549Z] >>> [apiv2][body] POST https://upload-firebasehosting.googleapis.com/upload/sites/cuadernofp/versions/64e609dee986553f/files/d3aa643f53099b55dd500b27fd67147c5cdf382c85506151fbd49fc73fc72da7 [stream]
[debug] [2026-06-26T06:11:02.549Z] >>> [apiv2][query] POST https://upload-firebasehosting.googleapis.com/upload/sites/cuadernofp/versions/64e609dee986553f/files/562b73d625c204825c52a0e9d9e6e3732ed8a586b707d51d0dd60a04683f1db7 [none]
[debug] [2026-06-26T06:11:02.549Z] >>> [apiv2][body] POST https://upload-firebasehosting.googleapis.com/upload/sites/cuadernofp/versions/64e609dee986553f/files/562b73d625c204825c52a0e9d9e6e3732ed8a586b707d51d0dd60a04683f1db7 [stream]
[debug] [2026-06-26T06:11:02.549Z] >>> [apiv2][query] POST https://upload-firebasehosting.googleapis.com/upload/sites/cuadernofp/versions/64e609dee986553f/files/fc1375fa43ff40975c3894672fd9a3e61d947ca96651644868d6cc9db7c4693c [none]
[debug] [2026-06-26T06:11:02.549Z] >>> [apiv2][body] POST https://upload-firebasehosting.googleapis.com/upload/sites/cuadernofp/versions/64e609dee986553f/files/fc1375fa43ff40975c3894672fd9a3e61d947ca96651644868d6cc9db7c4693c [stream]
[debug] [2026-06-26T06:11:02.550Z] >>> [apiv2][query] POST https://upload-firebasehosting.googleapis.com/upload/sites/cuadernofp/versions/64e609dee986553f/files/19121e4f5bc134c16c7b9dba518c869ca981f91e5e6f9d5a9e177ce796710776 [none]
[debug] [2026-06-26T06:11:02.550Z] >>> [apiv2][body] POST https://upload-firebasehosting.googleapis.com/upload/sites/cuadernofp/versions/64e609dee986553f/files/19121e4f5bc134c16c7b9dba518c869ca981f91e5e6f9d5a9e177ce796710776 [stream]
[debug] [2026-06-26T06:11:02.550Z] >>> [apiv2][query] POST https://upload-firebasehosting.googleapis.com/upload/sites/cuadernofp/versions/64e609dee986553f/files/f66af73fb512efb95fa53174eeec05e551b950ce4027816c28da2c219317d85d [none]
[debug] [2026-06-26T06:11:02.550Z] >>> [apiv2][body] POST https://upload-firebasehosting.googleapis.com/upload/sites/cuadernofp/versions/64e609dee986553f/files/f66af73fb512efb95fa53174eeec05e551b950ce4027816c28da2c219317d85d [stream]
[debug] [2026-06-26T06:11:02.551Z] >>> [apiv2][query] POST https://upload-firebasehosting.googleapis.com/upload/sites/cuadernofp/versions/64e609dee986553f/files/9c335f9e58d8b4c9eb1ffcde32ef4ba7d8910461834f29eb17fc98a6be237ecb [none]
[debug] [2026-06-26T06:11:02.551Z] >>> [apiv2][body] POST https://upload-firebasehosting.googleapis.com/upload/sites/cuadernofp/versions/64e609dee986553f/files/9c335f9e58d8b4c9eb1ffcde32ef4ba7d8910461834f29eb17fc98a6be237ecb [stream]
[debug] [2026-06-26T06:11:02.551Z] >>> [apiv2][query] POST https://upload-firebasehosting.googleapis.com/upload/sites/cuadernofp/versions/64e609dee986553f/files/39d0f9e23f62714fd67a5ce73a6c73d058143ba1e1df13c1f944e16d7d339f99 [none]
[debug] [2026-06-26T06:11:02.551Z] >>> [apiv2][body] POST https://upload-firebasehosting.googleapis.com/upload/sites/cuadernofp/versions/64e609dee986553f/files/39d0f9e23f62714fd67a5ce73a6c73d058143ba1e1df13c1f944e16d7d339f99 [stream]
[debug] [2026-06-26T06:11:02.552Z] >>> [apiv2][query] POST https://upload-firebasehosting.googleapis.com/upload/sites/cuadernofp/versions/64e609dee986553f/files/41f03b3ed21c241e1596312ff700926c9e0d6653cced648323d982d975a41a71 [none]
[debug] [2026-06-26T06:11:02.552Z] >>> [apiv2][body] POST https://upload-firebasehosting.googleapis.com/upload/sites/cuadernofp/versions/64e609dee986553f/files/41f03b3ed21c241e1596312ff700926c9e0d6653cced648323d982d975a41a71 [stream]
[debug] [2026-06-26T06:11:02.552Z] >>> [apiv2][query] POST https://upload-firebasehosting.googleapis.com/upload/sites/cuadernofp/versions/64e609dee986553f/files/d63b2b8103b20987bd9b26be6eff020adbefdbd639a6fecbf1bd3225e355dd18 [none]
[debug] [2026-06-26T06:11:02.552Z] >>> [apiv2][body] POST https://upload-firebasehosting.googleapis.com/upload/sites/cuadernofp/versions/64e609dee986553f/files/d63b2b8103b20987bd9b26be6eff020adbefdbd639a6fecbf1bd3225e355dd18 [stream]
[debug] [2026-06-26T06:11:02.553Z] >>> [apiv2][query] POST https://upload-firebasehosting.googleapis.com/upload/sites/cuadernofp/versions/64e609dee986553f/files/f510398aceaec2066433230df884649ce150de70aecbbbb56fc47e1d8e7d63b6 [none]
[debug] [2026-06-26T06:11:02.553Z] >>> [apiv2][body] POST https://upload-firebasehosting.googleapis.com/upload/sites/cuadernofp/versions/64e609dee986553f/files/f510398aceaec2066433230df884649ce150de70aecbbbb56fc47e1d8e7d63b6 [stream]
[debug] [2026-06-26T06:11:02.553Z] >>> [apiv2][query] POST https://upload-firebasehosting.googleapis.com/upload/sites/cuadernofp/versions/64e609dee986553f/files/73fc1673c9018c866dc25e4efa1e3c4d050cd62e6f68a9e5ca339e0f25d47222 [none]
[debug] [2026-06-26T06:11:02.553Z] >>> [apiv2][body] POST https://upload-firebasehosting.googleapis.com/upload/sites/cuadernofp/versions/64e609dee986553f/files/73fc1673c9018c866dc25e4efa1e3c4d050cd62e6f68a9e5ca339e0f25d47222 [stream]
[debug] [2026-06-26T06:11:02.553Z] >>> [apiv2][query] POST https://upload-firebasehosting.googleapis.com/upload/sites/cuadernofp/versions/64e609dee986553f/files/41d594cea78dfbd4ad068f92f7f23fce490e2a901793a17ff4d3514fa7c3941b [none]
[debug] [2026-06-26T06:11:02.553Z] >>> [apiv2][body] POST https://upload-firebasehosting.googleapis.com/upload/sites/cuadernofp/versions/64e609dee986553f/files/41d594cea78dfbd4ad068f92f7f23fce490e2a901793a17ff4d3514fa7c3941b [stream]
[debug] [2026-06-26T06:11:02.554Z] >>> [apiv2][query] POST https://upload-firebasehosting.googleapis.com/upload/sites/cuadernofp/versions/64e609dee986553f/files/ae8ca3c39e23852aad5bdfd751c09efeb6289a419a833d6f0f31bb6192c22014 [none]
[debug] [2026-06-26T06:11:02.554Z] >>> [apiv2][body] POST https://upload-firebasehosting.googleapis.com/upload/sites/cuadernofp/versions/64e609dee986553f/files/ae8ca3c39e23852aad5bdfd751c09efeb6289a419a833d6f0f31bb6192c22014 [stream]
[debug] [2026-06-26T06:11:02.554Z] >>> [apiv2][query] POST https://upload-firebasehosting.googleapis.com/upload/sites/cuadernofp/versions/64e609dee986553f/files/339a60179c4acb95f3341b58041ee84461cdf692c62a480411ec1f29127ce202 [none]
[debug] [2026-06-26T06:11:02.554Z] >>> [apiv2][body] POST https://upload-firebasehosting.googleapis.com/upload/sites/cuadernofp/versions/64e609dee986553f/files/339a60179c4acb95f3341b58041ee84461cdf692c62a480411ec1f29127ce202 [stream]
[debug] [2026-06-26T06:11:02.555Z] >>> [apiv2][query] POST https://upload-firebasehosting.googleapis.com/upload/sites/cuadernofp/versions/64e609dee986553f/files/1bbe05d312f0abd105fce3e7c5c7c79b93f05254cffc99e371a87efe4acd4c39 [none]
[debug] [2026-06-26T06:11:02.555Z] >>> [apiv2][body] POST https://upload-firebasehosting.googleapis.com/upload/sites/cuadernofp/versions/64e609dee986553f/files/1bbe05d312f0abd105fce3e7c5c7c79b93f05254cffc99e371a87efe4acd4c39 [stream]
[debug] [2026-06-26T06:11:02.555Z] >>> [apiv2][query] POST https://upload-firebasehosting.googleapis.com/upload/sites/cuadernofp/versions/64e609dee986553f/files/67b3659bf2c820f570d61c82d065c46d4372d08ba8e7c28108f28cbb171596fa [none]
[debug] [2026-06-26T06:11:02.555Z] >>> [apiv2][body] POST https://upload-firebasehosting.googleapis.com/upload/sites/cuadernofp/versions/64e609dee986553f/files/67b3659bf2c820f570d61c82d065c46d4372d08ba8e7c28108f28cbb171596fa [stream]
[debug] [2026-06-26T06:11:02.556Z] >>> [apiv2][query] POST https://upload-firebasehosting.googleapis.com/upload/sites/cuadernofp/versions/64e609dee986553f/files/8c0863ef76c03096b6f9294b47accb983aecc72a80873f5bcdb897326fce64d3 [none]
[debug] [2026-06-26T06:11:02.556Z] >>> [apiv2][body] POST https://upload-firebasehosting.googleapis.com/upload/sites/cuadernofp/versions/64e609dee986553f/files/8c0863ef76c03096b6f9294b47accb983aecc72a80873f5bcdb897326fce64d3 [stream]
[debug] [2026-06-26T06:11:02.557Z] >>> [apiv2][query] POST https://upload-firebasehosting.googleapis.com/upload/sites/cuadernofp/versions/64e609dee986553f/files/915c8e618c7810ae0fd8f714e1c07daeed583160d77bd5d9a7f656ac7a68dd45 [none]
[debug] [2026-06-26T06:11:02.557Z] >>> [apiv2][body] POST https://upload-firebasehosting.googleapis.com/upload/sites/cuadernofp/versions/64e609dee986553f/files/915c8e618c7810ae0fd8f714e1c07daeed583160d77bd5d9a7f656ac7a68dd45 [stream]
[debug] [2026-06-26T06:11:02.557Z] >>> [apiv2][query] POST https://upload-firebasehosting.googleapis.com/upload/sites/cuadernofp/versions/64e609dee986553f/files/1525e18f437e7413f4beb403869372f9df3a939dc0d6664bcd94baac15f5e5f7 [none]
[debug] [2026-06-26T06:11:02.557Z] >>> [apiv2][body] POST https://upload-firebasehosting.googleapis.com/upload/sites/cuadernofp/versions/64e609dee986553f/files/1525e18f437e7413f4beb403869372f9df3a939dc0d6664bcd94baac15f5e5f7 [stream]
[debug] [2026-06-26T06:11:02.558Z] >>> [apiv2][query] POST https://upload-firebasehosting.googleapis.com/upload/sites/cuadernofp/versions/64e609dee986553f/files/d480f084612601f0ca7f2a06a009a12c8272c83ef588970008d00cfa6e3c8c5f [none]
[debug] [2026-06-26T06:11:02.558Z] >>> [apiv2][body] POST https://upload-firebasehosting.googleapis.com/upload/sites/cuadernofp/versions/64e609dee986553f/files/d480f084612601f0ca7f2a06a009a12c8272c83ef588970008d00cfa6e3c8c5f [stream]
[debug] [2026-06-26T06:11:02.558Z] >>> [apiv2][query] POST https://upload-firebasehosting.googleapis.com/upload/sites/cuadernofp/versions/64e609dee986553f/files/3a41668c87d198b31c911255e296c319ef27c07d14edafd01da405ff94772c33 [none]
[debug] [2026-06-26T06:11:02.558Z] >>> [apiv2][body] POST https://upload-firebasehosting.googleapis.com/upload/sites/cuadernofp/versions/64e609dee986553f/files/3a41668c87d198b31c911255e296c319ef27c07d14edafd01da405ff94772c33 [stream]
[debug] [2026-06-26T06:11:02.559Z] >>> [apiv2][query] POST https://upload-firebasehosting.googleapis.com/upload/sites/cuadernofp/versions/64e609dee986553f/files/80b5458dedf4d7ed191f57c1a587e662b367fab492b85edfed1347cc1218d78c [none]
[debug] [2026-06-26T06:11:02.559Z] >>> [apiv2][body] POST https://upload-firebasehosting.googleapis.com/upload/sites/cuadernofp/versions/64e609dee986553f/files/80b5458dedf4d7ed191f57c1a587e662b367fab492b85edfed1347cc1218d78c [stream]
[debug] [2026-06-26T06:11:02.559Z] >>> [apiv2][query] POST https://upload-firebasehosting.googleapis.com/upload/sites/cuadernofp/versions/64e609dee986553f/files/c26033e516714afff0cb555515a53141196458314c54344b34bd5c260f63f025 [none]
[debug] [2026-06-26T06:11:02.559Z] >>> [apiv2][body] POST https://upload-firebasehosting.googleapis.com/upload/sites/cuadernofp/versions/64e609dee986553f/files/c26033e516714afff0cb555515a53141196458314c54344b34bd5c260f63f025 [stream]
[debug] [2026-06-26T06:11:02.560Z] >>> [apiv2][query] POST https://upload-firebasehosting.googleapis.com/upload/sites/cuadernofp/versions/64e609dee986553f/files/9bc51499d5e614fd8e5dc35c1a960dbe7be9f64d4dc341d52bfdc51661b49e66 [none]
[debug] [2026-06-26T06:11:02.560Z] >>> [apiv2][body] POST https://upload-firebasehosting.googleapis.com/upload/sites/cuadernofp/versions/64e609dee986553f/files/9bc51499d5e614fd8e5dc35c1a960dbe7be9f64d4dc341d52bfdc51661b49e66 [stream]
[debug] [2026-06-26T06:11:02.560Z] >>> [apiv2][query] POST https://upload-firebasehosting.googleapis.com/upload/sites/cuadernofp/versions/64e609dee986553f/files/8b2602c2d0dd1605b6064dbd90b1f9804f6e6ba5251b07c4f1049e279cd49395 [none]
[debug] [2026-06-26T06:11:02.560Z] >>> [apiv2][body] POST https://upload-firebasehosting.googleapis.com/upload/sites/cuadernofp/versions/64e609dee986553f/files/8b2602c2d0dd1605b6064dbd90b1f9804f6e6ba5251b07c4f1049e279cd49395 [stream]
[debug] [2026-06-26T06:11:02.561Z] >>> [apiv2][query] POST https://upload-firebasehosting.googleapis.com/upload/sites/cuadernofp/versions/64e609dee986553f/files/fa335cd476450667fa561102543076eac227772ca1daa1fd6e39cb190452b9d6 [none]
[debug] [2026-06-26T06:11:02.561Z] >>> [apiv2][body] POST https://upload-firebasehosting.googleapis.com/upload/sites/cuadernofp/versions/64e609dee986553f/files/fa335cd476450667fa561102543076eac227772ca1daa1fd6e39cb190452b9d6 [stream]
[debug] [2026-06-26T06:11:02.561Z] >>> [apiv2][query] POST https://upload-firebasehosting.googleapis.com/upload/sites/cuadernofp/versions/64e609dee986553f/files/a60a52047d2ce2c36264d371358fbff037f5da285aa8426220a208c118aed107 [none]
[debug] [2026-06-26T06:11:02.561Z] >>> [apiv2][body] POST https://upload-firebasehosting.googleapis.com/upload/sites/cuadernofp/versions/64e609dee986553f/files/a60a52047d2ce2c36264d371358fbff037f5da285aa8426220a208c118aed107 [stream]
[debug] [2026-06-26T06:11:02.562Z] >>> [apiv2][query] POST https://upload-firebasehosting.googleapis.com/upload/sites/cuadernofp/versions/64e609dee986553f/files/6e78a4f80e52ba7044b98ef3e92000cdad40b90df7af4d54181c8c7c81caf17c [none]
[debug] [2026-06-26T06:11:02.562Z] >>> [apiv2][body] POST https://upload-firebasehosting.googleapis.com/upload/sites/cuadernofp/versions/64e609dee986553f/files/6e78a4f80e52ba7044b98ef3e92000cdad40b90df7af4d54181c8c7c81caf17c [stream]
[debug] [2026-06-26T06:11:02.562Z] >>> [apiv2][query] POST https://upload-firebasehosting.googleapis.com/upload/sites/cuadernofp/versions/64e609dee986553f/files/e0da2b31b567ee8563408335cf503a8da0188a655e112bef602a7e68655475ba [none]
[debug] [2026-06-26T06:11:02.562Z] >>> [apiv2][body] POST https://upload-firebasehosting.googleapis.com/upload/sites/cuadernofp/versions/64e609dee986553f/files/e0da2b31b567ee8563408335cf503a8da0188a655e112bef602a7e68655475ba [stream]
[debug] [2026-06-26T06:11:02.563Z] >>> [apiv2][query] POST https://upload-firebasehosting.googleapis.com/upload/sites/cuadernofp/versions/64e609dee986553f/files/fdadf1660b9d9fc794d7bb7cf1d5f40965c17ecff32beca037147938433ea076 [none]
[debug] [2026-06-26T06:11:02.563Z] >>> [apiv2][body] POST https://upload-firebasehosting.googleapis.com/upload/sites/cuadernofp/versions/64e609dee986553f/files/fdadf1660b9d9fc794d7bb7cf1d5f40965c17ecff32beca037147938433ea076 [stream]
[debug] [2026-06-26T06:11:02.563Z] >>> [apiv2][query] POST https://upload-firebasehosting.googleapis.com/upload/sites/cuadernofp/versions/64e609dee986553f/files/b22f745eb24472e6db6b9943c8ddf07f34fdb7d5c7a66701d5c72ce009391d28 [none]
[debug] [2026-06-26T06:11:02.563Z] >>> [apiv2][body] POST https://upload-firebasehosting.googleapis.com/upload/sites/cuadernofp/versions/64e609dee986553f/files/b22f745eb24472e6db6b9943c8ddf07f34fdb7d5c7a66701d5c72ce009391d28 [stream]
[debug] [2026-06-26T06:11:02.564Z] >>> [apiv2][query] POST https://upload-firebasehosting.googleapis.com/upload/sites/cuadernofp/versions/64e609dee986553f/files/d63f3cb285d82f8ef1723638d2e0840190864a7b901e57cafb8d66684a8c40af [none]
[debug] [2026-06-26T06:11:02.564Z] >>> [apiv2][body] POST https://upload-firebasehosting.googleapis.com/upload/sites/cuadernofp/versions/64e609dee986553f/files/d63f3cb285d82f8ef1723638d2e0840190864a7b901e57cafb8d66684a8c40af [stream]
[debug] [2026-06-26T06:11:02.564Z] >>> [apiv2][query] POST https://upload-firebasehosting.googleapis.com/upload/sites/cuadernofp/versions/64e609dee986553f/files/d334956687aa57a06579be18a944983e4ecc96d4a8125728799869944c306b1e [none]
[debug] [2026-06-26T06:11:02.564Z] >>> [apiv2][body] POST https://upload-firebasehosting.googleapis.com/upload/sites/cuadernofp/versions/64e609dee986553f/files/d334956687aa57a06579be18a944983e4ecc96d4a8125728799869944c306b1e [stream]
[debug] [2026-06-26T06:11:02.565Z] >>> [apiv2][query] POST https://upload-firebasehosting.googleapis.com/upload/sites/cuadernofp/versions/64e609dee986553f/files/ea0d16a6b4d6aaeccbb07fddf39420575c9bc23e21530ec6906bee993cce1d9b [none]
[debug] [2026-06-26T06:11:02.565Z] >>> [apiv2][body] POST https://upload-firebasehosting.googleapis.com/upload/sites/cuadernofp/versions/64e609dee986553f/files/ea0d16a6b4d6aaeccbb07fddf39420575c9bc23e21530ec6906bee993cce1d9b [stream]
[debug] [2026-06-26T06:11:02.565Z] >>> [apiv2][query] POST https://upload-firebasehosting.googleapis.com/upload/sites/cuadernofp/versions/64e609dee986553f/files/bbd5f69b63d63d6f3f1fca949029bc7d1279157c7f61a3b596dd17d613dca517 [none]
[debug] [2026-06-26T06:11:02.565Z] >>> [apiv2][body] POST https://upload-firebasehosting.googleapis.com/upload/sites/cuadernofp/versions/64e609dee986553f/files/bbd5f69b63d63d6f3f1fca949029bc7d1279157c7f61a3b596dd17d613dca517 [stream]
[debug] [2026-06-26T06:11:02.566Z] >>> [apiv2][query] POST https://upload-firebasehosting.googleapis.com/upload/sites/cuadernofp/versions/64e609dee986553f/files/27e850797d4893bc0c48d32c31403b35f435a08af06e3f1f39d8ffd12d62e2da [none]
[debug] [2026-06-26T06:11:02.566Z] >>> [apiv2][body] POST https://upload-firebasehosting.googleapis.com/upload/sites/cuadernofp/versions/64e609dee986553f/files/27e850797d4893bc0c48d32c31403b35f435a08af06e3f1f39d8ffd12d62e2da [stream]
[debug] [2026-06-26T06:11:02.566Z] >>> [apiv2][query] POST https://upload-firebasehosting.googleapis.com/upload/sites/cuadernofp/versions/64e609dee986553f/files/4fd9a4cfaf31f539e9ab2e0b3e2df5651ddd0cf21ec7ad9f93b61dac304962ac [none]
[debug] [2026-06-26T06:11:02.566Z] >>> [apiv2][body] POST https://upload-firebasehosting.googleapis.com/upload/sites/cuadernofp/versions/64e609dee986553f/files/4fd9a4cfaf31f539e9ab2e0b3e2df5651ddd0cf21ec7ad9f93b61dac304962ac [stream]
[debug] [2026-06-26T06:11:02.567Z] >>> [apiv2][query] POST https://upload-firebasehosting.googleapis.com/upload/sites/cuadernofp/versions/64e609dee986553f/files/f86ada64b49b5d9c473f71a6b8d11ba1c34f843b719e7c6c2110cd850c4fb12e [none]
[debug] [2026-06-26T06:11:02.567Z] >>> [apiv2][body] POST https://upload-firebasehosting.googleapis.com/upload/sites/cuadernofp/versions/64e609dee986553f/files/f86ada64b49b5d9c473f71a6b8d11ba1c34f843b719e7c6c2110cd850c4fb12e [stream]
[debug] [2026-06-26T06:11:02.567Z] >>> [apiv2][query] POST https://upload-firebasehosting.googleapis.com/upload/sites/cuadernofp/versions/64e609dee986553f/files/b2b9733de4bf92bb38ae14b56b57285fc34e790c11f97e859ec7ad59d1656985 [none]
[debug] [2026-06-26T06:11:02.567Z] >>> [apiv2][body] POST https://upload-firebasehosting.googleapis.com/upload/sites/cuadernofp/versions/64e609dee986553f/files/b2b9733de4bf92bb38ae14b56b57285fc34e790c11f97e859ec7ad59d1656985 [stream]
[debug] [2026-06-26T06:11:02.568Z] >>> [apiv2][query] POST https://upload-firebasehosting.googleapis.com/upload/sites/cuadernofp/versions/64e609dee986553f/files/5c2ffe4fda1fb71b7d06f95aa97015ebca55803bd24a7b0749ac254e3502c9f0 [none]
[debug] [2026-06-26T06:11:02.568Z] >>> [apiv2][body] POST https://upload-firebasehosting.googleapis.com/upload/sites/cuadernofp/versions/64e609dee986553f/files/5c2ffe4fda1fb71b7d06f95aa97015ebca55803bd24a7b0749ac254e3502c9f0 [stream]
[debug] [2026-06-26T06:11:02.568Z] >>> [apiv2][query] POST https://upload-firebasehosting.googleapis.com/upload/sites/cuadernofp/versions/64e609dee986553f/files/edc11f642043808eab2cf925845743c27c683734f0075e81a79e843a1b2d6706 [none]
[debug] [2026-06-26T06:11:02.568Z] >>> [apiv2][body] POST https://upload-firebasehosting.googleapis.com/upload/sites/cuadernofp/versions/64e609dee986553f/files/edc11f642043808eab2cf925845743c27c683734f0075e81a79e843a1b2d6706 [stream]
[debug] [2026-06-26T06:11:02.569Z] >>> [apiv2][query] POST https://upload-firebasehosting.googleapis.com/upload/sites/cuadernofp/versions/64e609dee986553f/files/855240ee1df6a693784d7a1501d9035b0a952bf16834bbe791e33f41ee54bd28 [none]
[debug] [2026-06-26T06:11:02.569Z] >>> [apiv2][body] POST https://upload-firebasehosting.googleapis.com/upload/sites/cuadernofp/versions/64e609dee986553f/files/855240ee1df6a693784d7a1501d9035b0a952bf16834bbe791e33f41ee54bd28 [stream]
[debug] [2026-06-26T06:11:02.569Z] >>> [apiv2][query] POST https://upload-firebasehosting.googleapis.com/upload/sites/cuadernofp/versions/64e609dee986553f/files/1011b17b7044aa2154b362ed24dd2a7b01d8f54b81671b0811b8ae0e9d2cab2f [none]
[debug] [2026-06-26T06:11:02.569Z] >>> [apiv2][body] POST https://upload-firebasehosting.googleapis.com/upload/sites/cuadernofp/versions/64e609dee986553f/files/1011b17b7044aa2154b362ed24dd2a7b01d8f54b81671b0811b8ae0e9d2cab2f [stream]
[debug] [2026-06-26T06:11:02.569Z] >>> [apiv2][query] POST https://upload-firebasehosting.googleapis.com/upload/sites/cuadernofp/versions/64e609dee986553f/files/845260eebd08337f0139481d3e09c6a0f667de434bb6b3c30461911d57a71bf8 [none]
[debug] [2026-06-26T06:11:02.569Z] >>> [apiv2][body] POST https://upload-firebasehosting.googleapis.com/upload/sites/cuadernofp/versions/64e609dee986553f/files/845260eebd08337f0139481d3e09c6a0f667de434bb6b3c30461911d57a71bf8 [stream]
[debug] [2026-06-26T06:11:02.570Z] >>> [apiv2][query] POST https://upload-firebasehosting.googleapis.com/upload/sites/cuadernofp/versions/64e609dee986553f/files/c782ce6db148d75242985ccd95f7e8bcb3c9245faa3c6ae19fd27ce0f7ccfb50 [none]
[debug] [2026-06-26T06:11:02.570Z] >>> [apiv2][body] POST https://upload-firebasehosting.googleapis.com/upload/sites/cuadernofp/versions/64e609dee986553f/files/c782ce6db148d75242985ccd95f7e8bcb3c9245faa3c6ae19fd27ce0f7ccfb50 [stream]
[debug] [2026-06-26T06:11:02.571Z] >>> [apiv2][query] POST https://upload-firebasehosting.googleapis.com/upload/sites/cuadernofp/versions/64e609dee986553f/files/5e6f6f604be813f926a942b344ced8dc023c8edac8e3cf64615bf41f1bf7bd6b [none]
[debug] [2026-06-26T06:11:02.571Z] >>> [apiv2][body] POST https://upload-firebasehosting.googleapis.com/upload/sites/cuadernofp/versions/64e609dee986553f/files/5e6f6f604be813f926a942b344ced8dc023c8edac8e3cf64615bf41f1bf7bd6b [stream]
[debug] [2026-06-26T06:11:02.571Z] >>> [apiv2][query] POST https://upload-firebasehosting.googleapis.com/upload/sites/cuadernofp/versions/64e609dee986553f/files/2476d52e2e2f6bac8948556adc4421546d84c0f9066f43deecb3e49f798901b0 [none]
[debug] [2026-06-26T06:11:02.571Z] >>> [apiv2][body] POST https://upload-firebasehosting.googleapis.com/upload/sites/cuadernofp/versions/64e609dee986553f/files/2476d52e2e2f6bac8948556adc4421546d84c0f9066f43deecb3e49f798901b0 [stream]
[debug] [2026-06-26T06:11:02.572Z] >>> [apiv2][query] POST https://upload-firebasehosting.googleapis.com/upload/sites/cuadernofp/versions/64e609dee986553f/files/cd96567a4c627acbdabd6e2fbba58c9d0e5f36cddbeb010125baa9249846ef01 [none]
[debug] [2026-06-26T06:11:02.572Z] >>> [apiv2][body] POST https://upload-firebasehosting.googleapis.com/upload/sites/cuadernofp/versions/64e609dee986553f/files/cd96567a4c627acbdabd6e2fbba58c9d0e5f36cddbeb010125baa9249846ef01 [stream]
[debug] [2026-06-26T06:11:02.572Z] >>> [apiv2][query] POST https://upload-firebasehosting.googleapis.com/upload/sites/cuadernofp/versions/64e609dee986553f/files/968339ffc0e912c065d15dba8eb78c84ba0707885e0aaf0cd5b43bcf17a47b64 [none]
[debug] [2026-06-26T06:11:02.572Z] >>> [apiv2][body] POST https://upload-firebasehosting.googleapis.com/upload/sites/cuadernofp/versions/64e609dee986553f/files/968339ffc0e912c065d15dba8eb78c84ba0707885e0aaf0cd5b43bcf17a47b64 [stream]
[debug] [2026-06-26T06:11:02.572Z] >>> [apiv2][query] POST https://upload-firebasehosting.googleapis.com/upload/sites/cuadernofp/versions/64e609dee986553f/files/7df9d916b6092297d1ff474ad12fabd1944dad756c59e47d40393156d6e71327 [none]
[debug] [2026-06-26T06:11:02.572Z] >>> [apiv2][body] POST https://upload-firebasehosting.googleapis.com/upload/sites/cuadernofp/versions/64e609dee986553f/files/7df9d916b6092297d1ff474ad12fabd1944dad756c59e47d40393156d6e71327 [stream]
[debug] [2026-06-26T06:11:02.573Z] >>> [apiv2][query] POST https://upload-firebasehosting.googleapis.com/upload/sites/cuadernofp/versions/64e609dee986553f/files/fd82bcc080f11400d5f8913c497512a45e6025729bc0bf14f6cbaa4f92af993e [none]
[debug] [2026-06-26T06:11:02.573Z] >>> [apiv2][body] POST https://upload-firebasehosting.googleapis.com/upload/sites/cuadernofp/versions/64e609dee986553f/files/fd82bcc080f11400d5f8913c497512a45e6025729bc0bf14f6cbaa4f92af993e [stream]
[debug] [2026-06-26T06:11:02.573Z] >>> [apiv2][query] POST https://upload-firebasehosting.googleapis.com/upload/sites/cuadernofp/versions/64e609dee986553f/files/b3ffcbf1340637166345c596160bea5dfa77ff510ec9b8a2d22e92b9673992cf [none]
[debug] [2026-06-26T06:11:02.574Z] >>> [apiv2][body] POST https://upload-firebasehosting.googleapis.com/upload/sites/cuadernofp/versions/64e609dee986553f/files/b3ffcbf1340637166345c596160bea5dfa77ff510ec9b8a2d22e92b9673992cf [stream]
[debug] [2026-06-26T06:11:02.574Z] >>> [apiv2][query] POST https://upload-firebasehosting.googleapis.com/upload/sites/cuadernofp/versions/64e609dee986553f/files/d8f8acb5a01fdb0a1111c3aaaea0f67220b3d4124228c77cef7b6f52ae5776d2 [none]
[debug] [2026-06-26T06:11:02.574Z] >>> [apiv2][body] POST https://upload-firebasehosting.googleapis.com/upload/sites/cuadernofp/versions/64e609dee986553f/files/d8f8acb5a01fdb0a1111c3aaaea0f67220b3d4124228c77cef7b6f52ae5776d2 [stream]
[debug] [2026-06-26T06:11:02.575Z] >>> [apiv2][query] POST https://upload-firebasehosting.googleapis.com/upload/sites/cuadernofp/versions/64e609dee986553f/files/cc214b3c712025e00a07c595aae9523f4479f5687598d107e341e6e3eac06fea [none]
[debug] [2026-06-26T06:11:02.575Z] >>> [apiv2][body] POST https://upload-firebasehosting.googleapis.com/upload/sites/cuadernofp/versions/64e609dee986553f/files/cc214b3c712025e00a07c595aae9523f4479f5687598d107e341e6e3eac06fea [stream]
[debug] [2026-06-26T06:11:02.575Z] >>> [apiv2][query] POST https://upload-firebasehosting.googleapis.com/upload/sites/cuadernofp/versions/64e609dee986553f/files/847f5d61d3f9bcd1c561957b04a7ce11c7e3e0e8062f8788e590476cc4d7f1f0 [none]
[debug] [2026-06-26T06:11:02.575Z] >>> [apiv2][body] POST https://upload-firebasehosting.googleapis.com/upload/sites/cuadernofp/versions/64e609dee986553f/files/847f5d61d3f9bcd1c561957b04a7ce11c7e3e0e8062f8788e590476cc4d7f1f0 [stream]
[debug] [2026-06-26T06:11:02.575Z] >>> [apiv2][query] POST https://upload-firebasehosting.googleapis.com/upload/sites/cuadernofp/versions/64e609dee986553f/files/970c7e0c54a0c477d968c89b79e432514cac0b074eae79a2f70ae68b1c6f9088 [none]
[debug] [2026-06-26T06:11:02.575Z] >>> [apiv2][body] POST https://upload-firebasehosting.googleapis.com/upload/sites/cuadernofp/versions/64e609dee986553f/files/970c7e0c54a0c477d968c89b79e432514cac0b074eae79a2f70ae68b1c6f9088 [stream]
[debug] [2026-06-26T06:11:02.576Z] >>> [apiv2][query] POST https://upload-firebasehosting.googleapis.com/upload/sites/cuadernofp/versions/64e609dee986553f/files/9b6aa298ff4e0f723a749bf0df49a5b7728456a33b3f3d713f26e7295875309a [none]
[debug] [2026-06-26T06:11:02.576Z] >>> [apiv2][body] POST https://upload-firebasehosting.googleapis.com/upload/sites/cuadernofp/versions/64e609dee986553f/files/9b6aa298ff4e0f723a749bf0df49a5b7728456a33b3f3d713f26e7295875309a [stream]
[debug] [2026-06-26T06:11:02.576Z] >>> [apiv2][query] POST https://upload-firebasehosting.googleapis.com/upload/sites/cuadernofp/versions/64e609dee986553f/files/eda511874108926f3d5af6302c2b4b90226bb9ff8232b3e0cd50a970bcbc2184 [none]
[debug] [2026-06-26T06:11:02.576Z] >>> [apiv2][body] POST https://upload-firebasehosting.googleapis.com/upload/sites/cuadernofp/versions/64e609dee986553f/files/eda511874108926f3d5af6302c2b4b90226bb9ff8232b3e0cd50a970bcbc2184 [stream]
[debug] [2026-06-26T06:11:02.577Z] >>> [apiv2][query] POST https://upload-firebasehosting.googleapis.com/upload/sites/cuadernofp/versions/64e609dee986553f/files/e8c78e86ade408326ffe00dd6008060ec9495bdf1d72d85a52f4ecf971adfc63 [none]
[debug] [2026-06-26T06:11:02.577Z] >>> [apiv2][body] POST https://upload-firebasehosting.googleapis.com/upload/sites/cuadernofp/versions/64e609dee986553f/files/e8c78e86ade408326ffe00dd6008060ec9495bdf1d72d85a52f4ecf971adfc63 [stream]
[debug] [2026-06-26T06:11:02.577Z] >>> [apiv2][query] POST https://upload-firebasehosting.googleapis.com/upload/sites/cuadernofp/versions/64e609dee986553f/files/ebcf6449e867e4412d8d960aae239e7ab01b618a3d0e6da476474a70746a4060 [none]
[debug] [2026-06-26T06:11:02.577Z] >>> [apiv2][body] POST https://upload-firebasehosting.googleapis.com/upload/sites/cuadernofp/versions/64e609dee986553f/files/ebcf6449e867e4412d8d960aae239e7ab01b618a3d0e6da476474a70746a4060 [stream]
[debug] [2026-06-26T06:11:02.578Z] >>> [apiv2][query] POST https://upload-firebasehosting.googleapis.com/upload/sites/cuadernofp/versions/64e609dee986553f/files/48514610f14748d01c845cd74532dea5c90516c7e0fff88c5462de243ed96d06 [none]
[debug] [2026-06-26T06:11:02.578Z] >>> [apiv2][body] POST https://upload-firebasehosting.googleapis.com/upload/sites/cuadernofp/versions/64e609dee986553f/files/48514610f14748d01c845cd74532dea5c90516c7e0fff88c5462de243ed96d06 [stream]
[debug] [2026-06-26T06:11:02.578Z] >>> [apiv2][query] POST https://upload-firebasehosting.googleapis.com/upload/sites/cuadernofp/versions/64e609dee986553f/files/8f8427afe65ef1e4af8fc4ada21c0e11f142ce43514c0aa411aef201d8158622 [none]
[debug] [2026-06-26T06:11:02.578Z] >>> [apiv2][body] POST https://upload-firebasehosting.googleapis.com/upload/sites/cuadernofp/versions/64e609dee986553f/files/8f8427afe65ef1e4af8fc4ada21c0e11f142ce43514c0aa411aef201d8158622 [stream]
[debug] [2026-06-26T06:11:02.579Z] >>> [apiv2][query] POST https://upload-firebasehosting.googleapis.com/upload/sites/cuadernofp/versions/64e609dee986553f/files/d4fa927866df239e1d8a21fbc53b88c586464f46a3c5af23d6dc1ea0b2d0179c [none]
[debug] [2026-06-26T06:11:02.579Z] >>> [apiv2][body] POST https://upload-firebasehosting.googleapis.com/upload/sites/cuadernofp/versions/64e609dee986553f/files/d4fa927866df239e1d8a21fbc53b88c586464f46a3c5af23d6dc1ea0b2d0179c [stream]
[debug] [2026-06-26T06:11:02.580Z] >>> [apiv2][query] POST https://upload-firebasehosting.googleapis.com/upload/sites/cuadernofp/versions/64e609dee986553f/files/d6ab3712b8be65e5011eb4c03a2f1d4e618058f81249827f7efc4cb92176f91e [none]
[debug] [2026-06-26T06:11:02.580Z] >>> [apiv2][body] POST https://upload-firebasehosting.googleapis.com/upload/sites/cuadernofp/versions/64e609dee986553f/files/d6ab3712b8be65e5011eb4c03a2f1d4e618058f81249827f7efc4cb92176f91e [stream]
[debug] [2026-06-26T06:11:02.580Z] >>> [apiv2][query] POST https://upload-firebasehosting.googleapis.com/upload/sites/cuadernofp/versions/64e609dee986553f/files/18f27b883600ac78dc07ca80c66c34c7fd26119a084a80c8ea2d0bbbd501fae5 [none]
[debug] [2026-06-26T06:11:02.580Z] >>> [apiv2][body] POST https://upload-firebasehosting.googleapis.com/upload/sites/cuadernofp/versions/64e609dee986553f/files/18f27b883600ac78dc07ca80c66c34c7fd26119a084a80c8ea2d0bbbd501fae5 [stream]
[debug] [2026-06-26T06:11:02.581Z] >>> [apiv2][query] POST https://upload-firebasehosting.googleapis.com/upload/sites/cuadernofp/versions/64e609dee986553f/files/fee787144f579ff926fe5910f5d5a25a16b4f431b44ca555c20ee97124fc3892 [none]
[debug] [2026-06-26T06:11:02.581Z] >>> [apiv2][body] POST https://upload-firebasehosting.googleapis.com/upload/sites/cuadernofp/versions/64e609dee986553f/files/fee787144f579ff926fe5910f5d5a25a16b4f431b44ca555c20ee97124fc3892 [stream]
[debug] [2026-06-26T06:11:02.581Z] >>> [apiv2][query] POST https://upload-firebasehosting.googleapis.com/upload/sites/cuadernofp/versions/64e609dee986553f/files/1a024a4fff928f8c7412ce1de087e7ddd9e19b2c9d314e066f2e866bc344aa45 [none]
[debug] [2026-06-26T06:11:02.581Z] >>> [apiv2][body] POST https://upload-firebasehosting.googleapis.com/upload/sites/cuadernofp/versions/64e609dee986553f/files/1a024a4fff928f8c7412ce1de087e7ddd9e19b2c9d314e066f2e866bc344aa45 [stream]
[debug] [2026-06-26T06:11:02.581Z] >>> [apiv2][query] POST https://upload-firebasehosting.googleapis.com/upload/sites/cuadernofp/versions/64e609dee986553f/files/481fcd651a185cc1796ba25ce5a77e6a295f8478816921a17b59b270f93b5145 [none]
[debug] [2026-06-26T06:11:02.581Z] >>> [apiv2][body] POST https://upload-firebasehosting.googleapis.com/upload/sites/cuadernofp/versions/64e609dee986553f/files/481fcd651a185cc1796ba25ce5a77e6a295f8478816921a17b59b270f93b5145 [stream]
[debug] [2026-06-26T06:11:02.582Z] >>> [apiv2][query] POST https://upload-firebasehosting.googleapis.com/upload/sites/cuadernofp/versions/64e609dee986553f/files/441acf5f2d6952c1d634158847a67f5b0e5936638d2bf851e88a86b209c3f1cf [none]
[debug] [2026-06-26T06:11:02.582Z] >>> [apiv2][body] POST https://upload-firebasehosting.googleapis.com/upload/sites/cuadernofp/versions/64e609dee986553f/files/441acf5f2d6952c1d634158847a67f5b0e5936638d2bf851e88a86b209c3f1cf [stream]
[debug] [2026-06-26T06:11:02.582Z] >>> [apiv2][query] POST https://upload-firebasehosting.googleapis.com/upload/sites/cuadernofp/versions/64e609dee986553f/files/59b17e9f6b777eb1217c43f407daf5d79f5f6727fce07082b7475bd9d99e5fc3 [none]
[debug] [2026-06-26T06:11:02.582Z] >>> [apiv2][body] POST https://upload-firebasehosting.googleapis.com/upload/sites/cuadernofp/versions/64e609dee986553f/files/59b17e9f6b777eb1217c43f407daf5d79f5f6727fce07082b7475bd9d99e5fc3 [stream]
[debug] [2026-06-26T06:11:02.583Z] >>> [apiv2][query] POST https://upload-firebasehosting.googleapis.com/upload/sites/cuadernofp/versions/64e609dee986553f/files/2015c427ef7f96a7cd85f7d4c61c7574d52f648fd50f03bc755c71abbfbe1826 [none]
[debug] [2026-06-26T06:11:02.583Z] >>> [apiv2][body] POST https://upload-firebasehosting.googleapis.com/upload/sites/cuadernofp/versions/64e609dee986553f/files/2015c427ef7f96a7cd85f7d4c61c7574d52f648fd50f03bc755c71abbfbe1826 [stream]
[debug] [2026-06-26T06:11:02.583Z] >>> [apiv2][query] POST https://upload-firebasehosting.googleapis.com/upload/sites/cuadernofp/versions/64e609dee986553f/files/deb83ea9cada43eb591dfbeef0029a5f02aad3946c15b72f98747e23e55a2ab2 [none]
[debug] [2026-06-26T06:11:02.583Z] >>> [apiv2][body] POST https://upload-firebasehosting.googleapis.com/upload/sites/cuadernofp/versions/64e609dee986553f/files/deb83ea9cada43eb591dfbeef0029a5f02aad3946c15b72f98747e23e55a2ab2 [stream]
[debug] [2026-06-26T06:11:02.584Z] >>> [apiv2][query] POST https://upload-firebasehosting.googleapis.com/upload/sites/cuadernofp/versions/64e609dee986553f/files/dfe7a25b051af534b8aeccbd4ed0f922110dbfd01f966d4f03daf34108f8d265 [none]
[debug] [2026-06-26T06:11:02.584Z] >>> [apiv2][body] POST https://upload-firebasehosting.googleapis.com/upload/sites/cuadernofp/versions/64e609dee986553f/files/dfe7a25b051af534b8aeccbd4ed0f922110dbfd01f966d4f03daf34108f8d265 [stream]
[debug] [2026-06-26T06:11:02.584Z] >>> [apiv2][query] POST https://upload-firebasehosting.googleapis.com/upload/sites/cuadernofp/versions/64e609dee986553f/files/666bd6dda8b7f0da62b12fa3b46151c5a79f59c339e0b21fed89ce7c9b10fe36 [none]
[debug] [2026-06-26T06:11:02.584Z] >>> [apiv2][body] POST https://upload-firebasehosting.googleapis.com/upload/sites/cuadernofp/versions/64e609dee986553f/files/666bd6dda8b7f0da62b12fa3b46151c5a79f59c339e0b21fed89ce7c9b10fe36 [stream]
[debug] [2026-06-26T06:11:02.584Z] >>> [apiv2][query] POST https://upload-firebasehosting.googleapis.com/upload/sites/cuadernofp/versions/64e609dee986553f/files/60cde1b1c19653086a792b38b1f459937377eb41f942127b2261fa983742c2c9 [none]
[debug] [2026-06-26T06:11:02.584Z] >>> [apiv2][body] POST https://upload-firebasehosting.googleapis.com/upload/sites/cuadernofp/versions/64e609dee986553f/files/60cde1b1c19653086a792b38b1f459937377eb41f942127b2261fa983742c2c9 [stream]
[debug] [2026-06-26T06:11:02.585Z] >>> [apiv2][query] POST https://upload-firebasehosting.googleapis.com/upload/sites/cuadernofp/versions/64e609dee986553f/files/07e697c22a086a71acf2651ad1950496ffc55b2cc25ff33ba5040fbdb2068df1 [none]
[debug] [2026-06-26T06:11:02.585Z] >>> [apiv2][body] POST https://upload-firebasehosting.googleapis.com/upload/sites/cuadernofp/versions/64e609dee986553f/files/07e697c22a086a71acf2651ad1950496ffc55b2cc25ff33ba5040fbdb2068df1 [stream]
[debug] [2026-06-26T06:11:02.585Z] >>> [apiv2][query] POST https://upload-firebasehosting.googleapis.com/upload/sites/cuadernofp/versions/64e609dee986553f/files/fc3e1df4a4eff612272f762122ffe281cf5032dc09331aa131d49ec52a4f6461 [none]
[debug] [2026-06-26T06:11:02.585Z] >>> [apiv2][body] POST https://upload-firebasehosting.googleapis.com/upload/sites/cuadernofp/versions/64e609dee986553f/files/fc3e1df4a4eff612272f762122ffe281cf5032dc09331aa131d49ec52a4f6461 [stream]
[debug] [2026-06-26T06:11:02.586Z] >>> [apiv2][query] POST https://upload-firebasehosting.googleapis.com/upload/sites/cuadernofp/versions/64e609dee986553f/files/9e9f6cdd47517281ea2412077771240da1b6f7d90fdd72bf67a5fe5724542384 [none]
[debug] [2026-06-26T06:11:02.586Z] >>> [apiv2][body] POST https://upload-firebasehosting.googleapis.com/upload/sites/cuadernofp/versions/64e609dee986553f/files/9e9f6cdd47517281ea2412077771240da1b6f7d90fdd72bf67a5fe5724542384 [stream]
[debug] [2026-06-26T06:11:02.589Z] >>> [apiv2][query] POST https://upload-firebasehosting.googleapis.com/upload/sites/cuadernofp/versions/64e609dee986553f/files/286a6121b44189a62fad1874add67c778d6e383626f6f4c3f3b63f717d1c27e6 [none]
[debug] [2026-06-26T06:11:02.589Z] >>> [apiv2][body] POST https://upload-firebasehosting.googleapis.com/upload/sites/cuadernofp/versions/64e609dee986553f/files/286a6121b44189a62fad1874add67c778d6e383626f6f4c3f3b63f717d1c27e6 [stream]
[debug] [2026-06-26T06:11:02.590Z] [hosting][populate queue][FINAL] {"max":3654,"min":3654,"avg":3654,"active":0,"complete":1,"success":1,"errored":0,"retried":0,"total":1,"elapsed":3710}
[debug] [2026-06-26T06:11:02.590Z] [hosting] uploads queued: 105
[info] i  hosting: uploading new files [0/105] (0%) 
[debug] [2026-06-26T06:11:03.734Z] <<< [apiv2][status] POST https://upload-firebasehosting.googleapis.com/upload/sites/cuadernofp/versions/64e609dee986553f/files/8d10bcc51ef2dd3f726ff33e841edaafce3709174d91de887fe01303272a9aa8 200
[debug] [2026-06-26T06:11:03.734Z] <<< [apiv2][body] POST https://upload-firebasehosting.googleapis.com/upload/sites/cuadernofp/versions/64e609dee986553f/files/8d10bcc51ef2dd3f726ff33e841edaafce3709174d91de887fe01303272a9aa8 [stream]
[debug] [2026-06-26T06:11:03.734Z] <<< [apiv2][status] POST https://upload-firebasehosting.googleapis.com/upload/sites/cuadernofp/versions/64e609dee986553f/files/59544e8285c97e399ba03ae96577b942d87a35cb465580a59fdf79b484fc4ed4 200
[debug] [2026-06-26T06:11:03.734Z] <<< [apiv2][body] POST https://upload-firebasehosting.googleapis.com/upload/sites/cuadernofp/versions/64e609dee986553f/files/59544e8285c97e399ba03ae96577b942d87a35cb465580a59fdf79b484fc4ed4 [stream]
[debug] [2026-06-26T06:11:03.734Z] <<< [apiv2][status] POST https://upload-firebasehosting.googleapis.com/upload/sites/cuadernofp/versions/64e609dee986553f/files/562b73d625c204825c52a0e9d9e6e3732ed8a586b707d51d0dd60a04683f1db7 200
[debug] [2026-06-26T06:11:03.734Z] <<< [apiv2][body] POST https://upload-firebasehosting.googleapis.com/upload/sites/cuadernofp/versions/64e609dee986553f/files/562b73d625c204825c52a0e9d9e6e3732ed8a586b707d51d0dd60a04683f1db7 [stream]
[debug] [2026-06-26T06:11:03.735Z] <<< [apiv2][status] POST https://upload-firebasehosting.googleapis.com/upload/sites/cuadernofp/versions/64e609dee986553f/files/19121e4f5bc134c16c7b9dba518c869ca981f91e5e6f9d5a9e177ce796710776 200
[debug] [2026-06-26T06:11:03.735Z] <<< [apiv2][body] POST https://upload-firebasehosting.googleapis.com/upload/sites/cuadernofp/versions/64e609dee986553f/files/19121e4f5bc134c16c7b9dba518c869ca981f91e5e6f9d5a9e177ce796710776 [stream]
[debug] [2026-06-26T06:11:03.735Z] <<< [apiv2][status] POST https://upload-firebasehosting.googleapis.com/upload/sites/cuadernofp/versions/64e609dee986553f/files/d8f8acb5a01fdb0a1111c3aaaea0f67220b3d4124228c77cef7b6f52ae5776d2 200
[debug] [2026-06-26T06:11:03.735Z] <<< [apiv2][body] POST https://upload-firebasehosting.googleapis.com/upload/sites/cuadernofp/versions/64e609dee986553f/files/d8f8acb5a01fdb0a1111c3aaaea0f67220b3d4124228c77cef7b6f52ae5776d2 [stream]
[debug] [2026-06-26T06:11:03.735Z] <<< [apiv2][status] POST https://upload-firebasehosting.googleapis.com/upload/sites/cuadernofp/versions/64e609dee986553f/files/41d594cea78dfbd4ad068f92f7f23fce490e2a901793a17ff4d3514fa7c3941b 200
[debug] [2026-06-26T06:11:03.735Z] <<< [apiv2][body] POST https://upload-firebasehosting.googleapis.com/upload/sites/cuadernofp/versions/64e609dee986553f/files/41d594cea78dfbd4ad068f92f7f23fce490e2a901793a17ff4d3514fa7c3941b [stream]
[debug] [2026-06-26T06:11:03.736Z] <<< [apiv2][status] POST https://upload-firebasehosting.googleapis.com/upload/sites/cuadernofp/versions/64e609dee986553f/files/67b3659bf2c820f570d61c82d065c46d4372d08ba8e7c28108f28cbb171596fa 200
[debug] [2026-06-26T06:11:03.736Z] <<< [apiv2][body] POST https://upload-firebasehosting.googleapis.com/upload/sites/cuadernofp/versions/64e609dee986553f/files/67b3659bf2c820f570d61c82d065c46d4372d08ba8e7c28108f28cbb171596fa [stream]
[debug] [2026-06-26T06:11:03.736Z] <<< [apiv2][status] POST https://upload-firebasehosting.googleapis.com/upload/sites/cuadernofp/versions/64e609dee986553f/files/ae8ca3c39e23852aad5bdfd751c09efeb6289a419a833d6f0f31bb6192c22014 200
[debug] [2026-06-26T06:11:03.736Z] <<< [apiv2][body] POST https://upload-firebasehosting.googleapis.com/upload/sites/cuadernofp/versions/64e609dee986553f/files/ae8ca3c39e23852aad5bdfd751c09efeb6289a419a833d6f0f31bb6192c22014 [stream]
[debug] [2026-06-26T06:11:03.736Z] <<< [apiv2][status] POST https://upload-firebasehosting.googleapis.com/upload/sites/cuadernofp/versions/64e609dee986553f/files/587557a19b0809b1a2d65d86124742296f3c622d627759f06569ced1ca85e0fa 200
[debug] [2026-06-26T06:11:03.736Z] <<< [apiv2][body] POST https://upload-firebasehosting.googleapis.com/upload/sites/cuadernofp/versions/64e609dee986553f/files/587557a19b0809b1a2d65d86124742296f3c622d627759f06569ced1ca85e0fa [stream]
[debug] [2026-06-26T06:11:03.736Z] <<< [apiv2][status] POST https://upload-firebasehosting.googleapis.com/upload/sites/cuadernofp/versions/64e609dee986553f/files/18f27b883600ac78dc07ca80c66c34c7fd26119a084a80c8ea2d0bbbd501fae5 200
[debug] [2026-06-26T06:11:03.736Z] <<< [apiv2][body] POST https://upload-firebasehosting.googleapis.com/upload/sites/cuadernofp/versions/64e609dee986553f/files/18f27b883600ac78dc07ca80c66c34c7fd26119a084a80c8ea2d0bbbd501fae5 [stream]
[debug] [2026-06-26T06:11:03.737Z] <<< [apiv2][status] POST https://upload-firebasehosting.googleapis.com/upload/sites/cuadernofp/versions/64e609dee986553f/files/cd96567a4c627acbdabd6e2fbba58c9d0e5f36cddbeb010125baa9249846ef01 200
[debug] [2026-06-26T06:11:03.737Z] <<< [apiv2][body] POST https://upload-firebasehosting.googleapis.com/upload/sites/cuadernofp/versions/64e609dee986553f/files/cd96567a4c627acbdabd6e2fbba58c9d0e5f36cddbeb010125baa9249846ef01 [stream]
[debug] [2026-06-26T06:11:03.737Z] <<< [apiv2][status] POST https://upload-firebasehosting.googleapis.com/upload/sites/cuadernofp/versions/64e609dee986553f/files/6e78a4f80e52ba7044b98ef3e92000cdad40b90df7af4d54181c8c7c81caf17c 200
[debug] [2026-06-26T06:11:03.737Z] <<< [apiv2][body] POST https://upload-firebasehosting.googleapis.com/upload/sites/cuadernofp/versions/64e609dee986553f/files/6e78a4f80e52ba7044b98ef3e92000cdad40b90df7af4d54181c8c7c81caf17c [stream]
[debug] [2026-06-26T06:11:03.737Z] <<< [apiv2][status] POST https://upload-firebasehosting.googleapis.com/upload/sites/cuadernofp/versions/64e609dee986553f/files/2476d52e2e2f6bac8948556adc4421546d84c0f9066f43deecb3e49f798901b0 200
[debug] [2026-06-26T06:11:03.737Z] <<< [apiv2][body] POST https://upload-firebasehosting.googleapis.com/upload/sites/cuadernofp/versions/64e609dee986553f/files/2476d52e2e2f6bac8948556adc4421546d84c0f9066f43deecb3e49f798901b0 [stream]
[debug] [2026-06-26T06:11:03.738Z] <<< [apiv2][status] POST https://upload-firebasehosting.googleapis.com/upload/sites/cuadernofp/versions/64e609dee986553f/files/094dacec4e5c8e7d72b947a8cae7f71b39bd93322563d6fa17600f7b9f3597d4 200
[debug] [2026-06-26T06:11:03.738Z] <<< [apiv2][body] POST https://upload-firebasehosting.googleapis.com/upload/sites/cuadernofp/versions/64e609dee986553f/files/094dacec4e5c8e7d72b947a8cae7f71b39bd93322563d6fa17600f7b9f3597d4 [stream]
[debug] [2026-06-26T06:11:03.738Z] <<< [apiv2][status] POST https://upload-firebasehosting.googleapis.com/upload/sites/cuadernofp/versions/64e609dee986553f/files/fc3e1df4a4eff612272f762122ffe281cf5032dc09331aa131d49ec52a4f6461 200
[debug] [2026-06-26T06:11:03.738Z] <<< [apiv2][body] POST https://upload-firebasehosting.googleapis.com/upload/sites/cuadernofp/versions/64e609dee986553f/files/fc3e1df4a4eff612272f762122ffe281cf5032dc09331aa131d49ec52a4f6461 [stream]
[debug] [2026-06-26T06:11:03.738Z] <<< [apiv2][status] POST https://upload-firebasehosting.googleapis.com/upload/sites/cuadernofp/versions/64e609dee986553f/files/eda511874108926f3d5af6302c2b4b90226bb9ff8232b3e0cd50a970bcbc2184 200
[debug] [2026-06-26T06:11:03.738Z] <<< [apiv2][body] POST https://upload-firebasehosting.googleapis.com/upload/sites/cuadernofp/versions/64e609dee986553f/files/eda511874108926f3d5af6302c2b4b90226bb9ff8232b3e0cd50a970bcbc2184 [stream]
[debug] [2026-06-26T06:11:03.738Z] <<< [apiv2][status] POST https://upload-firebasehosting.googleapis.com/upload/sites/cuadernofp/versions/64e609dee986553f/files/f66af73fb512efb95fa53174eeec05e551b950ce4027816c28da2c219317d85d 200
[debug] [2026-06-26T06:11:03.738Z] <<< [apiv2][body] POST https://upload-firebasehosting.googleapis.com/upload/sites/cuadernofp/versions/64e609dee986553f/files/f66af73fb512efb95fa53174eeec05e551b950ce4027816c28da2c219317d85d [stream]
[debug] [2026-06-26T06:11:03.739Z] <<< [apiv2][status] POST https://upload-firebasehosting.googleapis.com/upload/sites/cuadernofp/versions/64e609dee986553f/files/39d0f9e23f62714fd67a5ce73a6c73d058143ba1e1df13c1f944e16d7d339f99 200
[debug] [2026-06-26T06:11:03.739Z] <<< [apiv2][body] POST https://upload-firebasehosting.googleapis.com/upload/sites/cuadernofp/versions/64e609dee986553f/files/39d0f9e23f62714fd67a5ce73a6c73d058143ba1e1df13c1f944e16d7d339f99 [stream]
[debug] [2026-06-26T06:11:03.739Z] <<< [apiv2][status] POST https://upload-firebasehosting.googleapis.com/upload/sites/cuadernofp/versions/64e609dee986553f/files/fee787144f579ff926fe5910f5d5a25a16b4f431b44ca555c20ee97124fc3892 200
[debug] [2026-06-26T06:11:03.739Z] <<< [apiv2][body] POST https://upload-firebasehosting.googleapis.com/upload/sites/cuadernofp/versions/64e609dee986553f/files/fee787144f579ff926fe5910f5d5a25a16b4f431b44ca555c20ee97124fc3892 [stream]
[debug] [2026-06-26T06:11:03.739Z] <<< [apiv2][status] POST https://upload-firebasehosting.googleapis.com/upload/sites/cuadernofp/versions/64e609dee986553f/files/915c8e618c7810ae0fd8f714e1c07daeed583160d77bd5d9a7f656ac7a68dd45 200
[debug] [2026-06-26T06:11:03.739Z] <<< [apiv2][body] POST https://upload-firebasehosting.googleapis.com/upload/sites/cuadernofp/versions/64e609dee986553f/files/915c8e618c7810ae0fd8f714e1c07daeed583160d77bd5d9a7f656ac7a68dd45 [stream]
[debug] [2026-06-26T06:11:03.739Z] <<< [apiv2][status] POST https://upload-firebasehosting.googleapis.com/upload/sites/cuadernofp/versions/64e609dee986553f/files/a23729440e61f4277be5f5bb57839a0464abbed8512795f8a120582435c972b8 200
[debug] [2026-06-26T06:11:03.739Z] <<< [apiv2][body] POST https://upload-firebasehosting.googleapis.com/upload/sites/cuadernofp/versions/64e609dee986553f/files/a23729440e61f4277be5f5bb57839a0464abbed8512795f8a120582435c972b8 [stream]
[debug] [2026-06-26T06:11:03.740Z] <<< [apiv2][status] POST https://upload-firebasehosting.googleapis.com/upload/sites/cuadernofp/versions/64e609dee986553f/files/5e6f6f604be813f926a942b344ced8dc023c8edac8e3cf64615bf41f1bf7bd6b 200
[debug] [2026-06-26T06:11:03.740Z] <<< [apiv2][body] POST https://upload-firebasehosting.googleapis.com/upload/sites/cuadernofp/versions/64e609dee986553f/files/5e6f6f604be813f926a942b344ced8dc023c8edac8e3cf64615bf41f1bf7bd6b [stream]
[debug] [2026-06-26T06:11:03.740Z] <<< [apiv2][status] POST https://upload-firebasehosting.googleapis.com/upload/sites/cuadernofp/versions/64e609dee986553f/files/3d40766a5794bec169a0ac09483ccb615a528680ec3930b4c21388413bef1d20 200
[debug] [2026-06-26T06:11:03.740Z] <<< [apiv2][body] POST https://upload-firebasehosting.googleapis.com/upload/sites/cuadernofp/versions/64e609dee986553f/files/3d40766a5794bec169a0ac09483ccb615a528680ec3930b4c21388413bef1d20 [stream]
[debug] [2026-06-26T06:11:03.740Z] <<< [apiv2][status] POST https://upload-firebasehosting.googleapis.com/upload/sites/cuadernofp/versions/64e609dee986553f/files/339a60179c4acb95f3341b58041ee84461cdf692c62a480411ec1f29127ce202 200
[debug] [2026-06-26T06:11:03.740Z] <<< [apiv2][body] POST https://upload-firebasehosting.googleapis.com/upload/sites/cuadernofp/versions/64e609dee986553f/files/339a60179c4acb95f3341b58041ee84461cdf692c62a480411ec1f29127ce202 [stream]
[debug] [2026-06-26T06:11:03.740Z] <<< [apiv2][status] POST https://upload-firebasehosting.googleapis.com/upload/sites/cuadernofp/versions/64e609dee986553f/files/b3ffcbf1340637166345c596160bea5dfa77ff510ec9b8a2d22e92b9673992cf 200
[debug] [2026-06-26T06:11:03.741Z] <<< [apiv2][body] POST https://upload-firebasehosting.googleapis.com/upload/sites/cuadernofp/versions/64e609dee986553f/files/b3ffcbf1340637166345c596160bea5dfa77ff510ec9b8a2d22e92b9673992cf [stream]
[debug] [2026-06-26T06:11:03.741Z] <<< [apiv2][status] POST https://upload-firebasehosting.googleapis.com/upload/sites/cuadernofp/versions/64e609dee986553f/files/9c335f9e58d8b4c9eb1ffcde32ef4ba7d8910461834f29eb17fc98a6be237ecb 200
[debug] [2026-06-26T06:11:03.741Z] <<< [apiv2][body] POST https://upload-firebasehosting.googleapis.com/upload/sites/cuadernofp/versions/64e609dee986553f/files/9c335f9e58d8b4c9eb1ffcde32ef4ba7d8910461834f29eb17fc98a6be237ecb [stream]
[debug] [2026-06-26T06:11:03.741Z] <<< [apiv2][status] POST https://upload-firebasehosting.googleapis.com/upload/sites/cuadernofp/versions/64e609dee986553f/files/9bc51499d5e614fd8e5dc35c1a960dbe7be9f64d4dc341d52bfdc51661b49e66 200
[debug] [2026-06-26T06:11:03.741Z] <<< [apiv2][body] POST https://upload-firebasehosting.googleapis.com/upload/sites/cuadernofp/versions/64e609dee986553f/files/9bc51499d5e614fd8e5dc35c1a960dbe7be9f64d4dc341d52bfdc51661b49e66 [stream]
[debug] [2026-06-26T06:11:03.741Z] <<< [apiv2][status] POST https://upload-firebasehosting.googleapis.com/upload/sites/cuadernofp/versions/64e609dee986553f/files/481fcd651a185cc1796ba25ce5a77e6a295f8478816921a17b59b270f93b5145 200
[debug] [2026-06-26T06:11:03.741Z] <<< [apiv2][body] POST https://upload-firebasehosting.googleapis.com/upload/sites/cuadernofp/versions/64e609dee986553f/files/481fcd651a185cc1796ba25ce5a77e6a295f8478816921a17b59b270f93b5145 [stream]
[debug] [2026-06-26T06:11:03.742Z] <<< [apiv2][status] POST https://upload-firebasehosting.googleapis.com/upload/sites/cuadernofp/versions/64e609dee986553f/files/f510398aceaec2066433230df884649ce150de70aecbbbb56fc47e1d8e7d63b6 200
[debug] [2026-06-26T06:11:03.742Z] <<< [apiv2][body] POST https://upload-firebasehosting.googleapis.com/upload/sites/cuadernofp/versions/64e609dee986553f/files/f510398aceaec2066433230df884649ce150de70aecbbbb56fc47e1d8e7d63b6 [stream]
[debug] [2026-06-26T06:11:03.742Z] <<< [apiv2][status] POST https://upload-firebasehosting.googleapis.com/upload/sites/cuadernofp/versions/64e609dee986553f/files/9d0cf559b30f9eedfec954ab5ff7bc706116e56e23c9df47a9d7c7ae0b8f9ffd 200
[debug] [2026-06-26T06:11:03.742Z] <<< [apiv2][body] POST https://upload-firebasehosting.googleapis.com/upload/sites/cuadernofp/versions/64e609dee986553f/files/9d0cf559b30f9eedfec954ab5ff7bc706116e56e23c9df47a9d7c7ae0b8f9ffd [stream]
[debug] [2026-06-26T06:11:03.742Z] <<< [apiv2][status] POST https://upload-firebasehosting.googleapis.com/upload/sites/cuadernofp/versions/64e609dee986553f/files/e872313cfd3aac76b6d284222a4111a8cac5f75bab072e8fbe8bc0dd73c40978 200
[debug] [2026-06-26T06:11:03.742Z] <<< [apiv2][body] POST https://upload-firebasehosting.googleapis.com/upload/sites/cuadernofp/versions/64e609dee986553f/files/e872313cfd3aac76b6d284222a4111a8cac5f75bab072e8fbe8bc0dd73c40978 [stream]
[debug] [2026-06-26T06:11:03.742Z] <<< [apiv2][status] POST https://upload-firebasehosting.googleapis.com/upload/sites/cuadernofp/versions/64e609dee986553f/files/9b6aa298ff4e0f723a749bf0df49a5b7728456a33b3f3d713f26e7295875309a 200
[debug] [2026-06-26T06:11:03.742Z] <<< [apiv2][body] POST https://upload-firebasehosting.googleapis.com/upload/sites/cuadernofp/versions/64e609dee986553f/files/9b6aa298ff4e0f723a749bf0df49a5b7728456a33b3f3d713f26e7295875309a [stream]
[debug] [2026-06-26T06:11:03.743Z] <<< [apiv2][status] POST https://upload-firebasehosting.googleapis.com/upload/sites/cuadernofp/versions/64e609dee986553f/files/1525e18f437e7413f4beb403869372f9df3a939dc0d6664bcd94baac15f5e5f7 200
[debug] [2026-06-26T06:11:03.743Z] <<< [apiv2][body] POST https://upload-firebasehosting.googleapis.com/upload/sites/cuadernofp/versions/64e609dee986553f/files/1525e18f437e7413f4beb403869372f9df3a939dc0d6664bcd94baac15f5e5f7 [stream]
[debug] [2026-06-26T06:11:03.743Z] <<< [apiv2][status] POST https://upload-firebasehosting.googleapis.com/upload/sites/cuadernofp/versions/64e609dee986553f/files/e0da2b31b567ee8563408335cf503a8da0188a655e112bef602a7e68655475ba 200
[debug] [2026-06-26T06:11:03.743Z] <<< [apiv2][body] POST https://upload-firebasehosting.googleapis.com/upload/sites/cuadernofp/versions/64e609dee986553f/files/e0da2b31b567ee8563408335cf503a8da0188a655e112bef602a7e68655475ba [stream]
[debug] [2026-06-26T06:11:03.743Z] <<< [apiv2][status] POST https://upload-firebasehosting.googleapis.com/upload/sites/cuadernofp/versions/64e609dee986553f/files/bbd5f69b63d63d6f3f1fca949029bc7d1279157c7f61a3b596dd17d613dca517 200
[debug] [2026-06-26T06:11:03.743Z] <<< [apiv2][body] POST https://upload-firebasehosting.googleapis.com/upload/sites/cuadernofp/versions/64e609dee986553f/files/bbd5f69b63d63d6f3f1fca949029bc7d1279157c7f61a3b596dd17d613dca517 [stream]
[debug] [2026-06-26T06:11:03.743Z] <<< [apiv2][status] POST https://upload-firebasehosting.googleapis.com/upload/sites/cuadernofp/versions/64e609dee986553f/files/1bbe05d312f0abd105fce3e7c5c7c79b93f05254cffc99e371a87efe4acd4c39 200
[debug] [2026-06-26T06:11:03.743Z] <<< [apiv2][body] POST https://upload-firebasehosting.googleapis.com/upload/sites/cuadernofp/versions/64e609dee986553f/files/1bbe05d312f0abd105fce3e7c5c7c79b93f05254cffc99e371a87efe4acd4c39 [stream]
[debug] [2026-06-26T06:11:03.744Z] <<< [apiv2][status] POST https://upload-firebasehosting.googleapis.com/upload/sites/cuadernofp/versions/64e609dee986553f/files/e180cdb6192269c242f134ceb7724d5d7abd2b4a04846bddbdf4e6c924230464 200
[debug] [2026-06-26T06:11:03.744Z] <<< [apiv2][body] POST https://upload-firebasehosting.googleapis.com/upload/sites/cuadernofp/versions/64e609dee986553f/files/e180cdb6192269c242f134ceb7724d5d7abd2b4a04846bddbdf4e6c924230464 [stream]
[debug] [2026-06-26T06:11:03.744Z] <<< [apiv2][status] POST https://upload-firebasehosting.googleapis.com/upload/sites/cuadernofp/versions/64e609dee986553f/files/56e5041654c31c80c35db88399d488a6d92a166c3bcc34f5b3e19ed3a8016316 200
[debug] [2026-06-26T06:11:03.744Z] <<< [apiv2][body] POST https://upload-firebasehosting.googleapis.com/upload/sites/cuadernofp/versions/64e609dee986553f/files/56e5041654c31c80c35db88399d488a6d92a166c3bcc34f5b3e19ed3a8016316 [stream]
[debug] [2026-06-26T06:11:03.744Z] <<< [apiv2][status] POST https://upload-firebasehosting.googleapis.com/upload/sites/cuadernofp/versions/64e609dee986553f/files/d63b2b8103b20987bd9b26be6eff020adbefdbd639a6fecbf1bd3225e355dd18 200
[debug] [2026-06-26T06:11:03.744Z] <<< [apiv2][body] POST https://upload-firebasehosting.googleapis.com/upload/sites/cuadernofp/versions/64e609dee986553f/files/d63b2b8103b20987bd9b26be6eff020adbefdbd639a6fecbf1bd3225e355dd18 [stream]
[debug] [2026-06-26T06:11:03.744Z] <<< [apiv2][status] POST https://upload-firebasehosting.googleapis.com/upload/sites/cuadernofp/versions/64e609dee986553f/files/9e9f6cdd47517281ea2412077771240da1b6f7d90fdd72bf67a5fe5724542384 200
[debug] [2026-06-26T06:11:03.744Z] <<< [apiv2][body] POST https://upload-firebasehosting.googleapis.com/upload/sites/cuadernofp/versions/64e609dee986553f/files/9e9f6cdd47517281ea2412077771240da1b6f7d90fdd72bf67a5fe5724542384 [stream]
[debug] [2026-06-26T06:11:03.745Z] <<< [apiv2][status] POST https://upload-firebasehosting.googleapis.com/upload/sites/cuadernofp/versions/64e609dee986553f/files/1a024a4fff928f8c7412ce1de087e7ddd9e19b2c9d314e066f2e866bc344aa45 200
[debug] [2026-06-26T06:11:03.745Z] <<< [apiv2][body] POST https://upload-firebasehosting.googleapis.com/upload/sites/cuadernofp/versions/64e609dee986553f/files/1a024a4fff928f8c7412ce1de087e7ddd9e19b2c9d314e066f2e866bc344aa45 [stream]
[debug] [2026-06-26T06:11:03.745Z] <<< [apiv2][status] POST https://upload-firebasehosting.googleapis.com/upload/sites/cuadernofp/versions/64e609dee986553f/files/c26033e516714afff0cb555515a53141196458314c54344b34bd5c260f63f025 200
[debug] [2026-06-26T06:11:03.745Z] <<< [apiv2][body] POST https://upload-firebasehosting.googleapis.com/upload/sites/cuadernofp/versions/64e609dee986553f/files/c26033e516714afff0cb555515a53141196458314c54344b34bd5c260f63f025 [stream]
[debug] [2026-06-26T06:11:03.745Z] <<< [apiv2][status] POST https://upload-firebasehosting.googleapis.com/upload/sites/cuadernofp/versions/64e609dee986553f/files/d480f084612601f0ca7f2a06a009a12c8272c83ef588970008d00cfa6e3c8c5f 200
[debug] [2026-06-26T06:11:03.745Z] <<< [apiv2][body] POST https://upload-firebasehosting.googleapis.com/upload/sites/cuadernofp/versions/64e609dee986553f/files/d480f084612601f0ca7f2a06a009a12c8272c83ef588970008d00cfa6e3c8c5f [stream]
[debug] [2026-06-26T06:11:03.746Z] <<< [apiv2][status] POST https://upload-firebasehosting.googleapis.com/upload/sites/cuadernofp/versions/64e609dee986553f/files/7df9d916b6092297d1ff474ad12fabd1944dad756c59e47d40393156d6e71327 200
[debug] [2026-06-26T06:11:03.746Z] <<< [apiv2][body] POST https://upload-firebasehosting.googleapis.com/upload/sites/cuadernofp/versions/64e609dee986553f/files/7df9d916b6092297d1ff474ad12fabd1944dad756c59e47d40393156d6e71327 [stream]
[debug] [2026-06-26T06:11:03.746Z] <<< [apiv2][status] POST https://upload-firebasehosting.googleapis.com/upload/sites/cuadernofp/versions/64e609dee986553f/files/cca018207bc4ac5b17a0720898b36a18553bc0afea7951a22c7033e671a9a472 200
[debug] [2026-06-26T06:11:03.746Z] <<< [apiv2][body] POST https://upload-firebasehosting.googleapis.com/upload/sites/cuadernofp/versions/64e609dee986553f/files/cca018207bc4ac5b17a0720898b36a18553bc0afea7951a22c7033e671a9a472 [stream]
[debug] [2026-06-26T06:11:03.747Z] <<< [apiv2][status] POST https://upload-firebasehosting.googleapis.com/upload/sites/cuadernofp/versions/64e609dee986553f/files/2883bdb4b0fd97ff41d207031b99a0592663911480d69df4805531fffa63233f 200
[debug] [2026-06-26T06:11:03.747Z] <<< [apiv2][body] POST https://upload-firebasehosting.googleapis.com/upload/sites/cuadernofp/versions/64e609dee986553f/files/2883bdb4b0fd97ff41d207031b99a0592663911480d69df4805531fffa63233f [stream]
[debug] [2026-06-26T06:11:03.747Z] <<< [apiv2][status] POST https://upload-firebasehosting.googleapis.com/upload/sites/cuadernofp/versions/64e609dee986553f/files/a60a52047d2ce2c36264d371358fbff037f5da285aa8426220a208c118aed107 200
[debug] [2026-06-26T06:11:03.747Z] <<< [apiv2][body] POST https://upload-firebasehosting.googleapis.com/upload/sites/cuadernofp/versions/64e609dee986553f/files/a60a52047d2ce2c36264d371358fbff037f5da285aa8426220a208c118aed107 [stream]
[debug] [2026-06-26T06:11:03.747Z] <<< [apiv2][status] POST https://upload-firebasehosting.googleapis.com/upload/sites/cuadernofp/versions/64e609dee986553f/files/8b2602c2d0dd1605b6064dbd90b1f9804f6e6ba5251b07c4f1049e279cd49395 200
[debug] [2026-06-26T06:11:03.747Z] <<< [apiv2][body] POST https://upload-firebasehosting.googleapis.com/upload/sites/cuadernofp/versions/64e609dee986553f/files/8b2602c2d0dd1605b6064dbd90b1f9804f6e6ba5251b07c4f1049e279cd49395 [stream]
[debug] [2026-06-26T06:11:03.747Z] <<< [apiv2][status] POST https://upload-firebasehosting.googleapis.com/upload/sites/cuadernofp/versions/64e609dee986553f/files/635968c04eecadd135bd48179ca157026c55d690cdbc695ea14347fa737880f4 200
[debug] [2026-06-26T06:11:03.747Z] <<< [apiv2][body] POST https://upload-firebasehosting.googleapis.com/upload/sites/cuadernofp/versions/64e609dee986553f/files/635968c04eecadd135bd48179ca157026c55d690cdbc695ea14347fa737880f4 [stream]
[debug] [2026-06-26T06:11:03.748Z] <<< [apiv2][status] POST https://upload-firebasehosting.googleapis.com/upload/sites/cuadernofp/versions/64e609dee986553f/files/d63f3cb285d82f8ef1723638d2e0840190864a7b901e57cafb8d66684a8c40af 200
[debug] [2026-06-26T06:11:03.748Z] <<< [apiv2][body] POST https://upload-firebasehosting.googleapis.com/upload/sites/cuadernofp/versions/64e609dee986553f/files/d63f3cb285d82f8ef1723638d2e0840190864a7b901e57cafb8d66684a8c40af [stream]
[debug] [2026-06-26T06:11:03.748Z] <<< [apiv2][status] POST https://upload-firebasehosting.googleapis.com/upload/sites/cuadernofp/versions/64e609dee986553f/files/5f944623bf4ab2b2967cb7a2ff367310b95a264441e567e508beb299663fe4b8 200
[debug] [2026-06-26T06:11:03.748Z] <<< [apiv2][body] POST https://upload-firebasehosting.googleapis.com/upload/sites/cuadernofp/versions/64e609dee986553f/files/5f944623bf4ab2b2967cb7a2ff367310b95a264441e567e508beb299663fe4b8 [stream]
[debug] [2026-06-26T06:11:03.748Z] <<< [apiv2][status] POST https://upload-firebasehosting.googleapis.com/upload/sites/cuadernofp/versions/64e609dee986553f/files/fdadf1660b9d9fc794d7bb7cf1d5f40965c17ecff32beca037147938433ea076 200
[debug] [2026-06-26T06:11:03.748Z] <<< [apiv2][body] POST https://upload-firebasehosting.googleapis.com/upload/sites/cuadernofp/versions/64e609dee986553f/files/fdadf1660b9d9fc794d7bb7cf1d5f40965c17ecff32beca037147938433ea076 [stream]
[debug] [2026-06-26T06:11:03.748Z] <<< [apiv2][status] POST https://upload-firebasehosting.googleapis.com/upload/sites/cuadernofp/versions/64e609dee986553f/files/4fd9a4cfaf31f539e9ab2e0b3e2df5651ddd0cf21ec7ad9f93b61dac304962ac 200
[debug] [2026-06-26T06:11:03.748Z] <<< [apiv2][body] POST https://upload-firebasehosting.googleapis.com/upload/sites/cuadernofp/versions/64e609dee986553f/files/4fd9a4cfaf31f539e9ab2e0b3e2df5651ddd0cf21ec7ad9f93b61dac304962ac [stream]
[debug] [2026-06-26T06:11:03.749Z] <<< [apiv2][status] POST https://upload-firebasehosting.googleapis.com/upload/sites/cuadernofp/versions/64e609dee986553f/files/286a6121b44189a62fad1874add67c778d6e383626f6f4c3f3b63f717d1c27e6 200
[debug] [2026-06-26T06:11:03.749Z] <<< [apiv2][body] POST https://upload-firebasehosting.googleapis.com/upload/sites/cuadernofp/versions/64e609dee986553f/files/286a6121b44189a62fad1874add67c778d6e383626f6f4c3f3b63f717d1c27e6 [stream]
[debug] [2026-06-26T06:11:03.749Z] <<< [apiv2][status] POST https://upload-firebasehosting.googleapis.com/upload/sites/cuadernofp/versions/64e609dee986553f/files/a6e501d3e24eae28183fd350899bed58cc365833c503c1e409c72230ffa8b063 200
[debug] [2026-06-26T06:11:03.749Z] <<< [apiv2][body] POST https://upload-firebasehosting.googleapis.com/upload/sites/cuadernofp/versions/64e609dee986553f/files/a6e501d3e24eae28183fd350899bed58cc365833c503c1e409c72230ffa8b063 [stream]
[debug] [2026-06-26T06:11:03.749Z] <<< [apiv2][status] POST https://upload-firebasehosting.googleapis.com/upload/sites/cuadernofp/versions/64e609dee986553f/files/73fc1673c9018c866dc25e4efa1e3c4d050cd62e6f68a9e5ca339e0f25d47222 200
[debug] [2026-06-26T06:11:03.749Z] <<< [apiv2][body] POST https://upload-firebasehosting.googleapis.com/upload/sites/cuadernofp/versions/64e609dee986553f/files/73fc1673c9018c866dc25e4efa1e3c4d050cd62e6f68a9e5ca339e0f25d47222 [stream]
[debug] [2026-06-26T06:11:03.749Z] <<< [apiv2][status] POST https://upload-firebasehosting.googleapis.com/upload/sites/cuadernofp/versions/64e609dee986553f/files/66128945925cd71decbe66704bda532fd3648712a1bd8aa8c09060a311781510 200
[debug] [2026-06-26T06:11:03.749Z] <<< [apiv2][body] POST https://upload-firebasehosting.googleapis.com/upload/sites/cuadernofp/versions/64e609dee986553f/files/66128945925cd71decbe66704bda532fd3648712a1bd8aa8c09060a311781510 [stream]
[debug] [2026-06-26T06:11:03.772Z] <<< [apiv2][status] POST https://upload-firebasehosting.googleapis.com/upload/sites/cuadernofp/versions/64e609dee986553f/files/d4fa927866df239e1d8a21fbc53b88c586464f46a3c5af23d6dc1ea0b2d0179c 200
[debug] [2026-06-26T06:11:03.772Z] <<< [apiv2][body] POST https://upload-firebasehosting.googleapis.com/upload/sites/cuadernofp/versions/64e609dee986553f/files/d4fa927866df239e1d8a21fbc53b88c586464f46a3c5af23d6dc1ea0b2d0179c [stream]
[debug] [2026-06-26T06:11:03.772Z] <<< [apiv2][status] POST https://upload-firebasehosting.googleapis.com/upload/sites/cuadernofp/versions/64e609dee986553f/files/fd82bcc080f11400d5f8913c497512a45e6025729bc0bf14f6cbaa4f92af993e 200
[debug] [2026-06-26T06:11:03.772Z] <<< [apiv2][body] POST https://upload-firebasehosting.googleapis.com/upload/sites/cuadernofp/versions/64e609dee986553f/files/fd82bcc080f11400d5f8913c497512a45e6025729bc0bf14f6cbaa4f92af993e [stream]
[debug] [2026-06-26T06:11:03.772Z] <<< [apiv2][status] POST https://upload-firebasehosting.googleapis.com/upload/sites/cuadernofp/versions/64e609dee986553f/files/8f8427afe65ef1e4af8fc4ada21c0e11f142ce43514c0aa411aef201d8158622 200
[debug] [2026-06-26T06:11:03.773Z] <<< [apiv2][body] POST https://upload-firebasehosting.googleapis.com/upload/sites/cuadernofp/versions/64e609dee986553f/files/8f8427afe65ef1e4af8fc4ada21c0e11f142ce43514c0aa411aef201d8158622 [stream]
[debug] [2026-06-26T06:11:03.773Z] <<< [apiv2][status] POST https://upload-firebasehosting.googleapis.com/upload/sites/cuadernofp/versions/64e609dee986553f/files/b2b9733de4bf92bb38ae14b56b57285fc34e790c11f97e859ec7ad59d1656985 200
[debug] [2026-06-26T06:11:03.773Z] <<< [apiv2][body] POST https://upload-firebasehosting.googleapis.com/upload/sites/cuadernofp/versions/64e609dee986553f/files/b2b9733de4bf92bb38ae14b56b57285fc34e790c11f97e859ec7ad59d1656985 [stream]
[debug] [2026-06-26T06:11:03.773Z] <<< [apiv2][status] POST https://upload-firebasehosting.googleapis.com/upload/sites/cuadernofp/versions/64e609dee986553f/files/970c7e0c54a0c477d968c89b79e432514cac0b074eae79a2f70ae68b1c6f9088 200
[debug] [2026-06-26T06:11:03.773Z] <<< [apiv2][body] POST https://upload-firebasehosting.googleapis.com/upload/sites/cuadernofp/versions/64e609dee986553f/files/970c7e0c54a0c477d968c89b79e432514cac0b074eae79a2f70ae68b1c6f9088 [stream]
[debug] [2026-06-26T06:11:03.773Z] <<< [apiv2][status] POST https://upload-firebasehosting.googleapis.com/upload/sites/cuadernofp/versions/64e609dee986553f/files/41f03b3ed21c241e1596312ff700926c9e0d6653cced648323d982d975a41a71 200
[debug] [2026-06-26T06:11:03.774Z] <<< [apiv2][body] POST https://upload-firebasehosting.googleapis.com/upload/sites/cuadernofp/versions/64e609dee986553f/files/41f03b3ed21c241e1596312ff700926c9e0d6653cced648323d982d975a41a71 [stream]
[debug] [2026-06-26T06:11:03.778Z] <<< [apiv2][status] POST https://upload-firebasehosting.googleapis.com/upload/sites/cuadernofp/versions/64e609dee986553f/files/b22f745eb24472e6db6b9943c8ddf07f34fdb7d5c7a66701d5c72ce009391d28 200
[debug] [2026-06-26T06:11:03.779Z] <<< [apiv2][body] POST https://upload-firebasehosting.googleapis.com/upload/sites/cuadernofp/versions/64e609dee986553f/files/b22f745eb24472e6db6b9943c8ddf07f34fdb7d5c7a66701d5c72ce009391d28 [stream]
[debug] [2026-06-26T06:11:03.785Z] <<< [apiv2][status] POST https://upload-firebasehosting.googleapis.com/upload/sites/cuadernofp/versions/64e609dee986553f/files/59b17e9f6b777eb1217c43f407daf5d79f5f6727fce07082b7475bd9d99e5fc3 200
[debug] [2026-06-26T06:11:03.785Z] <<< [apiv2][body] POST https://upload-firebasehosting.googleapis.com/upload/sites/cuadernofp/versions/64e609dee986553f/files/59b17e9f6b777eb1217c43f407daf5d79f5f6727fce07082b7475bd9d99e5fc3 [stream]
[debug] [2026-06-26T06:11:03.804Z] <<< [apiv2][status] POST https://upload-firebasehosting.googleapis.com/upload/sites/cuadernofp/versions/64e609dee986553f/files/4aa37ae0b2214ac0abcc5e19302227551e789b587cc15716e68d6084c4ba7c9d 200
[debug] [2026-06-26T06:11:03.804Z] <<< [apiv2][body] POST https://upload-firebasehosting.googleapis.com/upload/sites/cuadernofp/versions/64e609dee986553f/files/4aa37ae0b2214ac0abcc5e19302227551e789b587cc15716e68d6084c4ba7c9d [stream]
[debug] [2026-06-26T06:11:03.808Z] <<< [apiv2][status] POST https://upload-firebasehosting.googleapis.com/upload/sites/cuadernofp/versions/64e609dee986553f/files/968339ffc0e912c065d15dba8eb78c84ba0707885e0aaf0cd5b43bcf17a47b64 200
[debug] [2026-06-26T06:11:03.808Z] <<< [apiv2][body] POST https://upload-firebasehosting.googleapis.com/upload/sites/cuadernofp/versions/64e609dee986553f/files/968339ffc0e912c065d15dba8eb78c84ba0707885e0aaf0cd5b43bcf17a47b64 [stream]
[debug] [2026-06-26T06:11:03.813Z] <<< [apiv2][status] POST https://upload-firebasehosting.googleapis.com/upload/sites/cuadernofp/versions/64e609dee986553f/files/07e697c22a086a71acf2651ad1950496ffc55b2cc25ff33ba5040fbdb2068df1 200
[debug] [2026-06-26T06:11:03.814Z] <<< [apiv2][body] POST https://upload-firebasehosting.googleapis.com/upload/sites/cuadernofp/versions/64e609dee986553f/files/07e697c22a086a71acf2651ad1950496ffc55b2cc25ff33ba5040fbdb2068df1 [stream]
[debug] [2026-06-26T06:11:03.816Z] <<< [apiv2][status] POST https://upload-firebasehosting.googleapis.com/upload/sites/cuadernofp/versions/64e609dee986553f/files/3a41668c87d198b31c911255e296c319ef27c07d14edafd01da405ff94772c33 200
[debug] [2026-06-26T06:11:03.816Z] <<< [apiv2][body] POST https://upload-firebasehosting.googleapis.com/upload/sites/cuadernofp/versions/64e609dee986553f/files/3a41668c87d198b31c911255e296c319ef27c07d14edafd01da405ff94772c33 [stream]
[debug] [2026-06-26T06:11:03.818Z] <<< [apiv2][status] POST https://upload-firebasehosting.googleapis.com/upload/sites/cuadernofp/versions/64e609dee986553f/files/80b5458dedf4d7ed191f57c1a587e662b367fab492b85edfed1347cc1218d78c 200
[debug] [2026-06-26T06:11:03.818Z] <<< [apiv2][body] POST https://upload-firebasehosting.googleapis.com/upload/sites/cuadernofp/versions/64e609dee986553f/files/80b5458dedf4d7ed191f57c1a587e662b367fab492b85edfed1347cc1218d78c [stream]
[debug] [2026-06-26T06:11:03.823Z] <<< [apiv2][status] POST https://upload-firebasehosting.googleapis.com/upload/sites/cuadernofp/versions/64e609dee986553f/files/fa335cd476450667fa561102543076eac227772ca1daa1fd6e39cb190452b9d6 200
[debug] [2026-06-26T06:11:03.823Z] <<< [apiv2][body] POST https://upload-firebasehosting.googleapis.com/upload/sites/cuadernofp/versions/64e609dee986553f/files/fa335cd476450667fa561102543076eac227772ca1daa1fd6e39cb190452b9d6 [stream]
[debug] [2026-06-26T06:11:03.826Z] <<< [apiv2][status] POST https://upload-firebasehosting.googleapis.com/upload/sites/cuadernofp/versions/64e609dee986553f/files/5c2ffe4fda1fb71b7d06f95aa97015ebca55803bd24a7b0749ac254e3502c9f0 200
[debug] [2026-06-26T06:11:03.826Z] <<< [apiv2][body] POST https://upload-firebasehosting.googleapis.com/upload/sites/cuadernofp/versions/64e609dee986553f/files/5c2ffe4fda1fb71b7d06f95aa97015ebca55803bd24a7b0749ac254e3502c9f0 [stream]
[debug] [2026-06-26T06:11:03.832Z] <<< [apiv2][status] POST https://upload-firebasehosting.googleapis.com/upload/sites/cuadernofp/versions/64e609dee986553f/files/deb83ea9cada43eb591dfbeef0029a5f02aad3946c15b72f98747e23e55a2ab2 200
[debug] [2026-06-26T06:11:03.832Z] <<< [apiv2][body] POST https://upload-firebasehosting.googleapis.com/upload/sites/cuadernofp/versions/64e609dee986553f/files/deb83ea9cada43eb591dfbeef0029a5f02aad3946c15b72f98747e23e55a2ab2 [stream]
[debug] [2026-06-26T06:11:03.843Z] <<< [apiv2][status] POST https://upload-firebasehosting.googleapis.com/upload/sites/cuadernofp/versions/64e609dee986553f/files/ea0d16a6b4d6aaeccbb07fddf39420575c9bc23e21530ec6906bee993cce1d9b 200
[debug] [2026-06-26T06:11:03.843Z] <<< [apiv2][body] POST https://upload-firebasehosting.googleapis.com/upload/sites/cuadernofp/versions/64e609dee986553f/files/ea0d16a6b4d6aaeccbb07fddf39420575c9bc23e21530ec6906bee993cce1d9b [stream]
[debug] [2026-06-26T06:11:03.844Z] <<< [apiv2][status] POST https://upload-firebasehosting.googleapis.com/upload/sites/cuadernofp/versions/64e609dee986553f/files/847f5d61d3f9bcd1c561957b04a7ce11c7e3e0e8062f8788e590476cc4d7f1f0 200
[debug] [2026-06-26T06:11:03.844Z] <<< [apiv2][body] POST https://upload-firebasehosting.googleapis.com/upload/sites/cuadernofp/versions/64e609dee986553f/files/847f5d61d3f9bcd1c561957b04a7ce11c7e3e0e8062f8788e590476cc4d7f1f0 [stream]
[debug] [2026-06-26T06:11:03.847Z] <<< [apiv2][status] POST https://upload-firebasehosting.googleapis.com/upload/sites/cuadernofp/versions/64e609dee986553f/files/cc214b3c712025e00a07c595aae9523f4479f5687598d107e341e6e3eac06fea 200
[debug] [2026-06-26T06:11:03.847Z] <<< [apiv2][body] POST https://upload-firebasehosting.googleapis.com/upload/sites/cuadernofp/versions/64e609dee986553f/files/cc214b3c712025e00a07c595aae9523f4479f5687598d107e341e6e3eac06fea [stream]
[debug] [2026-06-26T06:11:03.848Z] <<< [apiv2][status] POST https://upload-firebasehosting.googleapis.com/upload/sites/cuadernofp/versions/64e609dee986553f/files/666bd6dda8b7f0da62b12fa3b46151c5a79f59c339e0b21fed89ce7c9b10fe36 200
[debug] [2026-06-26T06:11:03.848Z] <<< [apiv2][body] POST https://upload-firebasehosting.googleapis.com/upload/sites/cuadernofp/versions/64e609dee986553f/files/666bd6dda8b7f0da62b12fa3b46151c5a79f59c339e0b21fed89ce7c9b10fe36 [stream]
[debug] [2026-06-26T06:11:03.850Z] <<< [apiv2][status] POST https://upload-firebasehosting.googleapis.com/upload/sites/cuadernofp/versions/64e609dee986553f/files/2015c427ef7f96a7cd85f7d4c61c7574d52f648fd50f03bc755c71abbfbe1826 200
[debug] [2026-06-26T06:11:03.851Z] <<< [apiv2][body] POST https://upload-firebasehosting.googleapis.com/upload/sites/cuadernofp/versions/64e609dee986553f/files/2015c427ef7f96a7cd85f7d4c61c7574d52f648fd50f03bc755c71abbfbe1826 [stream]
[debug] [2026-06-26T06:11:03.855Z] <<< [apiv2][status] POST https://upload-firebasehosting.googleapis.com/upload/sites/cuadernofp/versions/64e609dee986553f/files/27e850797d4893bc0c48d32c31403b35f435a08af06e3f1f39d8ffd12d62e2da 200
[debug] [2026-06-26T06:11:03.855Z] <<< [apiv2][body] POST https://upload-firebasehosting.googleapis.com/upload/sites/cuadernofp/versions/64e609dee986553f/files/27e850797d4893bc0c48d32c31403b35f435a08af06e3f1f39d8ffd12d62e2da [stream]
[debug] [2026-06-26T06:11:03.863Z] <<< [apiv2][status] POST https://upload-firebasehosting.googleapis.com/upload/sites/cuadernofp/versions/64e609dee986553f/files/ebcf6449e867e4412d8d960aae239e7ab01b618a3d0e6da476474a70746a4060 200
[debug] [2026-06-26T06:11:03.863Z] <<< [apiv2][body] POST https://upload-firebasehosting.googleapis.com/upload/sites/cuadernofp/versions/64e609dee986553f/files/ebcf6449e867e4412d8d960aae239e7ab01b618a3d0e6da476474a70746a4060 [stream]
[debug] [2026-06-26T06:11:03.867Z] <<< [apiv2][status] POST https://upload-firebasehosting.googleapis.com/upload/sites/cuadernofp/versions/64e609dee986553f/files/d3aa643f53099b55dd500b27fd67147c5cdf382c85506151fbd49fc73fc72da7 200
[debug] [2026-06-26T06:11:03.867Z] <<< [apiv2][body] POST https://upload-firebasehosting.googleapis.com/upload/sites/cuadernofp/versions/64e609dee986553f/files/d3aa643f53099b55dd500b27fd67147c5cdf382c85506151fbd49fc73fc72da7 [stream]
[debug] [2026-06-26T06:11:03.871Z] <<< [apiv2][status] POST https://upload-firebasehosting.googleapis.com/upload/sites/cuadernofp/versions/64e609dee986553f/files/83a1e17e6d4fd43c205386f52f2f0a9fdd7d268e7cff8ec31e261d7ef86f4c1a 200
[debug] [2026-06-26T06:11:03.871Z] <<< [apiv2][body] POST https://upload-firebasehosting.googleapis.com/upload/sites/cuadernofp/versions/64e609dee986553f/files/83a1e17e6d4fd43c205386f52f2f0a9fdd7d268e7cff8ec31e261d7ef86f4c1a [stream]
[debug] [2026-06-26T06:11:03.882Z] <<< [apiv2][status] POST https://upload-firebasehosting.googleapis.com/upload/sites/cuadernofp/versions/64e609dee986553f/files/f86ada64b49b5d9c473f71a6b8d11ba1c34f843b719e7c6c2110cd850c4fb12e 200
[debug] [2026-06-26T06:11:03.882Z] <<< [apiv2][body] POST https://upload-firebasehosting.googleapis.com/upload/sites/cuadernofp/versions/64e609dee986553f/files/f86ada64b49b5d9c473f71a6b8d11ba1c34f843b719e7c6c2110cd850c4fb12e [stream]
[debug] [2026-06-26T06:11:03.899Z] <<< [apiv2][status] POST https://upload-firebasehosting.googleapis.com/upload/sites/cuadernofp/versions/64e609dee986553f/files/e8c78e86ade408326ffe00dd6008060ec9495bdf1d72d85a52f4ecf971adfc63 200
[debug] [2026-06-26T06:11:03.899Z] <<< [apiv2][body] POST https://upload-firebasehosting.googleapis.com/upload/sites/cuadernofp/versions/64e609dee986553f/files/e8c78e86ade408326ffe00dd6008060ec9495bdf1d72d85a52f4ecf971adfc63 [stream]
[debug] [2026-06-26T06:11:03.910Z] <<< [apiv2][status] POST https://upload-firebasehosting.googleapis.com/upload/sites/cuadernofp/versions/64e609dee986553f/files/ce8531c9501b538bca345d1e7f06115d31b665e227f8ab22baf50738a4ec0508 200
[debug] [2026-06-26T06:11:03.910Z] <<< [apiv2][body] POST https://upload-firebasehosting.googleapis.com/upload/sites/cuadernofp/versions/64e609dee986553f/files/ce8531c9501b538bca345d1e7f06115d31b665e227f8ab22baf50738a4ec0508 [stream]
[debug] [2026-06-26T06:11:03.950Z] <<< [apiv2][status] POST https://upload-firebasehosting.googleapis.com/upload/sites/cuadernofp/versions/64e609dee986553f/files/441acf5f2d6952c1d634158847a67f5b0e5936638d2bf851e88a86b209c3f1cf 200
[debug] [2026-06-26T06:11:03.950Z] <<< [apiv2][body] POST https://upload-firebasehosting.googleapis.com/upload/sites/cuadernofp/versions/64e609dee986553f/files/441acf5f2d6952c1d634158847a67f5b0e5936638d2bf851e88a86b209c3f1cf [stream]
[debug] [2026-06-26T06:11:03.964Z] <<< [apiv2][status] POST https://upload-firebasehosting.googleapis.com/upload/sites/cuadernofp/versions/64e609dee986553f/files/edc11f642043808eab2cf925845743c27c683734f0075e81a79e843a1b2d6706 200
[debug] [2026-06-26T06:11:03.964Z] <<< [apiv2][body] POST https://upload-firebasehosting.googleapis.com/upload/sites/cuadernofp/versions/64e609dee986553f/files/edc11f642043808eab2cf925845743c27c683734f0075e81a79e843a1b2d6706 [stream]
[debug] [2026-06-26T06:11:03.973Z] <<< [apiv2][status] POST https://upload-firebasehosting.googleapis.com/upload/sites/cuadernofp/versions/64e609dee986553f/files/d6ab3712b8be65e5011eb4c03a2f1d4e618058f81249827f7efc4cb92176f91e 200
[debug] [2026-06-26T06:11:03.973Z] <<< [apiv2][body] POST https://upload-firebasehosting.googleapis.com/upload/sites/cuadernofp/versions/64e609dee986553f/files/d6ab3712b8be65e5011eb4c03a2f1d4e618058f81249827f7efc4cb92176f91e [stream]
[debug] [2026-06-26T06:11:03.973Z] <<< [apiv2][status] POST https://upload-firebasehosting.googleapis.com/upload/sites/cuadernofp/versions/64e609dee986553f/files/8c0863ef76c03096b6f9294b47accb983aecc72a80873f5bcdb897326fce64d3 200
[debug] [2026-06-26T06:11:03.973Z] <<< [apiv2][body] POST https://upload-firebasehosting.googleapis.com/upload/sites/cuadernofp/versions/64e609dee986553f/files/8c0863ef76c03096b6f9294b47accb983aecc72a80873f5bcdb897326fce64d3 [stream]
[debug] [2026-06-26T06:11:03.973Z] <<< [apiv2][status] POST https://upload-firebasehosting.googleapis.com/upload/sites/cuadernofp/versions/64e609dee986553f/files/e3d338abc5db7d975faf3325bce1461e74a8314cfef1025ca9c207a07bbab3cc 200
[debug] [2026-06-26T06:11:03.974Z] <<< [apiv2][body] POST https://upload-firebasehosting.googleapis.com/upload/sites/cuadernofp/versions/64e609dee986553f/files/e3d338abc5db7d975faf3325bce1461e74a8314cfef1025ca9c207a07bbab3cc [stream]
[debug] [2026-06-26T06:11:03.981Z] <<< [apiv2][status] POST https://upload-firebasehosting.googleapis.com/upload/sites/cuadernofp/versions/64e609dee986553f/files/c782ce6db148d75242985ccd95f7e8bcb3c9245faa3c6ae19fd27ce0f7ccfb50 200
[debug] [2026-06-26T06:11:03.982Z] <<< [apiv2][body] POST https://upload-firebasehosting.googleapis.com/upload/sites/cuadernofp/versions/64e609dee986553f/files/c782ce6db148d75242985ccd95f7e8bcb3c9245faa3c6ae19fd27ce0f7ccfb50 [stream]
[debug] [2026-06-26T06:11:03.984Z] <<< [apiv2][status] POST https://upload-firebasehosting.googleapis.com/upload/sites/cuadernofp/versions/64e609dee986553f/files/d334956687aa57a06579be18a944983e4ecc96d4a8125728799869944c306b1e 200
[debug] [2026-06-26T06:11:03.984Z] <<< [apiv2][body] POST https://upload-firebasehosting.googleapis.com/upload/sites/cuadernofp/versions/64e609dee986553f/files/d334956687aa57a06579be18a944983e4ecc96d4a8125728799869944c306b1e [stream]
[debug] [2026-06-26T06:11:04.006Z] <<< [apiv2][status] POST https://upload-firebasehosting.googleapis.com/upload/sites/cuadernofp/versions/64e609dee986553f/files/60cde1b1c19653086a792b38b1f459937377eb41f942127b2261fa983742c2c9 200
[debug] [2026-06-26T06:11:04.006Z] <<< [apiv2][body] POST https://upload-firebasehosting.googleapis.com/upload/sites/cuadernofp/versions/64e609dee986553f/files/60cde1b1c19653086a792b38b1f459937377eb41f942127b2261fa983742c2c9 [stream]
[debug] [2026-06-26T06:11:04.027Z] <<< [apiv2][status] POST https://upload-firebasehosting.googleapis.com/upload/sites/cuadernofp/versions/64e609dee986553f/files/fc1375fa43ff40975c3894672fd9a3e61d947ca96651644868d6cc9db7c4693c 200
[debug] [2026-06-26T06:11:04.027Z] <<< [apiv2][body] POST https://upload-firebasehosting.googleapis.com/upload/sites/cuadernofp/versions/64e609dee986553f/files/fc1375fa43ff40975c3894672fd9a3e61d947ca96651644868d6cc9db7c4693c [stream]
[debug] [2026-06-26T06:11:04.031Z] <<< [apiv2][status] POST https://upload-firebasehosting.googleapis.com/upload/sites/cuadernofp/versions/64e609dee986553f/files/07949c4edf7740af29c834cde8371841ff7694d1343a9474a1735109b77f4aca 200
[debug] [2026-06-26T06:11:04.031Z] <<< [apiv2][body] POST https://upload-firebasehosting.googleapis.com/upload/sites/cuadernofp/versions/64e609dee986553f/files/07949c4edf7740af29c834cde8371841ff7694d1343a9474a1735109b77f4aca [stream]
[debug] [2026-06-26T06:11:04.066Z] <<< [apiv2][status] POST https://upload-firebasehosting.googleapis.com/upload/sites/cuadernofp/versions/64e609dee986553f/files/dfe7a25b051af534b8aeccbd4ed0f922110dbfd01f966d4f03daf34108f8d265 200
[debug] [2026-06-26T06:11:04.066Z] <<< [apiv2][body] POST https://upload-firebasehosting.googleapis.com/upload/sites/cuadernofp/versions/64e609dee986553f/files/dfe7a25b051af534b8aeccbd4ed0f922110dbfd01f966d4f03daf34108f8d265 [stream]
[debug] [2026-06-26T06:11:04.066Z] <<< [apiv2][status] POST https://upload-firebasehosting.googleapis.com/upload/sites/cuadernofp/versions/64e609dee986553f/files/edd0994733ea43e7e792b86c0c6ca27782d5272b59b73dc619fdcd421d118f45 200
[debug] [2026-06-26T06:11:04.066Z] <<< [apiv2][body] POST https://upload-firebasehosting.googleapis.com/upload/sites/cuadernofp/versions/64e609dee986553f/files/edd0994733ea43e7e792b86c0c6ca27782d5272b59b73dc619fdcd421d118f45 [stream]
[debug] [2026-06-26T06:11:04.067Z] <<< [apiv2][status] POST https://upload-firebasehosting.googleapis.com/upload/sites/cuadernofp/versions/64e609dee986553f/files/855240ee1df6a693784d7a1501d9035b0a952bf16834bbe791e33f41ee54bd28 200
[debug] [2026-06-26T06:11:04.067Z] <<< [apiv2][body] POST https://upload-firebasehosting.googleapis.com/upload/sites/cuadernofp/versions/64e609dee986553f/files/855240ee1df6a693784d7a1501d9035b0a952bf16834bbe791e33f41ee54bd28 [stream]
[debug] [2026-06-26T06:11:04.124Z] <<< [apiv2][status] POST https://upload-firebasehosting.googleapis.com/upload/sites/cuadernofp/versions/64e609dee986553f/files/d0fae74d56f136ed2d3d476740edaee464c7f46fb6e5e90cdfc825fe43eccc4f 200
[debug] [2026-06-26T06:11:04.124Z] <<< [apiv2][body] POST https://upload-firebasehosting.googleapis.com/upload/sites/cuadernofp/versions/64e609dee986553f/files/d0fae74d56f136ed2d3d476740edaee464c7f46fb6e5e90cdfc825fe43eccc4f [stream]
[debug] [2026-06-26T06:11:04.142Z] <<< [apiv2][status] POST https://upload-firebasehosting.googleapis.com/upload/sites/cuadernofp/versions/64e609dee986553f/files/48514610f14748d01c845cd74532dea5c90516c7e0fff88c5462de243ed96d06 200
[debug] [2026-06-26T06:11:04.142Z] <<< [apiv2][body] POST https://upload-firebasehosting.googleapis.com/upload/sites/cuadernofp/versions/64e609dee986553f/files/48514610f14748d01c845cd74532dea5c90516c7e0fff88c5462de243ed96d06 [stream]
[debug] [2026-06-26T06:11:04.179Z] <<< [apiv2][status] POST https://upload-firebasehosting.googleapis.com/upload/sites/cuadernofp/versions/64e609dee986553f/files/845260eebd08337f0139481d3e09c6a0f667de434bb6b3c30461911d57a71bf8 200
[debug] [2026-06-26T06:11:04.180Z] <<< [apiv2][body] POST https://upload-firebasehosting.googleapis.com/upload/sites/cuadernofp/versions/64e609dee986553f/files/845260eebd08337f0139481d3e09c6a0f667de434bb6b3c30461911d57a71bf8 [stream]
[debug] [2026-06-26T06:11:04.180Z] <<< [apiv2][status] POST https://upload-firebasehosting.googleapis.com/upload/sites/cuadernofp/versions/64e609dee986553f/files/1011b17b7044aa2154b362ed24dd2a7b01d8f54b81671b0811b8ae0e9d2cab2f 200
[debug] [2026-06-26T06:11:04.180Z] <<< [apiv2][body] POST https://upload-firebasehosting.googleapis.com/upload/sites/cuadernofp/versions/64e609dee986553f/files/1011b17b7044aa2154b362ed24dd2a7b01d8f54b81671b0811b8ae0e9d2cab2f [stream]
[debug] [2026-06-26T06:11:04.244Z] <<< [apiv2][status] POST https://upload-firebasehosting.googleapis.com/upload/sites/cuadernofp/versions/64e609dee986553f/files/5f4b4e48b3c471765e85a75ec7341647fbf3e425c8527489feb096293b9d980f 200
[debug] [2026-06-26T06:11:04.244Z] <<< [apiv2][body] POST https://upload-firebasehosting.googleapis.com/upload/sites/cuadernofp/versions/64e609dee986553f/files/5f4b4e48b3c471765e85a75ec7341647fbf3e425c8527489feb096293b9d980f [stream]
[debug] [2026-06-26T06:11:04.514Z] <<< [apiv2][status] POST https://upload-firebasehosting.googleapis.com/upload/sites/cuadernofp/versions/64e609dee986553f/files/023a62b42b24b094f07f3ea12e716e3b37c95122f99b4ff32147129d90d1a8ee 200
[debug] [2026-06-26T06:11:04.514Z] <<< [apiv2][body] POST https://upload-firebasehosting.googleapis.com/upload/sites/cuadernofp/versions/64e609dee986553f/files/023a62b42b24b094f07f3ea12e716e3b37c95122f99b4ff32147129d90d1a8ee [stream]
[debug] [2026-06-26T06:11:04.741Z] <<< [apiv2][status] POST https://upload-firebasehosting.googleapis.com/upload/sites/cuadernofp/versions/64e609dee986553f/files/268dcdaa9f878af01323f7ed9f8f143cef0b03d66271b0529b196fda7bc5cd90 200
[debug] [2026-06-26T06:11:04.741Z] <<< [apiv2][body] POST https://upload-firebasehosting.googleapis.com/upload/sites/cuadernofp/versions/64e609dee986553f/files/268dcdaa9f878af01323f7ed9f8f143cef0b03d66271b0529b196fda7bc5cd90 [stream]
[debug] [2026-06-26T06:11:04.741Z] [hosting][upload queue][FINAL] {"max":2248,"min":1205,"avg":1326.8285714285714,"active":0,"complete":105,"success":105,"errored":0,"retried":0,"total":105,"elapsed":2260}
[info] i  hosting: upload complete 
[info] +  hosting[cuadernofp]: file upload complete 
[debug] [2026-06-26T06:11:04.741Z] [hosting] deploy completed after 6025ms
[info] i  functions: updating Node.js 24 (2nd Gen) function firebase-frameworks-cuadernofp:ssrcuadernofp(europe-west1)... 
[debug] [2026-06-26T06:11:04.762Z] No OAuth tokens found
[debug] [2026-06-26T06:11:04.763Z] >>> [apiv2][query] PATCH https://cloudfunctions.googleapis.com/v2/projects/cuadernofp/locations/europe-west1/functions/ssrcuadernofp updateMask=name%2CbuildConfig.runtime%2CbuildConfig.entryPoint%2CbuildConfig.source.storageSource.bucket%2CbuildConfig.source.storageSource.object%2CbuildConfig.environmentVariables%2CbuildConfig.sourceToken%2CserviceConfig.environmentVariables%2CserviceConfig.ingressSettings%2CserviceConfig.timeoutSeconds%2CserviceConfig.serviceAccountEmail%2CserviceConfig.availableMemory%2CserviceConfig.minInstanceCount%2CserviceConfig.maxInstanceCount%2CserviceConfig.maxInstanceRequestConcurrency%2CserviceConfig.availableCpu%2CserviceConfig.vpcConnector%2CserviceConfig.vpcConnectorEgressSettings%2CserviceConfig.directVpcNetworkInterface%2CserviceConfig.directVpcEgress%2Clabels
[debug] [2026-06-26T06:11:04.763Z] >>> [apiv2][body] PATCH https://cloudfunctions.googleapis.com/v2/projects/cuadernofp/locations/europe-west1/functions/ssrcuadernofp {"name":"projects/cuadernofp/locations/europe-west1/functions/ssrcuadernofp","buildConfig":{"runtime":"nodejs24","entryPoint":"ssrcuadernofp","source":{"storageSource":{"bucket":"gcf-v2-uploads-215337606799.europe-west1.cloudfunctions.appspot.com","object":"36b50dc1-bbde-49e8-8132-360a653a993e.zip"}},"environmentVariables":{"GOOGLE_NODE_RUN_SCRIPTS":""}},"serviceConfig":{"environmentVariables":{"VERCEL_URL":"cuadernofp.web.app","__FIREBASE_FRAMEWORKS_ENTRY__":"next.js","FIREBASE_CONFIG":"{\"projectId\":\"cuadernofp\",\"storageBucket\":\"cuadernofp.firebasestorage.app\"}","GCLOUD_PROJECT":"cuadernofp","EVENTARC_CLOUD_EVENT_SOURCE":"projects/cuadernofp/locations/europe-west1/services/ssrcuadernofp","FUNCTION_TARGET":"ssrcuadernofp","LOG_EXECUTION_ID":"true"},"ingressSettings":null,"timeoutSeconds":null,"serviceAccountEmail":null,"availableMemory":"256Mi","minInstanceCount":null,"maxInstanceCount":null,"maxInstanceRequestConcurrency":80,"availableCpu":"1","vpcConnector":null,"vpcConnectorEgressSettings":null,"directVpcNetworkInterface":null,"directVpcEgress":null},"labels":{"deployment-tool":"cli-firebase","firebase-functions-codebase":"firebase-frameworks-cuadernofp","firebase-functions-hash":"b15459f8079b50e6c0b98a8c8d8a642e1c5e3349"}}
[debug] [2026-06-26T06:11:06.242Z] <<< [apiv2][status] PATCH https://cloudfunctions.googleapis.com/v2/projects/cuadernofp/locations/europe-west1/functions/ssrcuadernofp 200
[debug] [2026-06-26T06:11:06.242Z] <<< [apiv2][body] PATCH https://cloudfunctions.googleapis.com/v2/projects/cuadernofp/locations/europe-west1/functions/ssrcuadernofp {"name":"projects/cuadernofp/locations/europe-west1/operations/operation-1782454265717-65521f95624b2-08e2b7e2-a6e49692","metadata":{"@type":"type.googleapis.com/google.cloud.functions.v2.OperationMetadata","createTime":"2026-06-26T06:11:06.992971693Z","target":"projects/cuadernofp/locations/europe-west1/functions/ssrcuadernofp","verb":"update","cancelRequested":false,"apiVersion":"v2"},"done":false}
[debug] [2026-06-26T06:11:06.243Z] No OAuth tokens found
[debug] [2026-06-26T06:11:06.244Z] >>> [apiv2][query] GET https://cloudfunctions.googleapis.com/v2/projects/cuadernofp/locations/europe-west1/operations/operation-1782454265717-65521f95624b2-08e2b7e2-a6e49692 [none]
[debug] [2026-06-26T06:11:06.462Z] <<< [apiv2][status] GET https://cloudfunctions.googleapis.com/v2/projects/cuadernofp/locations/europe-west1/operations/operation-1782454265717-65521f95624b2-08e2b7e2-a6e49692 200
[debug] [2026-06-26T06:11:06.462Z] <<< [apiv2][body] GET https://cloudfunctions.googleapis.com/v2/projects/cuadernofp/locations/europe-west1/operations/operation-1782454265717-65521f95624b2-08e2b7e2-a6e49692 {"name":"projects/cuadernofp/locations/europe-west1/operations/operation-1782454265717-65521f95624b2-08e2b7e2-a6e49692","metadata":{"@type":"type.googleapis.com/google.cloud.functions.v2.OperationMetadata","createTime":"2026-06-26T06:11:06.992971693Z","target":"projects/cuadernofp/locations/europe-west1/functions/ssrcuadernofp","verb":"update","cancelRequested":false,"apiVersion":"v2"},"done":false}
[debug] [2026-06-26T06:11:06.969Z] [update-firebase-frameworks-cuadernofp-europe-west1-ssrcuadernofp] Retrying task index 0
[debug] [2026-06-26T06:11:06.970Z] No OAuth tokens found
[debug] [2026-06-26T06:11:06.970Z] >>> [apiv2][query] GET https://cloudfunctions.googleapis.com/v2/projects/cuadernofp/locations/europe-west1/operations/operation-1782454265717-65521f95624b2-08e2b7e2-a6e49692 [none]
[debug] [2026-06-26T06:11:07.116Z] <<< [apiv2][status] GET https://cloudfunctions.googleapis.com/v2/projects/cuadernofp/locations/europe-west1/operations/operation-1782454265717-65521f95624b2-08e2b7e2-a6e49692 200
[debug] [2026-06-26T06:11:07.116Z] <<< [apiv2][body] GET https://cloudfunctions.googleapis.com/v2/projects/cuadernofp/locations/europe-west1/operations/operation-1782454265717-65521f95624b2-08e2b7e2-a6e49692 {"name":"projects/cuadernofp/locations/europe-west1/operations/operation-1782454265717-65521f95624b2-08e2b7e2-a6e49692","metadata":{"@type":"type.googleapis.com/google.cloud.functions.v2.OperationMetadata","createTime":"2026-06-26T06:11:06.992971693Z","target":"projects/cuadernofp/locations/europe-west1/functions/ssrcuadernofp","verb":"update","cancelRequested":false,"apiVersion":"v2","requestResource":{"@type":"type.googleapis.com/google.cloud.functions.v2.Function","name":"projects/cuadernofp/locations/europe-west1/functions/ssrcuadernofp","buildConfig":{"runtime":"nodejs24","entryPoint":"ssrcuadernofp","source":{"storageSource":{"bucket":"gcf-v2-sources-215337606799-europe-west1","object":"ssrcuadernofp/function-source.zip","generation":"1782454266934733"}},"environmentVariables":{"GOOGLE_NODE_RUN_SCRIPTS":""},"dockerRepository":"projects/cuadernofp/locations/europe-west1/repositories/gcf-artifacts","sourceProvenance":{"resolvedStorageSource":{"bucket":"gcf-v2-sources-215337606799-europe-west1","object":"ssrcuadernofp/function-source.zip","generation":"1782452155275457"}},"dockerRegistry":"ARTIFACT_REGISTRY","serviceAccount":"projects/cuadernofp/serviceAccounts/215337606799-compute@developer.gserviceaccount.com","automaticUpdatePolicy":{}},"serviceConfig":{"service":"projects/cuadernofp/locations/europe-west1/services/ssrcuadernofp","timeoutSeconds":60,"environmentVariables":{"VERCEL_URL":"cuadernofp.web.app","__FIREBASE_FRAMEWORKS_ENTRY__":"next.js","FIREBASE_CONFIG":"{\"projectId\":\"cuadernofp\",\"storageBucket\":\"cuadernofp.firebasestorage.app\"}","GCLOUD_PROJECT":"cuadernofp","EVENTARC_CLOUD_EVENT_SOURCE":"projects/cuadernofp/locations/europe-west1/services/ssrcuadernofp","FUNCTION_TARGET":"ssrcuadernofp","LOG_EXECUTION_ID":"true"},"ingressSettings":"ALLOW_ALL","uri":"https://ssrcuadernofp-ksqnfs2byq-ew.a.run.app","serviceAccountEmail":"215337606799-compute@developer.gserviceaccount.com","availableMemory":"256Mi","allTrafficOnLatestRevision":true,"revision":"ssrcuadernofp-00153-quq","maxInstanceRequestConcurrency":80,"availableCpu":"1"},"state":"ACTIVE","labels":{"deployment-tool":"cloudfunctions","firebase-functions-codebase":"firebase-frameworks-cuadernofp","firebase-functions-hash":"b15459f8079b50e6c0b98a8c8d8a642e1c5e3349"},"environment":"GEN_2","url":"https://europe-west1-cuadernofp.cloudfunctions.net/ssrcuadernofp","satisfiesPzi":true},"stages":[{"name":"BUILD","state":"NOT_STARTED"},{"name":"SERVICE","state":"NOT_STARTED"}],"operationType":"UPDATE_FUNCTION"},"done":false}
[debug] [2026-06-26T06:11:08.120Z] [update-firebase-frameworks-cuadernofp-europe-west1-ssrcuadernofp] Retrying task index 0
[debug] [2026-06-26T06:11:08.122Z] No OAuth tokens found
[debug] [2026-06-26T06:11:08.122Z] >>> [apiv2][query] GET https://cloudfunctions.googleapis.com/v2/projects/cuadernofp/locations/europe-west1/operations/operation-1782454265717-65521f95624b2-08e2b7e2-a6e49692 [none]
[debug] [2026-06-26T06:11:08.204Z] <<< [apiv2][status] GET https://cloudfunctions.googleapis.com/v2/projects/cuadernofp/locations/europe-west1/operations/operation-1782454265717-65521f95624b2-08e2b7e2-a6e49692 200
[debug] [2026-06-26T06:11:08.204Z] <<< [apiv2][body] GET https://cloudfunctions.googleapis.com/v2/projects/cuadernofp/locations/europe-west1/operations/operation-1782454265717-65521f95624b2-08e2b7e2-a6e49692 {"name":"projects/cuadernofp/locations/europe-west1/operations/operation-1782454265717-65521f95624b2-08e2b7e2-a6e49692","metadata":{"@type":"type.googleapis.com/google.cloud.functions.v2.OperationMetadata","createTime":"2026-06-26T06:11:06.992971693Z","target":"projects/cuadernofp/locations/europe-west1/functions/ssrcuadernofp","verb":"update","cancelRequested":false,"apiVersion":"v2","requestResource":{"@type":"type.googleapis.com/google.cloud.functions.v2.Function","name":"projects/cuadernofp/locations/europe-west1/functions/ssrcuadernofp","buildConfig":{"runtime":"nodejs24","entryPoint":"ssrcuadernofp","source":{"storageSource":{"bucket":"gcf-v2-sources-215337606799-europe-west1","object":"ssrcuadernofp/function-source.zip","generation":"1782454266934733"}},"environmentVariables":{"GOOGLE_NODE_RUN_SCRIPTS":""},"dockerRepository":"projects/cuadernofp/locations/europe-west1/repositories/gcf-artifacts","sourceProvenance":{"resolvedStorageSource":{"bucket":"gcf-v2-sources-215337606799-europe-west1","object":"ssrcuadernofp/function-source.zip","generation":"1782452155275457"}},"dockerRegistry":"ARTIFACT_REGISTRY","serviceAccount":"projects/cuadernofp/serviceAccounts/215337606799-compute@developer.gserviceaccount.com","automaticUpdatePolicy":{}},"serviceConfig":{"service":"projects/cuadernofp/locations/europe-west1/services/ssrcuadernofp","timeoutSeconds":60,"environmentVariables":{"VERCEL_URL":"cuadernofp.web.app","__FIREBASE_FRAMEWORKS_ENTRY__":"next.js","FIREBASE_CONFIG":"{\"projectId\":\"cuadernofp\",\"storageBucket\":\"cuadernofp.firebasestorage.app\"}","GCLOUD_PROJECT":"cuadernofp","EVENTARC_CLOUD_EVENT_SOURCE":"projects/cuadernofp/locations/europe-west1/services/ssrcuadernofp","FUNCTION_TARGET":"ssrcuadernofp","LOG_EXECUTION_ID":"true"},"ingressSettings":"ALLOW_ALL","uri":"https://ssrcuadernofp-ksqnfs2byq-ew.a.run.app","serviceAccountEmail":"215337606799-compute@developer.gserviceaccount.com","availableMemory":"256Mi","allTrafficOnLatestRevision":true,"revision":"ssrcuadernofp-00153-quq","maxInstanceRequestConcurrency":80,"availableCpu":"1"},"state":"ACTIVE","labels":{"deployment-tool":"cloudfunctions","firebase-functions-codebase":"firebase-frameworks-cuadernofp","firebase-functions-hash":"b15459f8079b50e6c0b98a8c8d8a642e1c5e3349"},"environment":"GEN_2","url":"https://europe-west1-cuadernofp.cloudfunctions.net/ssrcuadernofp","satisfiesPzi":true},"stages":[{"name":"BUILD","message":"Build in progress","state":"IN_PROGRESS","resource":"projects/215337606799/locations/europe-west1/builds/58bf731c-622e-4a0c-a3e0-fc4ec59141bb","resourceUri":"https://console.cloud.google.com/cloud-build/builds;region=europe-west1/58bf731c-622e-4a0c-a3e0-fc4ec59141bb?project=215337606799"},{"name":"SERVICE","state":"NOT_STARTED"}],"operationType":"UPDATE_FUNCTION","buildName":"projects/215337606799/locations/europe-west1/builds/58bf731c-622e-4a0c-a3e0-fc4ec59141bb"},"done":false}
[debug] [2026-06-26T06:11:10.213Z] [update-firebase-frameworks-cuadernofp-europe-west1-ssrcuadernofp] Retrying task index 0
[debug] [2026-06-26T06:11:10.214Z] No OAuth tokens found
[debug] [2026-06-26T06:11:10.214Z] >>> [apiv2][query] GET https://cloudfunctions.googleapis.com/v2/projects/cuadernofp/locations/europe-west1/operations/operation-1782454265717-65521f95624b2-08e2b7e2-a6e49692 [none]
[debug] [2026-06-26T06:11:10.403Z] <<< [apiv2][status] GET https://cloudfunctions.googleapis.com/v2/projects/cuadernofp/locations/europe-west1/operations/operation-1782454265717-65521f95624b2-08e2b7e2-a6e49692 200
[debug] [2026-06-26T06:11:10.404Z] <<< [apiv2][body] GET https://cloudfunctions.googleapis.com/v2/projects/cuadernofp/locations/europe-west1/operations/operation-1782454265717-65521f95624b2-08e2b7e2-a6e49692 {"name":"projects/cuadernofp/locations/europe-west1/operations/operation-1782454265717-65521f95624b2-08e2b7e2-a6e49692","metadata":{"@type":"type.googleapis.com/google.cloud.functions.v2.OperationMetadata","createTime":"2026-06-26T06:11:06.992971693Z","target":"projects/cuadernofp/locations/europe-west1/functions/ssrcuadernofp","verb":"update","cancelRequested":false,"apiVersion":"v2","requestResource":{"@type":"type.googleapis.com/google.cloud.functions.v2.Function","name":"projects/cuadernofp/locations/europe-west1/functions/ssrcuadernofp","buildConfig":{"runtime":"nodejs24","entryPoint":"ssrcuadernofp","source":{"storageSource":{"bucket":"gcf-v2-sources-215337606799-europe-west1","object":"ssrcuadernofp/function-source.zip","generation":"1782454266934733"}},"environmentVariables":{"GOOGLE_NODE_RUN_SCRIPTS":""},"dockerRepository":"projects/cuadernofp/locations/europe-west1/repositories/gcf-artifacts","sourceProvenance":{"resolvedStorageSource":{"bucket":"gcf-v2-sources-215337606799-europe-west1","object":"ssrcuadernofp/function-source.zip","generation":"1782452155275457"}},"dockerRegistry":"ARTIFACT_REGISTRY","serviceAccount":"projects/cuadernofp/serviceAccounts/215337606799-compute@developer.gserviceaccount.com","automaticUpdatePolicy":{}},"serviceConfig":{"service":"projects/cuadernofp/locations/europe-west1/services/ssrcuadernofp","timeoutSeconds":60,"environmentVariables":{"VERCEL_URL":"cuadernofp.web.app","__FIREBASE_FRAMEWORKS_ENTRY__":"next.js","FIREBASE_CONFIG":"{\"projectId\":\"cuadernofp\",\"storageBucket\":\"cuadernofp.firebasestorage.app\"}","GCLOUD_PROJECT":"cuadernofp","EVENTARC_CLOUD_EVENT_SOURCE":"projects/cuadernofp/locations/europe-west1/services/ssrcuadernofp","FUNCTION_TARGET":"ssrcuadernofp","LOG_EXECUTION_ID":"true"},"ingressSettings":"ALLOW_ALL","uri":"https://ssrcuadernofp-ksqnfs2byq-ew.a.run.app","serviceAccountEmail":"215337606799-compute@developer.gserviceaccount.com","availableMemory":"256Mi","allTrafficOnLatestRevision":true,"revision":"ssrcuadernofp-00153-quq","maxInstanceRequestConcurrency":80,"availableCpu":"1"},"state":"ACTIVE","labels":{"deployment-tool":"cloudfunctions","firebase-functions-codebase":"firebase-frameworks-cuadernofp","firebase-functions-hash":"b15459f8079b50e6c0b98a8c8d8a642e1c5e3349"},"environment":"GEN_2","url":"https://europe-west1-cuadernofp.cloudfunctions.net/ssrcuadernofp","satisfiesPzi":true},"stages":[{"name":"BUILD","message":"Build in progress","state":"IN_PROGRESS","resource":"projects/215337606799/locations/europe-west1/builds/58bf731c-622e-4a0c-a3e0-fc4ec59141bb","resourceUri":"https://console.cloud.google.com/cloud-build/builds;region=europe-west1/58bf731c-622e-4a0c-a3e0-fc4ec59141bb?project=215337606799"},{"name":"SERVICE","state":"NOT_STARTED"}],"operationType":"UPDATE_FUNCTION","buildName":"projects/215337606799/locations/europe-west1/builds/58bf731c-622e-4a0c-a3e0-fc4ec59141bb"},"done":false}
[debug] [2026-06-26T06:11:14.413Z] [update-firebase-frameworks-cuadernofp-europe-west1-ssrcuadernofp] Retrying task index 0
[debug] [2026-06-26T06:11:14.414Z] No OAuth tokens found
[debug] [2026-06-26T06:11:14.414Z] >>> [apiv2][query] GET https://cloudfunctions.googleapis.com/v2/projects/cuadernofp/locations/europe-west1/operations/operation-1782454265717-65521f95624b2-08e2b7e2-a6e49692 [none]
[debug] [2026-06-26T06:11:14.541Z] <<< [apiv2][status] GET https://cloudfunctions.googleapis.com/v2/projects/cuadernofp/locations/europe-west1/operations/operation-1782454265717-65521f95624b2-08e2b7e2-a6e49692 200
[debug] [2026-06-26T06:11:14.541Z] <<< [apiv2][body] GET https://cloudfunctions.googleapis.com/v2/projects/cuadernofp/locations/europe-west1/operations/operation-1782454265717-65521f95624b2-08e2b7e2-a6e49692 {"name":"projects/cuadernofp/locations/europe-west1/operations/operation-1782454265717-65521f95624b2-08e2b7e2-a6e49692","metadata":{"@type":"type.googleapis.com/google.cloud.functions.v2.OperationMetadata","createTime":"2026-06-26T06:11:06.992971693Z","target":"projects/cuadernofp/locations/europe-west1/functions/ssrcuadernofp","verb":"update","cancelRequested":false,"apiVersion":"v2","requestResource":{"@type":"type.googleapis.com/google.cloud.functions.v2.Function","name":"projects/cuadernofp/locations/europe-west1/functions/ssrcuadernofp","buildConfig":{"runtime":"nodejs24","entryPoint":"ssrcuadernofp","source":{"storageSource":{"bucket":"gcf-v2-sources-215337606799-europe-west1","object":"ssrcuadernofp/function-source.zip","generation":"1782454266934733"}},"environmentVariables":{"GOOGLE_NODE_RUN_SCRIPTS":""},"dockerRepository":"projects/cuadernofp/locations/europe-west1/repositories/gcf-artifacts","sourceProvenance":{"resolvedStorageSource":{"bucket":"gcf-v2-sources-215337606799-europe-west1","object":"ssrcuadernofp/function-source.zip","generation":"1782452155275457"}},"dockerRegistry":"ARTIFACT_REGISTRY","serviceAccount":"projects/cuadernofp/serviceAccounts/215337606799-compute@developer.gserviceaccount.com","automaticUpdatePolicy":{}},"serviceConfig":{"service":"projects/cuadernofp/locations/europe-west1/services/ssrcuadernofp","timeoutSeconds":60,"environmentVariables":{"VERCEL_URL":"cuadernofp.web.app","__FIREBASE_FRAMEWORKS_ENTRY__":"next.js","FIREBASE_CONFIG":"{\"projectId\":\"cuadernofp\",\"storageBucket\":\"cuadernofp.firebasestorage.app\"}","GCLOUD_PROJECT":"cuadernofp","EVENTARC_CLOUD_EVENT_SOURCE":"projects/cuadernofp/locations/europe-west1/services/ssrcuadernofp","FUNCTION_TARGET":"ssrcuadernofp","LOG_EXECUTION_ID":"true"},"ingressSettings":"ALLOW_ALL","uri":"https://ssrcuadernofp-ksqnfs2byq-ew.a.run.app","serviceAccountEmail":"215337606799-compute@developer.gserviceaccount.com","availableMemory":"256Mi","allTrafficOnLatestRevision":true,"revision":"ssrcuadernofp-00153-quq","maxInstanceRequestConcurrency":80,"availableCpu":"1"},"state":"ACTIVE","labels":{"deployment-tool":"cloudfunctions","firebase-functions-codebase":"firebase-frameworks-cuadernofp","firebase-functions-hash":"b15459f8079b50e6c0b98a8c8d8a642e1c5e3349"},"environment":"GEN_2","url":"https://europe-west1-cuadernofp.cloudfunctions.net/ssrcuadernofp","satisfiesPzi":true},"stages":[{"name":"BUILD","message":"Build in progress","state":"IN_PROGRESS","resource":"projects/215337606799/locations/europe-west1/builds/58bf731c-622e-4a0c-a3e0-fc4ec59141bb","resourceUri":"https://console.cloud.google.com/cloud-build/builds;region=europe-west1/58bf731c-622e-4a0c-a3e0-fc4ec59141bb?project=215337606799"},{"name":"SERVICE","state":"NOT_STARTED"}],"operationType":"UPDATE_FUNCTION","buildName":"projects/215337606799/locations/europe-west1/builds/58bf731c-622e-4a0c-a3e0-fc4ec59141bb"},"done":false}
[debug] [2026-06-26T06:11:22.548Z] [update-firebase-frameworks-cuadernofp-europe-west1-ssrcuadernofp] Retrying task index 0
[debug] [2026-06-26T06:11:22.549Z] No OAuth tokens found
[debug] [2026-06-26T06:11:22.549Z] >>> [apiv2][query] GET https://cloudfunctions.googleapis.com/v2/projects/cuadernofp/locations/europe-west1/operations/operation-1782454265717-65521f95624b2-08e2b7e2-a6e49692 [none]
[debug] [2026-06-26T06:11:23.347Z] <<< [apiv2][status] GET https://cloudfunctions.googleapis.com/v2/projects/cuadernofp/locations/europe-west1/operations/operation-1782454265717-65521f95624b2-08e2b7e2-a6e49692 200
[debug] [2026-06-26T06:11:23.347Z] <<< [apiv2][body] GET https://cloudfunctions.googleapis.com/v2/projects/cuadernofp/locations/europe-west1/operations/operation-1782454265717-65521f95624b2-08e2b7e2-a6e49692 {"name":"projects/cuadernofp/locations/europe-west1/operations/operation-1782454265717-65521f95624b2-08e2b7e2-a6e49692","metadata":{"@type":"type.googleapis.com/google.cloud.functions.v2.OperationMetadata","createTime":"2026-06-26T06:11:06.992971693Z","target":"projects/cuadernofp/locations/europe-west1/functions/ssrcuadernofp","verb":"update","cancelRequested":false,"apiVersion":"v2","requestResource":{"@type":"type.googleapis.com/google.cloud.functions.v2.Function","name":"projects/cuadernofp/locations/europe-west1/functions/ssrcuadernofp","buildConfig":{"runtime":"nodejs24","entryPoint":"ssrcuadernofp","source":{"storageSource":{"bucket":"gcf-v2-sources-215337606799-europe-west1","object":"ssrcuadernofp/function-source.zip","generation":"1782454266934733"}},"environmentVariables":{"GOOGLE_NODE_RUN_SCRIPTS":""},"dockerRepository":"projects/cuadernofp/locations/europe-west1/repositories/gcf-artifacts","sourceProvenance":{"resolvedStorageSource":{"bucket":"gcf-v2-sources-215337606799-europe-west1","object":"ssrcuadernofp/function-source.zip","generation":"1782452155275457"}},"dockerRegistry":"ARTIFACT_REGISTRY","serviceAccount":"projects/cuadernofp/serviceAccounts/215337606799-compute@developer.gserviceaccount.com","automaticUpdatePolicy":{}},"serviceConfig":{"service":"projects/cuadernofp/locations/europe-west1/services/ssrcuadernofp","timeoutSeconds":60,"environmentVariables":{"VERCEL_URL":"cuadernofp.web.app","__FIREBASE_FRAMEWORKS_ENTRY__":"next.js","FIREBASE_CONFIG":"{\"projectId\":\"cuadernofp\",\"storageBucket\":\"cuadernofp.firebasestorage.app\"}","GCLOUD_PROJECT":"cuadernofp","EVENTARC_CLOUD_EVENT_SOURCE":"projects/cuadernofp/locations/europe-west1/services/ssrcuadernofp","FUNCTION_TARGET":"ssrcuadernofp","LOG_EXECUTION_ID":"true"},"ingressSettings":"ALLOW_ALL","uri":"https://ssrcuadernofp-ksqnfs2byq-ew.a.run.app","serviceAccountEmail":"215337606799-compute@developer.gserviceaccount.com","availableMemory":"256Mi","allTrafficOnLatestRevision":true,"revision":"ssrcuadernofp-00153-quq","maxInstanceRequestConcurrency":80,"availableCpu":"1"},"state":"ACTIVE","labels":{"deployment-tool":"cloudfunctions","firebase-functions-codebase":"firebase-frameworks-cuadernofp","firebase-functions-hash":"b15459f8079b50e6c0b98a8c8d8a642e1c5e3349"},"environment":"GEN_2","url":"https://europe-west1-cuadernofp.cloudfunctions.net/ssrcuadernofp","satisfiesPzi":true},"stages":[{"name":"BUILD","message":"Build in progress","state":"IN_PROGRESS","resource":"projects/215337606799/locations/europe-west1/builds/58bf731c-622e-4a0c-a3e0-fc4ec59141bb","resourceUri":"https://console.cloud.google.com/cloud-build/builds;region=europe-west1/58bf731c-622e-4a0c-a3e0-fc4ec59141bb?project=215337606799"},{"name":"SERVICE","state":"NOT_STARTED"}],"operationType":"UPDATE_FUNCTION","buildName":"projects/215337606799/locations/europe-west1/builds/58bf731c-622e-4a0c-a3e0-fc4ec59141bb"},"done":false}
[debug] [2026-06-26T06:11:33.360Z] [update-firebase-frameworks-cuadernofp-europe-west1-ssrcuadernofp] Retrying task index 0
[debug] [2026-06-26T06:11:33.362Z] No OAuth tokens found
[debug] [2026-06-26T06:11:33.362Z] >>> [apiv2][query] GET https://cloudfunctions.googleapis.com/v2/projects/cuadernofp/locations/europe-west1/operations/operation-1782454265717-65521f95624b2-08e2b7e2-a6e49692 [none]
[debug] [2026-06-26T06:11:33.581Z] <<< [apiv2][status] GET https://cloudfunctions.googleapis.com/v2/projects/cuadernofp/locations/europe-west1/operations/operation-1782454265717-65521f95624b2-08e2b7e2-a6e49692 200
[debug] [2026-06-26T06:11:33.582Z] <<< [apiv2][body] GET https://cloudfunctions.googleapis.com/v2/projects/cuadernofp/locations/europe-west1/operations/operation-1782454265717-65521f95624b2-08e2b7e2-a6e49692 {"name":"projects/cuadernofp/locations/europe-west1/operations/operation-1782454265717-65521f95624b2-08e2b7e2-a6e49692","metadata":{"@type":"type.googleapis.com/google.cloud.functions.v2.OperationMetadata","createTime":"2026-06-26T06:11:06.992971693Z","target":"projects/cuadernofp/locations/europe-west1/functions/ssrcuadernofp","verb":"update","cancelRequested":false,"apiVersion":"v2","requestResource":{"@type":"type.googleapis.com/google.cloud.functions.v2.Function","name":"projects/cuadernofp/locations/europe-west1/functions/ssrcuadernofp","buildConfig":{"runtime":"nodejs24","entryPoint":"ssrcuadernofp","source":{"storageSource":{"bucket":"gcf-v2-sources-215337606799-europe-west1","object":"ssrcuadernofp/function-source.zip","generation":"1782454266934733"}},"environmentVariables":{"GOOGLE_NODE_RUN_SCRIPTS":""},"dockerRepository":"projects/cuadernofp/locations/europe-west1/repositories/gcf-artifacts","sourceProvenance":{"resolvedStorageSource":{"bucket":"gcf-v2-sources-215337606799-europe-west1","object":"ssrcuadernofp/function-source.zip","generation":"1782452155275457"}},"dockerRegistry":"ARTIFACT_REGISTRY","serviceAccount":"projects/cuadernofp/serviceAccounts/215337606799-compute@developer.gserviceaccount.com","automaticUpdatePolicy":{}},"serviceConfig":{"service":"projects/cuadernofp/locations/europe-west1/services/ssrcuadernofp","timeoutSeconds":60,"environmentVariables":{"VERCEL_URL":"cuadernofp.web.app","__FIREBASE_FRAMEWORKS_ENTRY__":"next.js","FIREBASE_CONFIG":"{\"projectId\":\"cuadernofp\",\"storageBucket\":\"cuadernofp.firebasestorage.app\"}","GCLOUD_PROJECT":"cuadernofp","EVENTARC_CLOUD_EVENT_SOURCE":"projects/cuadernofp/locations/europe-west1/services/ssrcuadernofp","FUNCTION_TARGET":"ssrcuadernofp","LOG_EXECUTION_ID":"true"},"ingressSettings":"ALLOW_ALL","uri":"https://ssrcuadernofp-ksqnfs2byq-ew.a.run.app","serviceAccountEmail":"215337606799-compute@developer.gserviceaccount.com","availableMemory":"256Mi","allTrafficOnLatestRevision":true,"revision":"ssrcuadernofp-00153-quq","maxInstanceRequestConcurrency":80,"availableCpu":"1"},"state":"ACTIVE","labels":{"deployment-tool":"cloudfunctions","firebase-functions-codebase":"firebase-frameworks-cuadernofp","firebase-functions-hash":"b15459f8079b50e6c0b98a8c8d8a642e1c5e3349"},"environment":"GEN_2","url":"https://europe-west1-cuadernofp.cloudfunctions.net/ssrcuadernofp","satisfiesPzi":true},"stages":[{"name":"BUILD","message":"Build in progress","state":"IN_PROGRESS","resource":"projects/215337606799/locations/europe-west1/builds/58bf731c-622e-4a0c-a3e0-fc4ec59141bb","resourceUri":"https://console.cloud.google.com/cloud-build/builds;region=europe-west1/58bf731c-622e-4a0c-a3e0-fc4ec59141bb?project=215337606799"},{"name":"SERVICE","state":"NOT_STARTED"}],"operationType":"UPDATE_FUNCTION","buildName":"projects/215337606799/locations/europe-west1/builds/58bf731c-622e-4a0c-a3e0-fc4ec59141bb"},"done":false}
[debug] [2026-06-26T06:11:43.588Z] [update-firebase-frameworks-cuadernofp-europe-west1-ssrcuadernofp] Retrying task index 0
[debug] [2026-06-26T06:11:43.589Z] No OAuth tokens found
[debug] [2026-06-26T06:11:43.589Z] >>> [apiv2][query] GET https://cloudfunctions.googleapis.com/v2/projects/cuadernofp/locations/europe-west1/operations/operation-1782454265717-65521f95624b2-08e2b7e2-a6e49692 [none]
[debug] [2026-06-26T06:11:44.184Z] <<< [apiv2][status] GET https://cloudfunctions.googleapis.com/v2/projects/cuadernofp/locations/europe-west1/operations/operation-1782454265717-65521f95624b2-08e2b7e2-a6e49692 200
[debug] [2026-06-26T06:11:44.184Z] <<< [apiv2][body] GET https://cloudfunctions.googleapis.com/v2/projects/cuadernofp/locations/europe-west1/operations/operation-1782454265717-65521f95624b2-08e2b7e2-a6e49692 {"name":"projects/cuadernofp/locations/europe-west1/operations/operation-1782454265717-65521f95624b2-08e2b7e2-a6e49692","metadata":{"@type":"type.googleapis.com/google.cloud.functions.v2.OperationMetadata","createTime":"2026-06-26T06:11:06.992971693Z","target":"projects/cuadernofp/locations/europe-west1/functions/ssrcuadernofp","verb":"update","cancelRequested":false,"apiVersion":"v2","requestResource":{"@type":"type.googleapis.com/google.cloud.functions.v2.Function","name":"projects/cuadernofp/locations/europe-west1/functions/ssrcuadernofp","buildConfig":{"runtime":"nodejs24","entryPoint":"ssrcuadernofp","source":{"storageSource":{"bucket":"gcf-v2-sources-215337606799-europe-west1","object":"ssrcuadernofp/function-source.zip","generation":"1782454266934733"}},"environmentVariables":{"GOOGLE_NODE_RUN_SCRIPTS":""},"dockerRepository":"projects/cuadernofp/locations/europe-west1/repositories/gcf-artifacts","sourceProvenance":{"resolvedStorageSource":{"bucket":"gcf-v2-sources-215337606799-europe-west1","object":"ssrcuadernofp/function-source.zip","generation":"1782452155275457"}},"dockerRegistry":"ARTIFACT_REGISTRY","serviceAccount":"projects/cuadernofp/serviceAccounts/215337606799-compute@developer.gserviceaccount.com","automaticUpdatePolicy":{}},"serviceConfig":{"service":"projects/cuadernofp/locations/europe-west1/services/ssrcuadernofp","timeoutSeconds":60,"environmentVariables":{"VERCEL_URL":"cuadernofp.web.app","__FIREBASE_FRAMEWORKS_ENTRY__":"next.js","FIREBASE_CONFIG":"{\"projectId\":\"cuadernofp\",\"storageBucket\":\"cuadernofp.firebasestorage.app\"}","GCLOUD_PROJECT":"cuadernofp","EVENTARC_CLOUD_EVENT_SOURCE":"projects/cuadernofp/locations/europe-west1/services/ssrcuadernofp","FUNCTION_TARGET":"ssrcuadernofp","LOG_EXECUTION_ID":"true"},"ingressSettings":"ALLOW_ALL","uri":"https://ssrcuadernofp-ksqnfs2byq-ew.a.run.app","serviceAccountEmail":"215337606799-compute@developer.gserviceaccount.com","availableMemory":"256Mi","allTrafficOnLatestRevision":true,"revision":"ssrcuadernofp-00153-quq","maxInstanceRequestConcurrency":80,"availableCpu":"1"},"state":"ACTIVE","labels":{"deployment-tool":"cloudfunctions","firebase-functions-codebase":"firebase-frameworks-cuadernofp","firebase-functions-hash":"b15459f8079b50e6c0b98a8c8d8a642e1c5e3349"},"environment":"GEN_2","url":"https://europe-west1-cuadernofp.cloudfunctions.net/ssrcuadernofp","satisfiesPzi":true},"stages":[{"name":"BUILD","message":"Build in progress","state":"IN_PROGRESS","resource":"projects/215337606799/locations/europe-west1/builds/58bf731c-622e-4a0c-a3e0-fc4ec59141bb","resourceUri":"https://console.cloud.google.com/cloud-build/builds;region=europe-west1/58bf731c-622e-4a0c-a3e0-fc4ec59141bb?project=215337606799"},{"name":"SERVICE","state":"NOT_STARTED"}],"operationType":"UPDATE_FUNCTION","buildName":"projects/215337606799/locations/europe-west1/builds/58bf731c-622e-4a0c-a3e0-fc4ec59141bb"},"done":false}
[debug] [2026-06-26T06:11:54.188Z] [update-firebase-frameworks-cuadernofp-europe-west1-ssrcuadernofp] Retrying task index 0
[debug] [2026-06-26T06:11:54.189Z] No OAuth tokens found
[debug] [2026-06-26T06:11:54.189Z] >>> [apiv2][query] GET https://cloudfunctions.googleapis.com/v2/projects/cuadernofp/locations/europe-west1/operations/operation-1782454265717-65521f95624b2-08e2b7e2-a6e49692 [none]
[debug] [2026-06-26T06:11:54.587Z] <<< [apiv2][status] GET https://cloudfunctions.googleapis.com/v2/projects/cuadernofp/locations/europe-west1/operations/operation-1782454265717-65521f95624b2-08e2b7e2-a6e49692 200
[debug] [2026-06-26T06:11:54.587Z] <<< [apiv2][body] GET https://cloudfunctions.googleapis.com/v2/projects/cuadernofp/locations/europe-west1/operations/operation-1782454265717-65521f95624b2-08e2b7e2-a6e49692 {"name":"projects/cuadernofp/locations/europe-west1/operations/operation-1782454265717-65521f95624b2-08e2b7e2-a6e49692","metadata":{"@type":"type.googleapis.com/google.cloud.functions.v2.OperationMetadata","createTime":"2026-06-26T06:11:06.992971693Z","target":"projects/cuadernofp/locations/europe-west1/functions/ssrcuadernofp","verb":"update","cancelRequested":false,"apiVersion":"v2","requestResource":{"@type":"type.googleapis.com/google.cloud.functions.v2.Function","name":"projects/cuadernofp/locations/europe-west1/functions/ssrcuadernofp","buildConfig":{"runtime":"nodejs24","entryPoint":"ssrcuadernofp","source":{"storageSource":{"bucket":"gcf-v2-sources-215337606799-europe-west1","object":"ssrcuadernofp/function-source.zip","generation":"1782454266934733"}},"environmentVariables":{"GOOGLE_NODE_RUN_SCRIPTS":""},"dockerRepository":"projects/cuadernofp/locations/europe-west1/repositories/gcf-artifacts","sourceProvenance":{"resolvedStorageSource":{"bucket":"gcf-v2-sources-215337606799-europe-west1","object":"ssrcuadernofp/function-source.zip","generation":"1782452155275457"}},"dockerRegistry":"ARTIFACT_REGISTRY","serviceAccount":"projects/cuadernofp/serviceAccounts/215337606799-compute@developer.gserviceaccount.com","automaticUpdatePolicy":{}},"serviceConfig":{"service":"projects/cuadernofp/locations/europe-west1/services/ssrcuadernofp","timeoutSeconds":60,"environmentVariables":{"VERCEL_URL":"cuadernofp.web.app","__FIREBASE_FRAMEWORKS_ENTRY__":"next.js","FIREBASE_CONFIG":"{\"projectId\":\"cuadernofp\",\"storageBucket\":\"cuadernofp.firebasestorage.app\"}","GCLOUD_PROJECT":"cuadernofp","EVENTARC_CLOUD_EVENT_SOURCE":"projects/cuadernofp/locations/europe-west1/services/ssrcuadernofp","FUNCTION_TARGET":"ssrcuadernofp","LOG_EXECUTION_ID":"true"},"ingressSettings":"ALLOW_ALL","uri":"https://ssrcuadernofp-ksqnfs2byq-ew.a.run.app","serviceAccountEmail":"215337606799-compute@developer.gserviceaccount.com","availableMemory":"256Mi","allTrafficOnLatestRevision":true,"revision":"ssrcuadernofp-00153-quq","maxInstanceRequestConcurrency":80,"availableCpu":"1"},"state":"ACTIVE","labels":{"deployment-tool":"cloudfunctions","firebase-functions-codebase":"firebase-frameworks-cuadernofp","firebase-functions-hash":"b15459f8079b50e6c0b98a8c8d8a642e1c5e3349"},"environment":"GEN_2","url":"https://europe-west1-cuadernofp.cloudfunctions.net/ssrcuadernofp","satisfiesPzi":true},"stages":[{"name":"BUILD","message":"Build in progress","state":"IN_PROGRESS","resource":"projects/215337606799/locations/europe-west1/builds/58bf731c-622e-4a0c-a3e0-fc4ec59141bb","resourceUri":"https://console.cloud.google.com/cloud-build/builds;region=europe-west1/58bf731c-622e-4a0c-a3e0-fc4ec59141bb?project=215337606799"},{"name":"SERVICE","state":"NOT_STARTED"}],"operationType":"UPDATE_FUNCTION","buildName":"projects/215337606799/locations/europe-west1/builds/58bf731c-622e-4a0c-a3e0-fc4ec59141bb"},"done":false}
[debug] [2026-06-26T06:12:04.597Z] [update-firebase-frameworks-cuadernofp-europe-west1-ssrcuadernofp] Retrying task index 0
[debug] [2026-06-26T06:12:04.598Z] No OAuth tokens found
[debug] [2026-06-26T06:12:04.598Z] >>> [apiv2][query] GET https://cloudfunctions.googleapis.com/v2/projects/cuadernofp/locations/europe-west1/operations/operation-1782454265717-65521f95624b2-08e2b7e2-a6e49692 [none]
[debug] [2026-06-26T06:12:04.764Z] <<< [apiv2][status] GET https://cloudfunctions.googleapis.com/v2/projects/cuadernofp/locations/europe-west1/operations/operation-1782454265717-65521f95624b2-08e2b7e2-a6e49692 200
[debug] [2026-06-26T06:12:04.764Z] <<< [apiv2][body] GET https://cloudfunctions.googleapis.com/v2/projects/cuadernofp/locations/europe-west1/operations/operation-1782454265717-65521f95624b2-08e2b7e2-a6e49692 {"name":"projects/cuadernofp/locations/europe-west1/operations/operation-1782454265717-65521f95624b2-08e2b7e2-a6e49692","metadata":{"@type":"type.googleapis.com/google.cloud.functions.v2.OperationMetadata","createTime":"2026-06-26T06:11:06.992971693Z","target":"projects/cuadernofp/locations/europe-west1/functions/ssrcuadernofp","verb":"update","cancelRequested":false,"apiVersion":"v2","requestResource":{"@type":"type.googleapis.com/google.cloud.functions.v2.Function","name":"projects/cuadernofp/locations/europe-west1/functions/ssrcuadernofp","buildConfig":{"runtime":"nodejs24","entryPoint":"ssrcuadernofp","source":{"storageSource":{"bucket":"gcf-v2-sources-215337606799-europe-west1","object":"ssrcuadernofp/function-source.zip","generation":"1782454266934733"}},"environmentVariables":{"GOOGLE_NODE_RUN_SCRIPTS":""},"dockerRepository":"projects/cuadernofp/locations/europe-west1/repositories/gcf-artifacts","sourceProvenance":{"resolvedStorageSource":{"bucket":"gcf-v2-sources-215337606799-europe-west1","object":"ssrcuadernofp/function-source.zip","generation":"1782452155275457"}},"dockerRegistry":"ARTIFACT_REGISTRY","serviceAccount":"projects/cuadernofp/serviceAccounts/215337606799-compute@developer.gserviceaccount.com","automaticUpdatePolicy":{}},"serviceConfig":{"service":"projects/cuadernofp/locations/europe-west1/services/ssrcuadernofp","timeoutSeconds":60,"environmentVariables":{"VERCEL_URL":"cuadernofp.web.app","__FIREBASE_FRAMEWORKS_ENTRY__":"next.js","FIREBASE_CONFIG":"{\"projectId\":\"cuadernofp\",\"storageBucket\":\"cuadernofp.firebasestorage.app\"}","GCLOUD_PROJECT":"cuadernofp","EVENTARC_CLOUD_EVENT_SOURCE":"projects/cuadernofp/locations/europe-west1/services/ssrcuadernofp","FUNCTION_TARGET":"ssrcuadernofp","LOG_EXECUTION_ID":"true"},"ingressSettings":"ALLOW_ALL","uri":"https://ssrcuadernofp-ksqnfs2byq-ew.a.run.app","serviceAccountEmail":"215337606799-compute@developer.gserviceaccount.com","availableMemory":"256Mi","allTrafficOnLatestRevision":true,"revision":"ssrcuadernofp-00153-quq","maxInstanceRequestConcurrency":80,"availableCpu":"1"},"state":"ACTIVE","labels":{"deployment-tool":"cloudfunctions","firebase-functions-codebase":"firebase-frameworks-cuadernofp","firebase-functions-hash":"b15459f8079b50e6c0b98a8c8d8a642e1c5e3349"},"environment":"GEN_2","url":"https://europe-west1-cuadernofp.cloudfunctions.net/ssrcuadernofp","satisfiesPzi":true},"stages":[{"name":"BUILD","message":"Build in progress","state":"IN_PROGRESS","resource":"projects/215337606799/locations/europe-west1/builds/58bf731c-622e-4a0c-a3e0-fc4ec59141bb","resourceUri":"https://console.cloud.google.com/cloud-build/builds;region=europe-west1/58bf731c-622e-4a0c-a3e0-fc4ec59141bb?project=215337606799"},{"name":"SERVICE","state":"NOT_STARTED"}],"operationType":"UPDATE_FUNCTION","buildName":"projects/215337606799/locations/europe-west1/builds/58bf731c-622e-4a0c-a3e0-fc4ec59141bb"},"done":false}
[debug] [2026-06-26T06:12:14.774Z] [update-firebase-frameworks-cuadernofp-europe-west1-ssrcuadernofp] Retrying task index 0
[debug] [2026-06-26T06:12:14.776Z] No OAuth tokens found
[debug] [2026-06-26T06:12:14.776Z] >>> [apiv2][query] GET https://cloudfunctions.googleapis.com/v2/projects/cuadernofp/locations/europe-west1/operations/operation-1782454265717-65521f95624b2-08e2b7e2-a6e49692 [none]
[debug] [2026-06-26T06:12:15.213Z] <<< [apiv2][status] GET https://cloudfunctions.googleapis.com/v2/projects/cuadernofp/locations/europe-west1/operations/operation-1782454265717-65521f95624b2-08e2b7e2-a6e49692 200
[debug] [2026-06-26T06:12:15.213Z] <<< [apiv2][body] GET https://cloudfunctions.googleapis.com/v2/projects/cuadernofp/locations/europe-west1/operations/operation-1782454265717-65521f95624b2-08e2b7e2-a6e49692 {"name":"projects/cuadernofp/locations/europe-west1/operations/operation-1782454265717-65521f95624b2-08e2b7e2-a6e49692","metadata":{"@type":"type.googleapis.com/google.cloud.functions.v2.OperationMetadata","createTime":"2026-06-26T06:11:06.992971693Z","target":"projects/cuadernofp/locations/europe-west1/functions/ssrcuadernofp","verb":"update","cancelRequested":false,"apiVersion":"v2","requestResource":{"@type":"type.googleapis.com/google.cloud.functions.v2.Function","name":"projects/cuadernofp/locations/europe-west1/functions/ssrcuadernofp","buildConfig":{"runtime":"nodejs24","entryPoint":"ssrcuadernofp","source":{"storageSource":{"bucket":"gcf-v2-sources-215337606799-europe-west1","object":"ssrcuadernofp/function-source.zip","generation":"1782454266934733"}},"environmentVariables":{"GOOGLE_NODE_RUN_SCRIPTS":""},"dockerRepository":"projects/cuadernofp/locations/europe-west1/repositories/gcf-artifacts","sourceProvenance":{"resolvedStorageSource":{"bucket":"gcf-v2-sources-215337606799-europe-west1","object":"ssrcuadernofp/function-source.zip","generation":"1782452155275457"}},"dockerRegistry":"ARTIFACT_REGISTRY","serviceAccount":"projects/cuadernofp/serviceAccounts/215337606799-compute@developer.gserviceaccount.com","automaticUpdatePolicy":{}},"serviceConfig":{"service":"projects/cuadernofp/locations/europe-west1/services/ssrcuadernofp","timeoutSeconds":60,"environmentVariables":{"VERCEL_URL":"cuadernofp.web.app","__FIREBASE_FRAMEWORKS_ENTRY__":"next.js","FIREBASE_CONFIG":"{\"projectId\":\"cuadernofp\",\"storageBucket\":\"cuadernofp.firebasestorage.app\"}","GCLOUD_PROJECT":"cuadernofp","EVENTARC_CLOUD_EVENT_SOURCE":"projects/cuadernofp/locations/europe-west1/services/ssrcuadernofp","FUNCTION_TARGET":"ssrcuadernofp","LOG_EXECUTION_ID":"true"},"ingressSettings":"ALLOW_ALL","uri":"https://ssrcuadernofp-ksqnfs2byq-ew.a.run.app","serviceAccountEmail":"215337606799-compute@developer.gserviceaccount.com","availableMemory":"256Mi","allTrafficOnLatestRevision":true,"revision":"ssrcuadernofp-00153-quq","maxInstanceRequestConcurrency":80,"availableCpu":"1"},"state":"ACTIVE","labels":{"deployment-tool":"cloudfunctions","firebase-functions-codebase":"firebase-frameworks-cuadernofp","firebase-functions-hash":"b15459f8079b50e6c0b98a8c8d8a642e1c5e3349"},"environment":"GEN_2","url":"https://europe-west1-cuadernofp.cloudfunctions.net/ssrcuadernofp","satisfiesPzi":true},"stages":[{"name":"BUILD","message":"Build in progress","state":"IN_PROGRESS","resource":"projects/215337606799/locations/europe-west1/builds/58bf731c-622e-4a0c-a3e0-fc4ec59141bb","resourceUri":"https://console.cloud.google.com/cloud-build/builds;region=europe-west1/58bf731c-622e-4a0c-a3e0-fc4ec59141bb?project=215337606799"},{"name":"SERVICE","state":"NOT_STARTED"}],"operationType":"UPDATE_FUNCTION","buildName":"projects/215337606799/locations/europe-west1/builds/58bf731c-622e-4a0c-a3e0-fc4ec59141bb"},"done":false}
[debug] [2026-06-26T06:12:25.222Z] [update-firebase-frameworks-cuadernofp-europe-west1-ssrcuadernofp] Retrying task index 0
[debug] [2026-06-26T06:12:25.223Z] No OAuth tokens found
[debug] [2026-06-26T06:12:25.223Z] >>> [apiv2][query] GET https://cloudfunctions.googleapis.com/v2/projects/cuadernofp/locations/europe-west1/operations/operation-1782454265717-65521f95624b2-08e2b7e2-a6e49692 [none]
[debug] [2026-06-26T06:12:25.664Z] <<< [apiv2][status] GET https://cloudfunctions.googleapis.com/v2/projects/cuadernofp/locations/europe-west1/operations/operation-1782454265717-65521f95624b2-08e2b7e2-a6e49692 200
[debug] [2026-06-26T06:12:25.664Z] <<< [apiv2][body] GET https://cloudfunctions.googleapis.com/v2/projects/cuadernofp/locations/europe-west1/operations/operation-1782454265717-65521f95624b2-08e2b7e2-a6e49692 {"name":"projects/cuadernofp/locations/europe-west1/operations/operation-1782454265717-65521f95624b2-08e2b7e2-a6e49692","metadata":{"@type":"type.googleapis.com/google.cloud.functions.v2.OperationMetadata","createTime":"2026-06-26T06:11:06.992971693Z","target":"projects/cuadernofp/locations/europe-west1/functions/ssrcuadernofp","verb":"update","cancelRequested":false,"apiVersion":"v2","requestResource":{"@type":"type.googleapis.com/google.cloud.functions.v2.Function","name":"projects/cuadernofp/locations/europe-west1/functions/ssrcuadernofp","buildConfig":{"runtime":"nodejs24","entryPoint":"ssrcuadernofp","source":{"storageSource":{"bucket":"gcf-v2-sources-215337606799-europe-west1","object":"ssrcuadernofp/function-source.zip","generation":"1782454266934733"}},"environmentVariables":{"GOOGLE_NODE_RUN_SCRIPTS":""},"dockerRepository":"projects/cuadernofp/locations/europe-west1/repositories/gcf-artifacts","sourceProvenance":{"resolvedStorageSource":{"bucket":"gcf-v2-sources-215337606799-europe-west1","object":"ssrcuadernofp/function-source.zip","generation":"1782452155275457"}},"dockerRegistry":"ARTIFACT_REGISTRY","serviceAccount":"projects/cuadernofp/serviceAccounts/215337606799-compute@developer.gserviceaccount.com","automaticUpdatePolicy":{}},"serviceConfig":{"service":"projects/cuadernofp/locations/europe-west1/services/ssrcuadernofp","timeoutSeconds":60,"environmentVariables":{"VERCEL_URL":"cuadernofp.web.app","__FIREBASE_FRAMEWORKS_ENTRY__":"next.js","FIREBASE_CONFIG":"{\"projectId\":\"cuadernofp\",\"storageBucket\":\"cuadernofp.firebasestorage.app\"}","GCLOUD_PROJECT":"cuadernofp","EVENTARC_CLOUD_EVENT_SOURCE":"projects/cuadernofp/locations/europe-west1/services/ssrcuadernofp","FUNCTION_TARGET":"ssrcuadernofp","LOG_EXECUTION_ID":"true"},"ingressSettings":"ALLOW_ALL","uri":"https://ssrcuadernofp-ksqnfs2byq-ew.a.run.app","serviceAccountEmail":"215337606799-compute@developer.gserviceaccount.com","availableMemory":"256Mi","allTrafficOnLatestRevision":true,"revision":"ssrcuadernofp-00153-quq","maxInstanceRequestConcurrency":80,"availableCpu":"1"},"state":"ACTIVE","labels":{"deployment-tool":"cloudfunctions","firebase-functions-codebase":"firebase-frameworks-cuadernofp","firebase-functions-hash":"b15459f8079b50e6c0b98a8c8d8a642e1c5e3349"},"environment":"GEN_2","url":"https://europe-west1-cuadernofp.cloudfunctions.net/ssrcuadernofp","satisfiesPzi":true},"stages":[{"name":"BUILD","message":"Build in progress","state":"IN_PROGRESS","resource":"projects/215337606799/locations/europe-west1/builds/58bf731c-622e-4a0c-a3e0-fc4ec59141bb","resourceUri":"https://console.cloud.google.com/cloud-build/builds;region=europe-west1/58bf731c-622e-4a0c-a3e0-fc4ec59141bb?project=215337606799"},{"name":"SERVICE","state":"NOT_STARTED"}],"operationType":"UPDATE_FUNCTION","buildName":"projects/215337606799/locations/europe-west1/builds/58bf731c-622e-4a0c-a3e0-fc4ec59141bb"},"done":false}
[debug] [2026-06-26T06:12:35.675Z] [update-firebase-frameworks-cuadernofp-europe-west1-ssrcuadernofp] Retrying task index 0
[debug] [2026-06-26T06:12:35.676Z] No OAuth tokens found
[debug] [2026-06-26T06:12:35.677Z] >>> [apiv2][query] GET https://cloudfunctions.googleapis.com/v2/projects/cuadernofp/locations/europe-west1/operations/operation-1782454265717-65521f95624b2-08e2b7e2-a6e49692 [none]
[debug] [2026-06-26T06:12:35.848Z] <<< [apiv2][status] GET https://cloudfunctions.googleapis.com/v2/projects/cuadernofp/locations/europe-west1/operations/operation-1782454265717-65521f95624b2-08e2b7e2-a6e49692 200
[debug] [2026-06-26T06:12:35.848Z] <<< [apiv2][body] GET https://cloudfunctions.googleapis.com/v2/projects/cuadernofp/locations/europe-west1/operations/operation-1782454265717-65521f95624b2-08e2b7e2-a6e49692 {"name":"projects/cuadernofp/locations/europe-west1/operations/operation-1782454265717-65521f95624b2-08e2b7e2-a6e49692","metadata":{"@type":"type.googleapis.com/google.cloud.functions.v2.OperationMetadata","createTime":"2026-06-26T06:11:06.992971693Z","target":"projects/cuadernofp/locations/europe-west1/functions/ssrcuadernofp","verb":"update","cancelRequested":false,"apiVersion":"v2","requestResource":{"@type":"type.googleapis.com/google.cloud.functions.v2.Function","name":"projects/cuadernofp/locations/europe-west1/functions/ssrcuadernofp","buildConfig":{"runtime":"nodejs24","entryPoint":"ssrcuadernofp","source":{"storageSource":{"bucket":"gcf-v2-sources-215337606799-europe-west1","object":"ssrcuadernofp/function-source.zip","generation":"1782454266934733"}},"environmentVariables":{"GOOGLE_NODE_RUN_SCRIPTS":""},"dockerRepository":"projects/cuadernofp/locations/europe-west1/repositories/gcf-artifacts","sourceProvenance":{"resolvedStorageSource":{"bucket":"gcf-v2-sources-215337606799-europe-west1","object":"ssrcuadernofp/function-source.zip","generation":"1782452155275457"}},"dockerRegistry":"ARTIFACT_REGISTRY","serviceAccount":"projects/cuadernofp/serviceAccounts/215337606799-compute@developer.gserviceaccount.com","automaticUpdatePolicy":{}},"serviceConfig":{"service":"projects/cuadernofp/locations/europe-west1/services/ssrcuadernofp","timeoutSeconds":60,"environmentVariables":{"VERCEL_URL":"cuadernofp.web.app","__FIREBASE_FRAMEWORKS_ENTRY__":"next.js","FIREBASE_CONFIG":"{\"projectId\":\"cuadernofp\",\"storageBucket\":\"cuadernofp.firebasestorage.app\"}","GCLOUD_PROJECT":"cuadernofp","EVENTARC_CLOUD_EVENT_SOURCE":"projects/cuadernofp/locations/europe-west1/services/ssrcuadernofp","FUNCTION_TARGET":"ssrcuadernofp","LOG_EXECUTION_ID":"true"},"ingressSettings":"ALLOW_ALL","uri":"https://ssrcuadernofp-ksqnfs2byq-ew.a.run.app","serviceAccountEmail":"215337606799-compute@developer.gserviceaccount.com","availableMemory":"256Mi","allTrafficOnLatestRevision":true,"revision":"ssrcuadernofp-00153-quq","maxInstanceRequestConcurrency":80,"availableCpu":"1"},"state":"ACTIVE","labels":{"deployment-tool":"cloudfunctions","firebase-functions-codebase":"firebase-frameworks-cuadernofp","firebase-functions-hash":"b15459f8079b50e6c0b98a8c8d8a642e1c5e3349"},"environment":"GEN_2","url":"https://europe-west1-cuadernofp.cloudfunctions.net/ssrcuadernofp","satisfiesPzi":true},"stages":[{"name":"BUILD","message":"Build in progress","state":"IN_PROGRESS","resource":"projects/215337606799/locations/europe-west1/builds/58bf731c-622e-4a0c-a3e0-fc4ec59141bb","resourceUri":"https://console.cloud.google.com/cloud-build/builds;region=europe-west1/58bf731c-622e-4a0c-a3e0-fc4ec59141bb?project=215337606799"},{"name":"SERVICE","state":"NOT_STARTED"}],"operationType":"UPDATE_FUNCTION","buildName":"projects/215337606799/locations/europe-west1/builds/58bf731c-622e-4a0c-a3e0-fc4ec59141bb"},"done":false}
[debug] [2026-06-26T06:12:45.863Z] [update-firebase-frameworks-cuadernofp-europe-west1-ssrcuadernofp] Retrying task index 0
[debug] [2026-06-26T06:12:45.864Z] No OAuth tokens found
[debug] [2026-06-26T06:12:45.865Z] >>> [apiv2][query] GET https://cloudfunctions.googleapis.com/v2/projects/cuadernofp/locations/europe-west1/operations/operation-1782454265717-65521f95624b2-08e2b7e2-a6e49692 [none]
[debug] [2026-06-26T06:12:46.410Z] <<< [apiv2][status] GET https://cloudfunctions.googleapis.com/v2/projects/cuadernofp/locations/europe-west1/operations/operation-1782454265717-65521f95624b2-08e2b7e2-a6e49692 200
[debug] [2026-06-26T06:12:46.411Z] <<< [apiv2][body] GET https://cloudfunctions.googleapis.com/v2/projects/cuadernofp/locations/europe-west1/operations/operation-1782454265717-65521f95624b2-08e2b7e2-a6e49692 {"name":"projects/cuadernofp/locations/europe-west1/operations/operation-1782454265717-65521f95624b2-08e2b7e2-a6e49692","metadata":{"@type":"type.googleapis.com/google.cloud.functions.v2.OperationMetadata","createTime":"2026-06-26T06:11:06.992971693Z","target":"projects/cuadernofp/locations/europe-west1/functions/ssrcuadernofp","verb":"update","cancelRequested":false,"apiVersion":"v2","requestResource":{"@type":"type.googleapis.com/google.cloud.functions.v2.Function","name":"projects/cuadernofp/locations/europe-west1/functions/ssrcuadernofp","buildConfig":{"runtime":"nodejs24","entryPoint":"ssrcuadernofp","source":{"storageSource":{"bucket":"gcf-v2-sources-215337606799-europe-west1","object":"ssrcuadernofp/function-source.zip","generation":"1782454266934733"}},"environmentVariables":{"GOOGLE_NODE_RUN_SCRIPTS":""},"dockerRepository":"projects/cuadernofp/locations/europe-west1/repositories/gcf-artifacts","sourceProvenance":{"resolvedStorageSource":{"bucket":"gcf-v2-sources-215337606799-europe-west1","object":"ssrcuadernofp/function-source.zip","generation":"1782452155275457"}},"dockerRegistry":"ARTIFACT_REGISTRY","serviceAccount":"projects/cuadernofp/serviceAccounts/215337606799-compute@developer.gserviceaccount.com","automaticUpdatePolicy":{}},"serviceConfig":{"service":"projects/cuadernofp/locations/europe-west1/services/ssrcuadernofp","timeoutSeconds":60,"environmentVariables":{"VERCEL_URL":"cuadernofp.web.app","__FIREBASE_FRAMEWORKS_ENTRY__":"next.js","FIREBASE_CONFIG":"{\"projectId\":\"cuadernofp\",\"storageBucket\":\"cuadernofp.firebasestorage.app\"}","GCLOUD_PROJECT":"cuadernofp","EVENTARC_CLOUD_EVENT_SOURCE":"projects/cuadernofp/locations/europe-west1/services/ssrcuadernofp","FUNCTION_TARGET":"ssrcuadernofp","LOG_EXECUTION_ID":"true"},"ingressSettings":"ALLOW_ALL","uri":"https://ssrcuadernofp-ksqnfs2byq-ew.a.run.app","serviceAccountEmail":"215337606799-compute@developer.gserviceaccount.com","availableMemory":"256Mi","allTrafficOnLatestRevision":true,"revision":"ssrcuadernofp-00153-quq","maxInstanceRequestConcurrency":80,"availableCpu":"1"},"state":"ACTIVE","labels":{"deployment-tool":"cloudfunctions","firebase-functions-codebase":"firebase-frameworks-cuadernofp","firebase-functions-hash":"b15459f8079b50e6c0b98a8c8d8a642e1c5e3349"},"environment":"GEN_2","url":"https://europe-west1-cuadernofp.cloudfunctions.net/ssrcuadernofp","satisfiesPzi":true},"stages":[{"name":"BUILD","message":"Build in progress","state":"IN_PROGRESS","resource":"projects/215337606799/locations/europe-west1/builds/58bf731c-622e-4a0c-a3e0-fc4ec59141bb","resourceUri":"https://console.cloud.google.com/cloud-build/builds;region=europe-west1/58bf731c-622e-4a0c-a3e0-fc4ec59141bb?project=215337606799"},{"name":"SERVICE","state":"NOT_STARTED"}],"operationType":"UPDATE_FUNCTION","buildName":"projects/215337606799/locations/europe-west1/builds/58bf731c-622e-4a0c-a3e0-fc4ec59141bb"},"done":false}
[debug] [2026-06-26T06:12:56.424Z] [update-firebase-frameworks-cuadernofp-europe-west1-ssrcuadernofp] Retrying task index 0
[debug] [2026-06-26T06:12:56.426Z] No OAuth tokens found
[debug] [2026-06-26T06:12:56.426Z] >>> [apiv2][query] GET https://cloudfunctions.googleapis.com/v2/projects/cuadernofp/locations/europe-west1/operations/operation-1782454265717-65521f95624b2-08e2b7e2-a6e49692 [none]
[debug] [2026-06-26T06:12:57.008Z] <<< [apiv2][status] GET https://cloudfunctions.googleapis.com/v2/projects/cuadernofp/locations/europe-west1/operations/operation-1782454265717-65521f95624b2-08e2b7e2-a6e49692 200
[debug] [2026-06-26T06:12:57.008Z] <<< [apiv2][body] GET https://cloudfunctions.googleapis.com/v2/projects/cuadernofp/locations/europe-west1/operations/operation-1782454265717-65521f95624b2-08e2b7e2-a6e49692 {"name":"projects/cuadernofp/locations/europe-west1/operations/operation-1782454265717-65521f95624b2-08e2b7e2-a6e49692","metadata":{"@type":"type.googleapis.com/google.cloud.functions.v2.OperationMetadata","createTime":"2026-06-26T06:11:06.992971693Z","target":"projects/cuadernofp/locations/europe-west1/functions/ssrcuadernofp","verb":"update","cancelRequested":false,"apiVersion":"v2","requestResource":{"@type":"type.googleapis.com/google.cloud.functions.v2.Function","name":"projects/cuadernofp/locations/europe-west1/functions/ssrcuadernofp","buildConfig":{"runtime":"nodejs24","entryPoint":"ssrcuadernofp","source":{"storageSource":{"bucket":"gcf-v2-sources-215337606799-europe-west1","object":"ssrcuadernofp/function-source.zip","generation":"1782454266934733"}},"environmentVariables":{"GOOGLE_NODE_RUN_SCRIPTS":""},"dockerRepository":"projects/cuadernofp/locations/europe-west1/repositories/gcf-artifacts","sourceProvenance":{"resolvedStorageSource":{"bucket":"gcf-v2-sources-215337606799-europe-west1","object":"ssrcuadernofp/function-source.zip","generation":"1782452155275457"}},"dockerRegistry":"ARTIFACT_REGISTRY","serviceAccount":"projects/cuadernofp/serviceAccounts/215337606799-compute@developer.gserviceaccount.com","automaticUpdatePolicy":{}},"serviceConfig":{"service":"projects/cuadernofp/locations/europe-west1/services/ssrcuadernofp","timeoutSeconds":60,"environmentVariables":{"VERCEL_URL":"cuadernofp.web.app","__FIREBASE_FRAMEWORKS_ENTRY__":"next.js","FIREBASE_CONFIG":"{\"projectId\":\"cuadernofp\",\"storageBucket\":\"cuadernofp.firebasestorage.app\"}","GCLOUD_PROJECT":"cuadernofp","EVENTARC_CLOUD_EVENT_SOURCE":"projects/cuadernofp/locations/europe-west1/services/ssrcuadernofp","FUNCTION_TARGET":"ssrcuadernofp","LOG_EXECUTION_ID":"true"},"ingressSettings":"ALLOW_ALL","uri":"https://ssrcuadernofp-ksqnfs2byq-ew.a.run.app","serviceAccountEmail":"215337606799-compute@developer.gserviceaccount.com","availableMemory":"256Mi","allTrafficOnLatestRevision":true,"revision":"ssrcuadernofp-00153-quq","maxInstanceRequestConcurrency":80,"availableCpu":"1"},"state":"ACTIVE","labels":{"deployment-tool":"cloudfunctions","firebase-functions-codebase":"firebase-frameworks-cuadernofp","firebase-functions-hash":"b15459f8079b50e6c0b98a8c8d8a642e1c5e3349"},"environment":"GEN_2","url":"https://europe-west1-cuadernofp.cloudfunctions.net/ssrcuadernofp","satisfiesPzi":true},"stages":[{"name":"BUILD","message":"Build in progress","state":"IN_PROGRESS","resource":"projects/215337606799/locations/europe-west1/builds/58bf731c-622e-4a0c-a3e0-fc4ec59141bb","resourceUri":"https://console.cloud.google.com/cloud-build/builds;region=europe-west1/58bf731c-622e-4a0c-a3e0-fc4ec59141bb?project=215337606799"},{"name":"SERVICE","state":"NOT_STARTED"}],"operationType":"UPDATE_FUNCTION","buildName":"projects/215337606799/locations/europe-west1/builds/58bf731c-622e-4a0c-a3e0-fc4ec59141bb"},"done":false}
[debug] [2026-06-26T06:13:07.022Z] [update-firebase-frameworks-cuadernofp-europe-west1-ssrcuadernofp] Retrying task index 0
[debug] [2026-06-26T06:13:07.023Z] No OAuth tokens found
[debug] [2026-06-26T06:13:07.024Z] >>> [apiv2][query] GET https://cloudfunctions.googleapis.com/v2/projects/cuadernofp/locations/europe-west1/operations/operation-1782454265717-65521f95624b2-08e2b7e2-a6e49692 [none]
[debug] [2026-06-26T06:13:07.695Z] <<< [apiv2][status] GET https://cloudfunctions.googleapis.com/v2/projects/cuadernofp/locations/europe-west1/operations/operation-1782454265717-65521f95624b2-08e2b7e2-a6e49692 200
[debug] [2026-06-26T06:13:07.695Z] <<< [apiv2][body] GET https://cloudfunctions.googleapis.com/v2/projects/cuadernofp/locations/europe-west1/operations/operation-1782454265717-65521f95624b2-08e2b7e2-a6e49692 {"name":"projects/cuadernofp/locations/europe-west1/operations/operation-1782454265717-65521f95624b2-08e2b7e2-a6e49692","metadata":{"@type":"type.googleapis.com/google.cloud.functions.v2.OperationMetadata","createTime":"2026-06-26T06:11:06.992971693Z","target":"projects/cuadernofp/locations/europe-west1/functions/ssrcuadernofp","verb":"update","cancelRequested":false,"apiVersion":"v2","requestResource":{"@type":"type.googleapis.com/google.cloud.functions.v2.Function","name":"projects/cuadernofp/locations/europe-west1/functions/ssrcuadernofp","buildConfig":{"runtime":"nodejs24","entryPoint":"ssrcuadernofp","source":{"storageSource":{"bucket":"gcf-v2-sources-215337606799-europe-west1","object":"ssrcuadernofp/function-source.zip","generation":"1782454266934733"}},"environmentVariables":{"GOOGLE_NODE_RUN_SCRIPTS":""},"dockerRepository":"projects/cuadernofp/locations/europe-west1/repositories/gcf-artifacts","sourceProvenance":{"resolvedStorageSource":{"bucket":"gcf-v2-sources-215337606799-europe-west1","object":"ssrcuadernofp/function-source.zip","generation":"1782452155275457"}},"dockerRegistry":"ARTIFACT_REGISTRY","serviceAccount":"projects/cuadernofp/serviceAccounts/215337606799-compute@developer.gserviceaccount.com","automaticUpdatePolicy":{}},"serviceConfig":{"service":"projects/cuadernofp/locations/europe-west1/services/ssrcuadernofp","timeoutSeconds":60,"environmentVariables":{"VERCEL_URL":"cuadernofp.web.app","__FIREBASE_FRAMEWORKS_ENTRY__":"next.js","FIREBASE_CONFIG":"{\"projectId\":\"cuadernofp\",\"storageBucket\":\"cuadernofp.firebasestorage.app\"}","GCLOUD_PROJECT":"cuadernofp","EVENTARC_CLOUD_EVENT_SOURCE":"projects/cuadernofp/locations/europe-west1/services/ssrcuadernofp","FUNCTION_TARGET":"ssrcuadernofp","LOG_EXECUTION_ID":"true"},"ingressSettings":"ALLOW_ALL","uri":"https://ssrcuadernofp-ksqnfs2byq-ew.a.run.app","serviceAccountEmail":"215337606799-compute@developer.gserviceaccount.com","availableMemory":"256Mi","allTrafficOnLatestRevision":true,"revision":"ssrcuadernofp-00153-quq","maxInstanceRequestConcurrency":80,"availableCpu":"1"},"state":"ACTIVE","labels":{"deployment-tool":"cloudfunctions","firebase-functions-codebase":"firebase-frameworks-cuadernofp","firebase-functions-hash":"b15459f8079b50e6c0b98a8c8d8a642e1c5e3349"},"environment":"GEN_2","url":"https://europe-west1-cuadernofp.cloudfunctions.net/ssrcuadernofp","satisfiesPzi":true},"stages":[{"name":"BUILD","message":"Build in progress","state":"IN_PROGRESS","resource":"projects/215337606799/locations/europe-west1/builds/58bf731c-622e-4a0c-a3e0-fc4ec59141bb","resourceUri":"https://console.cloud.google.com/cloud-build/builds;region=europe-west1/58bf731c-622e-4a0c-a3e0-fc4ec59141bb?project=215337606799"},{"name":"SERVICE","state":"NOT_STARTED"}],"operationType":"UPDATE_FUNCTION","buildName":"projects/215337606799/locations/europe-west1/builds/58bf731c-622e-4a0c-a3e0-fc4ec59141bb"},"done":false}
[debug] [2026-06-26T06:13:17.707Z] [update-firebase-frameworks-cuadernofp-europe-west1-ssrcuadernofp] Retrying task index 0
[debug] [2026-06-26T06:13:17.709Z] No OAuth tokens found
[debug] [2026-06-26T06:13:17.709Z] >>> [apiv2][query] GET https://cloudfunctions.googleapis.com/v2/projects/cuadernofp/locations/europe-west1/operations/operation-1782454265717-65521f95624b2-08e2b7e2-a6e49692 [none]
[debug] [2026-06-26T06:13:18.071Z] <<< [apiv2][status] GET https://cloudfunctions.googleapis.com/v2/projects/cuadernofp/locations/europe-west1/operations/operation-1782454265717-65521f95624b2-08e2b7e2-a6e49692 200
[debug] [2026-06-26T06:13:18.071Z] <<< [apiv2][body] GET https://cloudfunctions.googleapis.com/v2/projects/cuadernofp/locations/europe-west1/operations/operation-1782454265717-65521f95624b2-08e2b7e2-a6e49692 {"name":"projects/cuadernofp/locations/europe-west1/operations/operation-1782454265717-65521f95624b2-08e2b7e2-a6e49692","metadata":{"@type":"type.googleapis.com/google.cloud.functions.v2.OperationMetadata","createTime":"2026-06-26T06:11:06.992971693Z","target":"projects/cuadernofp/locations/europe-west1/functions/ssrcuadernofp","verb":"update","cancelRequested":false,"apiVersion":"v2","requestResource":{"@type":"type.googleapis.com/google.cloud.functions.v2.Function","name":"projects/cuadernofp/locations/europe-west1/functions/ssrcuadernofp","buildConfig":{"runtime":"nodejs24","entryPoint":"ssrcuadernofp","source":{"storageSource":{"bucket":"gcf-v2-sources-215337606799-europe-west1","object":"ssrcuadernofp/function-source.zip","generation":"1782454266934733"}},"environmentVariables":{"GOOGLE_NODE_RUN_SCRIPTS":""},"dockerRepository":"projects/cuadernofp/locations/europe-west1/repositories/gcf-artifacts","sourceProvenance":{"resolvedStorageSource":{"bucket":"gcf-v2-sources-215337606799-europe-west1","object":"ssrcuadernofp/function-source.zip","generation":"1782452155275457"}},"dockerRegistry":"ARTIFACT_REGISTRY","serviceAccount":"projects/cuadernofp/serviceAccounts/215337606799-compute@developer.gserviceaccount.com","automaticUpdatePolicy":{}},"serviceConfig":{"service":"projects/cuadernofp/locations/europe-west1/services/ssrcuadernofp","timeoutSeconds":60,"environmentVariables":{"VERCEL_URL":"cuadernofp.web.app","__FIREBASE_FRAMEWORKS_ENTRY__":"next.js","FIREBASE_CONFIG":"{\"projectId\":\"cuadernofp\",\"storageBucket\":\"cuadernofp.firebasestorage.app\"}","GCLOUD_PROJECT":"cuadernofp","EVENTARC_CLOUD_EVENT_SOURCE":"projects/cuadernofp/locations/europe-west1/services/ssrcuadernofp","FUNCTION_TARGET":"ssrcuadernofp","LOG_EXECUTION_ID":"true"},"ingressSettings":"ALLOW_ALL","uri":"https://ssrcuadernofp-ksqnfs2byq-ew.a.run.app","serviceAccountEmail":"215337606799-compute@developer.gserviceaccount.com","availableMemory":"256Mi","allTrafficOnLatestRevision":true,"revision":"ssrcuadernofp-00153-quq","maxInstanceRequestConcurrency":80,"availableCpu":"1"},"state":"ACTIVE","labels":{"deployment-tool":"cloudfunctions","firebase-functions-codebase":"firebase-frameworks-cuadernofp","firebase-functions-hash":"b15459f8079b50e6c0b98a8c8d8a642e1c5e3349"},"environment":"GEN_2","url":"https://europe-west1-cuadernofp.cloudfunctions.net/ssrcuadernofp","satisfiesPzi":true},"stages":[{"name":"BUILD","message":"Build in progress","state":"IN_PROGRESS","resource":"projects/215337606799/locations/europe-west1/builds/58bf731c-622e-4a0c-a3e0-fc4ec59141bb","resourceUri":"https://console.cloud.google.com/cloud-build/builds;region=europe-west1/58bf731c-622e-4a0c-a3e0-fc4ec59141bb?project=215337606799"},{"name":"SERVICE","state":"NOT_STARTED"}],"operationType":"UPDATE_FUNCTION","buildName":"projects/215337606799/locations/europe-west1/builds/58bf731c-622e-4a0c-a3e0-fc4ec59141bb"},"done":false}
[debug] [2026-06-26T06:13:28.079Z] [update-firebase-frameworks-cuadernofp-europe-west1-ssrcuadernofp] Retrying task index 0
[debug] [2026-06-26T06:13:28.081Z] No OAuth tokens found
[debug] [2026-06-26T06:13:28.081Z] >>> [apiv2][query] GET https://cloudfunctions.googleapis.com/v2/projects/cuadernofp/locations/europe-west1/operations/operation-1782454265717-65521f95624b2-08e2b7e2-a6e49692 [none]
[debug] [2026-06-26T06:13:28.824Z] <<< [apiv2][status] GET https://cloudfunctions.googleapis.com/v2/projects/cuadernofp/locations/europe-west1/operations/operation-1782454265717-65521f95624b2-08e2b7e2-a6e49692 200
[debug] [2026-06-26T06:13:28.824Z] <<< [apiv2][body] GET https://cloudfunctions.googleapis.com/v2/projects/cuadernofp/locations/europe-west1/operations/operation-1782454265717-65521f95624b2-08e2b7e2-a6e49692 {"name":"projects/cuadernofp/locations/europe-west1/operations/operation-1782454265717-65521f95624b2-08e2b7e2-a6e49692","metadata":{"@type":"type.googleapis.com/google.cloud.functions.v2.OperationMetadata","createTime":"2026-06-26T06:11:06.992971693Z","target":"projects/cuadernofp/locations/europe-west1/functions/ssrcuadernofp","verb":"update","cancelRequested":false,"apiVersion":"v2","requestResource":{"@type":"type.googleapis.com/google.cloud.functions.v2.Function","name":"projects/cuadernofp/locations/europe-west1/functions/ssrcuadernofp","buildConfig":{"runtime":"nodejs24","entryPoint":"ssrcuadernofp","source":{"storageSource":{"bucket":"gcf-v2-sources-215337606799-europe-west1","object":"ssrcuadernofp/function-source.zip","generation":"1782454266934733"}},"environmentVariables":{"GOOGLE_NODE_RUN_SCRIPTS":""},"dockerRepository":"projects/cuadernofp/locations/europe-west1/repositories/gcf-artifacts","sourceProvenance":{"resolvedStorageSource":{"bucket":"gcf-v2-sources-215337606799-europe-west1","object":"ssrcuadernofp/function-source.zip","generation":"1782452155275457"}},"dockerRegistry":"ARTIFACT_REGISTRY","serviceAccount":"projects/cuadernofp/serviceAccounts/215337606799-compute@developer.gserviceaccount.com","automaticUpdatePolicy":{}},"serviceConfig":{"service":"projects/cuadernofp/locations/europe-west1/services/ssrcuadernofp","timeoutSeconds":60,"environmentVariables":{"VERCEL_URL":"cuadernofp.web.app","__FIREBASE_FRAMEWORKS_ENTRY__":"next.js","FIREBASE_CONFIG":"{\"projectId\":\"cuadernofp\",\"storageBucket\":\"cuadernofp.firebasestorage.app\"}","GCLOUD_PROJECT":"cuadernofp","EVENTARC_CLOUD_EVENT_SOURCE":"projects/cuadernofp/locations/europe-west1/services/ssrcuadernofp","FUNCTION_TARGET":"ssrcuadernofp","LOG_EXECUTION_ID":"true"},"ingressSettings":"ALLOW_ALL","uri":"https://ssrcuadernofp-ksqnfs2byq-ew.a.run.app","serviceAccountEmail":"215337606799-compute@developer.gserviceaccount.com","availableMemory":"256Mi","allTrafficOnLatestRevision":true,"revision":"ssrcuadernofp-00153-quq","maxInstanceRequestConcurrency":80,"availableCpu":"1"},"state":"ACTIVE","labels":{"deployment-tool":"cloudfunctions","firebase-functions-codebase":"firebase-frameworks-cuadernofp","firebase-functions-hash":"b15459f8079b50e6c0b98a8c8d8a642e1c5e3349"},"environment":"GEN_2","url":"https://europe-west1-cuadernofp.cloudfunctions.net/ssrcuadernofp","satisfiesPzi":true},"stages":[{"name":"BUILD","message":"Build in progress","state":"IN_PROGRESS","resource":"projects/215337606799/locations/europe-west1/builds/58bf731c-622e-4a0c-a3e0-fc4ec59141bb","resourceUri":"https://console.cloud.google.com/cloud-build/builds;region=europe-west1/58bf731c-622e-4a0c-a3e0-fc4ec59141bb?project=215337606799"},{"name":"SERVICE","state":"NOT_STARTED"}],"operationType":"UPDATE_FUNCTION","buildName":"projects/215337606799/locations/europe-west1/builds/58bf731c-622e-4a0c-a3e0-fc4ec59141bb"},"done":false}
[debug] [2026-06-26T06:13:38.835Z] [update-firebase-frameworks-cuadernofp-europe-west1-ssrcuadernofp] Retrying task index 0
[debug] [2026-06-26T06:13:38.836Z] No OAuth tokens found
[debug] [2026-06-26T06:13:38.836Z] >>> [apiv2][query] GET https://cloudfunctions.googleapis.com/v2/projects/cuadernofp/locations/europe-west1/operations/operation-1782454265717-65521f95624b2-08e2b7e2-a6e49692 [none]
[debug] [2026-06-26T06:13:39.165Z] <<< [apiv2][status] GET https://cloudfunctions.googleapis.com/v2/projects/cuadernofp/locations/europe-west1/operations/operation-1782454265717-65521f95624b2-08e2b7e2-a6e49692 200
[debug] [2026-06-26T06:13:39.165Z] <<< [apiv2][body] GET https://cloudfunctions.googleapis.com/v2/projects/cuadernofp/locations/europe-west1/operations/operation-1782454265717-65521f95624b2-08e2b7e2-a6e49692 {"name":"projects/cuadernofp/locations/europe-west1/operations/operation-1782454265717-65521f95624b2-08e2b7e2-a6e49692","metadata":{"@type":"type.googleapis.com/google.cloud.functions.v2.OperationMetadata","createTime":"2026-06-26T06:11:06.992971693Z","target":"projects/cuadernofp/locations/europe-west1/functions/ssrcuadernofp","verb":"update","cancelRequested":false,"apiVersion":"v2","requestResource":{"@type":"type.googleapis.com/google.cloud.functions.v2.Function","name":"projects/cuadernofp/locations/europe-west1/functions/ssrcuadernofp","buildConfig":{"runtime":"nodejs24","entryPoint":"ssrcuadernofp","source":{"storageSource":{"bucket":"gcf-v2-sources-215337606799-europe-west1","object":"ssrcuadernofp/function-source.zip","generation":"1782454266934733"}},"environmentVariables":{"GOOGLE_NODE_RUN_SCRIPTS":""},"dockerRepository":"projects/cuadernofp/locations/europe-west1/repositories/gcf-artifacts","sourceProvenance":{"resolvedStorageSource":{"bucket":"gcf-v2-sources-215337606799-europe-west1","object":"ssrcuadernofp/function-source.zip","generation":"1782452155275457"}},"dockerRegistry":"ARTIFACT_REGISTRY","serviceAccount":"projects/cuadernofp/serviceAccounts/215337606799-compute@developer.gserviceaccount.com","automaticUpdatePolicy":{}},"serviceConfig":{"service":"projects/cuadernofp/locations/europe-west1/services/ssrcuadernofp","timeoutSeconds":60,"environmentVariables":{"VERCEL_URL":"cuadernofp.web.app","__FIREBASE_FRAMEWORKS_ENTRY__":"next.js","FIREBASE_CONFIG":"{\"projectId\":\"cuadernofp\",\"storageBucket\":\"cuadernofp.firebasestorage.app\"}","GCLOUD_PROJECT":"cuadernofp","EVENTARC_CLOUD_EVENT_SOURCE":"projects/cuadernofp/locations/europe-west1/services/ssrcuadernofp","FUNCTION_TARGET":"ssrcuadernofp","LOG_EXECUTION_ID":"true"},"ingressSettings":"ALLOW_ALL","uri":"https://ssrcuadernofp-ksqnfs2byq-ew.a.run.app","serviceAccountEmail":"215337606799-compute@developer.gserviceaccount.com","availableMemory":"256Mi","allTrafficOnLatestRevision":true,"revision":"ssrcuadernofp-00153-quq","maxInstanceRequestConcurrency":80,"availableCpu":"1"},"state":"ACTIVE","labels":{"deployment-tool":"cloudfunctions","firebase-functions-codebase":"firebase-frameworks-cuadernofp","firebase-functions-hash":"b15459f8079b50e6c0b98a8c8d8a642e1c5e3349"},"environment":"GEN_2","url":"https://europe-west1-cuadernofp.cloudfunctions.net/ssrcuadernofp","satisfiesPzi":true},"stages":[{"name":"BUILD","message":"Build in progress","state":"IN_PROGRESS","resource":"projects/215337606799/locations/europe-west1/builds/58bf731c-622e-4a0c-a3e0-fc4ec59141bb","resourceUri":"https://console.cloud.google.com/cloud-build/builds;region=europe-west1/58bf731c-622e-4a0c-a3e0-fc4ec59141bb?project=215337606799"},{"name":"SERVICE","state":"NOT_STARTED"}],"operationType":"UPDATE_FUNCTION","buildName":"projects/215337606799/locations/europe-west1/builds/58bf731c-622e-4a0c-a3e0-fc4ec59141bb"},"done":false}
[debug] [2026-06-26T06:13:49.177Z] [update-firebase-frameworks-cuadernofp-europe-west1-ssrcuadernofp] Retrying task index 0
[debug] [2026-06-26T06:13:49.178Z] No OAuth tokens found
[debug] [2026-06-26T06:13:49.179Z] >>> [apiv2][query] GET https://cloudfunctions.googleapis.com/v2/projects/cuadernofp/locations/europe-west1/operations/operation-1782454265717-65521f95624b2-08e2b7e2-a6e49692 [none]
[debug] [2026-06-26T06:13:49.407Z] <<< [apiv2][status] GET https://cloudfunctions.googleapis.com/v2/projects/cuadernofp/locations/europe-west1/operations/operation-1782454265717-65521f95624b2-08e2b7e2-a6e49692 200
[debug] [2026-06-26T06:13:49.407Z] <<< [apiv2][body] GET https://cloudfunctions.googleapis.com/v2/projects/cuadernofp/locations/europe-west1/operations/operation-1782454265717-65521f95624b2-08e2b7e2-a6e49692 {"name":"projects/cuadernofp/locations/europe-west1/operations/operation-1782454265717-65521f95624b2-08e2b7e2-a6e49692","metadata":{"@type":"type.googleapis.com/google.cloud.functions.v2.OperationMetadata","createTime":"2026-06-26T06:11:06.992971693Z","target":"projects/cuadernofp/locations/europe-west1/functions/ssrcuadernofp","verb":"update","cancelRequested":false,"apiVersion":"v2","requestResource":{"@type":"type.googleapis.com/google.cloud.functions.v2.Function","name":"projects/cuadernofp/locations/europe-west1/functions/ssrcuadernofp","buildConfig":{"runtime":"nodejs24","entryPoint":"ssrcuadernofp","source":{"storageSource":{"bucket":"gcf-v2-sources-215337606799-europe-west1","object":"ssrcuadernofp/function-source.zip","generation":"1782454266934733"}},"environmentVariables":{"GOOGLE_NODE_RUN_SCRIPTS":""},"dockerRepository":"projects/cuadernofp/locations/europe-west1/repositories/gcf-artifacts","sourceProvenance":{"resolvedStorageSource":{"bucket":"gcf-v2-sources-215337606799-europe-west1","object":"ssrcuadernofp/function-source.zip","generation":"1782452155275457"}},"dockerRegistry":"ARTIFACT_REGISTRY","serviceAccount":"projects/cuadernofp/serviceAccounts/215337606799-compute@developer.gserviceaccount.com","automaticUpdatePolicy":{}},"serviceConfig":{"service":"projects/cuadernofp/locations/europe-west1/services/ssrcuadernofp","timeoutSeconds":60,"environmentVariables":{"VERCEL_URL":"cuadernofp.web.app","__FIREBASE_FRAMEWORKS_ENTRY__":"next.js","FIREBASE_CONFIG":"{\"projectId\":\"cuadernofp\",\"storageBucket\":\"cuadernofp.firebasestorage.app\"}","GCLOUD_PROJECT":"cuadernofp","EVENTARC_CLOUD_EVENT_SOURCE":"projects/cuadernofp/locations/europe-west1/services/ssrcuadernofp","FUNCTION_TARGET":"ssrcuadernofp","LOG_EXECUTION_ID":"true"},"ingressSettings":"ALLOW_ALL","uri":"https://ssrcuadernofp-ksqnfs2byq-ew.a.run.app","serviceAccountEmail":"215337606799-compute@developer.gserviceaccount.com","availableMemory":"256Mi","allTrafficOnLatestRevision":true,"revision":"ssrcuadernofp-00153-quq","maxInstanceRequestConcurrency":80,"availableCpu":"1"},"state":"ACTIVE","labels":{"deployment-tool":"cloudfunctions","firebase-functions-codebase":"firebase-frameworks-cuadernofp","firebase-functions-hash":"b15459f8079b50e6c0b98a8c8d8a642e1c5e3349"},"environment":"GEN_2","url":"https://europe-west1-cuadernofp.cloudfunctions.net/ssrcuadernofp","satisfiesPzi":true},"stages":[{"name":"BUILD","message":"Build in progress","state":"IN_PROGRESS","resource":"projects/215337606799/locations/europe-west1/builds/58bf731c-622e-4a0c-a3e0-fc4ec59141bb","resourceUri":"https://console.cloud.google.com/cloud-build/builds;region=europe-west1/58bf731c-622e-4a0c-a3e0-fc4ec59141bb?project=215337606799"},{"name":"SERVICE","state":"NOT_STARTED"}],"operationType":"UPDATE_FUNCTION","buildName":"projects/215337606799/locations/europe-west1/builds/58bf731c-622e-4a0c-a3e0-fc4ec59141bb"},"done":false}
[debug] [2026-06-26T06:13:59.411Z] [update-firebase-frameworks-cuadernofp-europe-west1-ssrcuadernofp] Retrying task index 0
[debug] [2026-06-26T06:13:59.412Z] No OAuth tokens found
[debug] [2026-06-26T06:13:59.412Z] >>> [apiv2][query] GET https://cloudfunctions.googleapis.com/v2/projects/cuadernofp/locations/europe-west1/operations/operation-1782454265717-65521f95624b2-08e2b7e2-a6e49692 [none]
[debug] [2026-06-26T06:13:59.530Z] <<< [apiv2][status] GET https://cloudfunctions.googleapis.com/v2/projects/cuadernofp/locations/europe-west1/operations/operation-1782454265717-65521f95624b2-08e2b7e2-a6e49692 200
[debug] [2026-06-26T06:13:59.530Z] <<< [apiv2][body] GET https://cloudfunctions.googleapis.com/v2/projects/cuadernofp/locations/europe-west1/operations/operation-1782454265717-65521f95624b2-08e2b7e2-a6e49692 {"name":"projects/cuadernofp/locations/europe-west1/operations/operation-1782454265717-65521f95624b2-08e2b7e2-a6e49692","metadata":{"@type":"type.googleapis.com/google.cloud.functions.v2.OperationMetadata","createTime":"2026-06-26T06:11:06.992971693Z","target":"projects/cuadernofp/locations/europe-west1/functions/ssrcuadernofp","verb":"update","cancelRequested":false,"apiVersion":"v2","requestResource":{"@type":"type.googleapis.com/google.cloud.functions.v2.Function","name":"projects/cuadernofp/locations/europe-west1/functions/ssrcuadernofp","buildConfig":{"runtime":"nodejs24","entryPoint":"ssrcuadernofp","source":{"storageSource":{"bucket":"gcf-v2-sources-215337606799-europe-west1","object":"ssrcuadernofp/function-source.zip","generation":"1782454266934733"}},"environmentVariables":{"GOOGLE_NODE_RUN_SCRIPTS":""},"dockerRepository":"projects/cuadernofp/locations/europe-west1/repositories/gcf-artifacts","sourceProvenance":{"resolvedStorageSource":{"bucket":"gcf-v2-sources-215337606799-europe-west1","object":"ssrcuadernofp/function-source.zip","generation":"1782452155275457"}},"dockerRegistry":"ARTIFACT_REGISTRY","serviceAccount":"projects/cuadernofp/serviceAccounts/215337606799-compute@developer.gserviceaccount.com","automaticUpdatePolicy":{}},"serviceConfig":{"service":"projects/cuadernofp/locations/europe-west1/services/ssrcuadernofp","timeoutSeconds":60,"environmentVariables":{"VERCEL_URL":"cuadernofp.web.app","__FIREBASE_FRAMEWORKS_ENTRY__":"next.js","FIREBASE_CONFIG":"{\"projectId\":\"cuadernofp\",\"storageBucket\":\"cuadernofp.firebasestorage.app\"}","GCLOUD_PROJECT":"cuadernofp","EVENTARC_CLOUD_EVENT_SOURCE":"projects/cuadernofp/locations/europe-west1/services/ssrcuadernofp","FUNCTION_TARGET":"ssrcuadernofp","LOG_EXECUTION_ID":"true"},"ingressSettings":"ALLOW_ALL","uri":"https://ssrcuadernofp-ksqnfs2byq-ew.a.run.app","serviceAccountEmail":"215337606799-compute@developer.gserviceaccount.com","availableMemory":"256Mi","allTrafficOnLatestRevision":true,"revision":"ssrcuadernofp-00153-quq","maxInstanceRequestConcurrency":80,"availableCpu":"1"},"state":"ACTIVE","labels":{"deployment-tool":"cloudfunctions","firebase-functions-codebase":"firebase-frameworks-cuadernofp","firebase-functions-hash":"b15459f8079b50e6c0b98a8c8d8a642e1c5e3349"},"environment":"GEN_2","url":"https://europe-west1-cuadernofp.cloudfunctions.net/ssrcuadernofp","satisfiesPzi":true},"stages":[{"name":"BUILD","message":"Build in progress","state":"IN_PROGRESS","resource":"projects/215337606799/locations/europe-west1/builds/58bf731c-622e-4a0c-a3e0-fc4ec59141bb","resourceUri":"https://console.cloud.google.com/cloud-build/builds;region=europe-west1/58bf731c-622e-4a0c-a3e0-fc4ec59141bb?project=215337606799"},{"name":"SERVICE","state":"NOT_STARTED"}],"operationType":"UPDATE_FUNCTION","buildName":"projects/215337606799/locations/europe-west1/builds/58bf731c-622e-4a0c-a3e0-fc4ec59141bb"},"done":false}
[debug] [2026-06-26T06:14:09.536Z] [update-firebase-frameworks-cuadernofp-europe-west1-ssrcuadernofp] Retrying task index 0
[debug] [2026-06-26T06:14:09.537Z] No OAuth tokens found
[debug] [2026-06-26T06:14:09.537Z] >>> [apiv2][query] GET https://cloudfunctions.googleapis.com/v2/projects/cuadernofp/locations/europe-west1/operations/operation-1782454265717-65521f95624b2-08e2b7e2-a6e49692 [none]
[debug] [2026-06-26T06:14:09.782Z] <<< [apiv2][status] GET https://cloudfunctions.googleapis.com/v2/projects/cuadernofp/locations/europe-west1/operations/operation-1782454265717-65521f95624b2-08e2b7e2-a6e49692 200
[debug] [2026-06-26T06:14:09.782Z] <<< [apiv2][body] GET https://cloudfunctions.googleapis.com/v2/projects/cuadernofp/locations/europe-west1/operations/operation-1782454265717-65521f95624b2-08e2b7e2-a6e49692 {"name":"projects/cuadernofp/locations/europe-west1/operations/operation-1782454265717-65521f95624b2-08e2b7e2-a6e49692","metadata":{"@type":"type.googleapis.com/google.cloud.functions.v2.OperationMetadata","createTime":"2026-06-26T06:11:06.992971693Z","target":"projects/cuadernofp/locations/europe-west1/functions/ssrcuadernofp","verb":"update","cancelRequested":false,"apiVersion":"v2","requestResource":{"@type":"type.googleapis.com/google.cloud.functions.v2.Function","name":"projects/cuadernofp/locations/europe-west1/functions/ssrcuadernofp","buildConfig":{"runtime":"nodejs24","entryPoint":"ssrcuadernofp","source":{"storageSource":{"bucket":"gcf-v2-sources-215337606799-europe-west1","object":"ssrcuadernofp/function-source.zip","generation":"1782454266934733"}},"environmentVariables":{"GOOGLE_NODE_RUN_SCRIPTS":""},"dockerRepository":"projects/cuadernofp/locations/europe-west1/repositories/gcf-artifacts","sourceProvenance":{"resolvedStorageSource":{"bucket":"gcf-v2-sources-215337606799-europe-west1","object":"ssrcuadernofp/function-source.zip","generation":"1782452155275457"}},"dockerRegistry":"ARTIFACT_REGISTRY","serviceAccount":"projects/cuadernofp/serviceAccounts/215337606799-compute@developer.gserviceaccount.com","automaticUpdatePolicy":{}},"serviceConfig":{"service":"projects/cuadernofp/locations/europe-west1/services/ssrcuadernofp","timeoutSeconds":60,"environmentVariables":{"VERCEL_URL":"cuadernofp.web.app","__FIREBASE_FRAMEWORKS_ENTRY__":"next.js","FIREBASE_CONFIG":"{\"projectId\":\"cuadernofp\",\"storageBucket\":\"cuadernofp.firebasestorage.app\"}","GCLOUD_PROJECT":"cuadernofp","EVENTARC_CLOUD_EVENT_SOURCE":"projects/cuadernofp/locations/europe-west1/services/ssrcuadernofp","FUNCTION_TARGET":"ssrcuadernofp","LOG_EXECUTION_ID":"true"},"ingressSettings":"ALLOW_ALL","uri":"https://ssrcuadernofp-ksqnfs2byq-ew.a.run.app","serviceAccountEmail":"215337606799-compute@developer.gserviceaccount.com","availableMemory":"256Mi","allTrafficOnLatestRevision":true,"revision":"ssrcuadernofp-00153-quq","maxInstanceRequestConcurrency":80,"availableCpu":"1"},"state":"ACTIVE","labels":{"deployment-tool":"cloudfunctions","firebase-functions-codebase":"firebase-frameworks-cuadernofp","firebase-functions-hash":"b15459f8079b50e6c0b98a8c8d8a642e1c5e3349"},"environment":"GEN_2","url":"https://europe-west1-cuadernofp.cloudfunctions.net/ssrcuadernofp","satisfiesPzi":true},"stages":[{"name":"BUILD","message":"Build in progress","state":"IN_PROGRESS","resource":"projects/215337606799/locations/europe-west1/builds/58bf731c-622e-4a0c-a3e0-fc4ec59141bb","resourceUri":"https://console.cloud.google.com/cloud-build/builds;region=europe-west1/58bf731c-622e-4a0c-a3e0-fc4ec59141bb?project=215337606799"},{"name":"SERVICE","state":"NOT_STARTED"}],"operationType":"UPDATE_FUNCTION","buildName":"projects/215337606799/locations/europe-west1/builds/58bf731c-622e-4a0c-a3e0-fc4ec59141bb"},"done":false}
[debug] [2026-06-26T06:14:19.788Z] [update-firebase-frameworks-cuadernofp-europe-west1-ssrcuadernofp] Retrying task index 0
[debug] [2026-06-26T06:14:19.790Z] No OAuth tokens found
[debug] [2026-06-26T06:14:19.790Z] >>> [apiv2][query] GET https://cloudfunctions.googleapis.com/v2/projects/cuadernofp/locations/europe-west1/operations/operation-1782454265717-65521f95624b2-08e2b7e2-a6e49692 [none]
[debug] [2026-06-26T06:14:20.614Z] <<< [apiv2][status] GET https://cloudfunctions.googleapis.com/v2/projects/cuadernofp/locations/europe-west1/operations/operation-1782454265717-65521f95624b2-08e2b7e2-a6e49692 200
[debug] [2026-06-26T06:14:20.614Z] <<< [apiv2][body] GET https://cloudfunctions.googleapis.com/v2/projects/cuadernofp/locations/europe-west1/operations/operation-1782454265717-65521f95624b2-08e2b7e2-a6e49692 {"name":"projects/cuadernofp/locations/europe-west1/operations/operation-1782454265717-65521f95624b2-08e2b7e2-a6e49692","metadata":{"@type":"type.googleapis.com/google.cloud.functions.v2.OperationMetadata","createTime":"2026-06-26T06:11:06.992971693Z","target":"projects/cuadernofp/locations/europe-west1/functions/ssrcuadernofp","verb":"update","cancelRequested":false,"apiVersion":"v2","requestResource":{"@type":"type.googleapis.com/google.cloud.functions.v2.Function","name":"projects/cuadernofp/locations/europe-west1/functions/ssrcuadernofp","buildConfig":{"runtime":"nodejs24","entryPoint":"ssrcuadernofp","source":{"storageSource":{"bucket":"gcf-v2-sources-215337606799-europe-west1","object":"ssrcuadernofp/function-source.zip","generation":"1782454266934733"}},"environmentVariables":{"GOOGLE_NODE_RUN_SCRIPTS":""},"dockerRepository":"projects/cuadernofp/locations/europe-west1/repositories/gcf-artifacts","sourceProvenance":{"resolvedStorageSource":{"bucket":"gcf-v2-sources-215337606799-europe-west1","object":"ssrcuadernofp/function-source.zip","generation":"1782452155275457"}},"dockerRegistry":"ARTIFACT_REGISTRY","serviceAccount":"projects/cuadernofp/serviceAccounts/215337606799-compute@developer.gserviceaccount.com","automaticUpdatePolicy":{}},"serviceConfig":{"service":"projects/cuadernofp/locations/europe-west1/services/ssrcuadernofp","timeoutSeconds":60,"environmentVariables":{"VERCEL_URL":"cuadernofp.web.app","__FIREBASE_FRAMEWORKS_ENTRY__":"next.js","FIREBASE_CONFIG":"{\"projectId\":\"cuadernofp\",\"storageBucket\":\"cuadernofp.firebasestorage.app\"}","GCLOUD_PROJECT":"cuadernofp","EVENTARC_CLOUD_EVENT_SOURCE":"projects/cuadernofp/locations/europe-west1/services/ssrcuadernofp","FUNCTION_TARGET":"ssrcuadernofp","LOG_EXECUTION_ID":"true"},"ingressSettings":"ALLOW_ALL","uri":"https://ssrcuadernofp-ksqnfs2byq-ew.a.run.app","serviceAccountEmail":"215337606799-compute@developer.gserviceaccount.com","availableMemory":"256Mi","allTrafficOnLatestRevision":true,"revision":"ssrcuadernofp-00153-quq","maxInstanceRequestConcurrency":80,"availableCpu":"1"},"state":"ACTIVE","labels":{"deployment-tool":"cloudfunctions","firebase-functions-codebase":"firebase-frameworks-cuadernofp","firebase-functions-hash":"b15459f8079b50e6c0b98a8c8d8a642e1c5e3349"},"environment":"GEN_2","url":"https://europe-west1-cuadernofp.cloudfunctions.net/ssrcuadernofp","satisfiesPzi":true},"stages":[{"name":"BUILD","message":"Build in progress","state":"IN_PROGRESS","resource":"projects/215337606799/locations/europe-west1/builds/58bf731c-622e-4a0c-a3e0-fc4ec59141bb","resourceUri":"https://console.cloud.google.com/cloud-build/builds;region=europe-west1/58bf731c-622e-4a0c-a3e0-fc4ec59141bb?project=215337606799"},{"name":"SERVICE","state":"NOT_STARTED"}],"operationType":"UPDATE_FUNCTION","buildName":"projects/215337606799/locations/europe-west1/builds/58bf731c-622e-4a0c-a3e0-fc4ec59141bb"},"done":false}
[debug] [2026-06-26T06:15:35.312Z] [update-firebase-frameworks-cuadernofp-europe-west1-ssrcuadernofp] Retrying task index 0
[debug] [2026-06-26T06:15:35.435Z] No OAuth tokens found
[debug] [2026-06-26T06:15:35.435Z] >>> [apiv2][query] GET https://cloudfunctions.googleapis.com/v2/projects/cuadernofp/locations/europe-west1/operations/operation-1782454265717-65521f95624b2-08e2b7e2-a6e49692 [none]
[debug] [2026-06-26T06:15:35.813Z] <<< [apiv2][status] GET https://cloudfunctions.googleapis.com/v2/projects/cuadernofp/locations/europe-west1/operations/operation-1782454265717-65521f95624b2-08e2b7e2-a6e49692 200
[debug] [2026-06-26T06:15:35.813Z] <<< [apiv2][body] GET https://cloudfunctions.googleapis.com/v2/projects/cuadernofp/locations/europe-west1/operations/operation-1782454265717-65521f95624b2-08e2b7e2-a6e49692 {"name":"projects/cuadernofp/locations/europe-west1/operations/operation-1782454265717-65521f95624b2-08e2b7e2-a6e49692","metadata":{"@type":"type.googleapis.com/google.cloud.functions.v2.OperationMetadata","createTime":"2026-06-26T06:11:06.992971693Z","target":"projects/cuadernofp/locations/europe-west1/functions/ssrcuadernofp","verb":"update","cancelRequested":false,"apiVersion":"v2","requestResource":{"@type":"type.googleapis.com/google.cloud.functions.v2.Function","name":"projects/cuadernofp/locations/europe-west1/functions/ssrcuadernofp","buildConfig":{"runtime":"nodejs24","entryPoint":"ssrcuadernofp","source":{"storageSource":{"bucket":"gcf-v2-sources-215337606799-europe-west1","object":"ssrcuadernofp/function-source.zip","generation":"1782454266934733"}},"environmentVariables":{"GOOGLE_NODE_RUN_SCRIPTS":""},"dockerRepository":"projects/cuadernofp/locations/europe-west1/repositories/gcf-artifacts","sourceProvenance":{"resolvedStorageSource":{"bucket":"gcf-v2-sources-215337606799-europe-west1","object":"ssrcuadernofp/function-source.zip","generation":"1782452155275457"}},"dockerRegistry":"ARTIFACT_REGISTRY","serviceAccount":"projects/cuadernofp/serviceAccounts/215337606799-compute@developer.gserviceaccount.com","automaticUpdatePolicy":{}},"serviceConfig":{"service":"projects/cuadernofp/locations/europe-west1/services/ssrcuadernofp","timeoutSeconds":60,"environmentVariables":{"VERCEL_URL":"cuadernofp.web.app","__FIREBASE_FRAMEWORKS_ENTRY__":"next.js","FIREBASE_CONFIG":"{\"projectId\":\"cuadernofp\",\"storageBucket\":\"cuadernofp.firebasestorage.app\"}","GCLOUD_PROJECT":"cuadernofp","EVENTARC_CLOUD_EVENT_SOURCE":"projects/cuadernofp/locations/europe-west1/services/ssrcuadernofp","FUNCTION_TARGET":"ssrcuadernofp","LOG_EXECUTION_ID":"true"},"ingressSettings":"ALLOW_ALL","uri":"https://ssrcuadernofp-ksqnfs2byq-ew.a.run.app","serviceAccountEmail":"215337606799-compute@developer.gserviceaccount.com","availableMemory":"256Mi","allTrafficOnLatestRevision":true,"revision":"ssrcuadernofp-00153-quq","maxInstanceRequestConcurrency":80,"availableCpu":"1"},"state":"ACTIVE","labels":{"deployment-tool":"cloudfunctions","firebase-functions-codebase":"firebase-frameworks-cuadernofp","firebase-functions-hash":"b15459f8079b50e6c0b98a8c8d8a642e1c5e3349"},"environment":"GEN_2","url":"https://europe-west1-cuadernofp.cloudfunctions.net/ssrcuadernofp","satisfiesPzi":true},"stages":[{"name":"BUILD","message":"Build in progress","state":"IN_PROGRESS","resource":"projects/215337606799/locations/europe-west1/builds/58bf731c-622e-4a0c-a3e0-fc4ec59141bb","resourceUri":"https://console.cloud.google.com/cloud-build/builds;region=europe-west1/58bf731c-622e-4a0c-a3e0-fc4ec59141bb?project=215337606799"},{"name":"SERVICE","state":"NOT_STARTED"}],"operationType":"UPDATE_FUNCTION","buildName":"projects/215337606799/locations/europe-west1/builds/58bf731c-622e-4a0c-a3e0-fc4ec59141bb"},"done":false}
[debug] [2026-06-26T06:15:45.820Z] [update-firebase-frameworks-cuadernofp-europe-west1-ssrcuadernofp] Retrying task index 0
[debug] [2026-06-26T06:15:45.821Z] No OAuth tokens found
[debug] [2026-06-26T06:15:45.822Z] >>> [apiv2][query] GET https://cloudfunctions.googleapis.com/v2/projects/cuadernofp/locations/europe-west1/operations/operation-1782454265717-65521f95624b2-08e2b7e2-a6e49692 [none]
[debug] [2026-06-26T06:15:46.397Z] <<< [apiv2][status] GET https://cloudfunctions.googleapis.com/v2/projects/cuadernofp/locations/europe-west1/operations/operation-1782454265717-65521f95624b2-08e2b7e2-a6e49692 200
[debug] [2026-06-26T06:15:46.397Z] <<< [apiv2][body] GET https://cloudfunctions.googleapis.com/v2/projects/cuadernofp/locations/europe-west1/operations/operation-1782454265717-65521f95624b2-08e2b7e2-a6e49692 {"name":"projects/cuadernofp/locations/europe-west1/operations/operation-1782454265717-65521f95624b2-08e2b7e2-a6e49692","metadata":{"@type":"type.googleapis.com/google.cloud.functions.v2.OperationMetadata","createTime":"2026-06-26T06:11:06.992971693Z","target":"projects/cuadernofp/locations/europe-west1/functions/ssrcuadernofp","verb":"update","cancelRequested":false,"apiVersion":"v2","requestResource":{"@type":"type.googleapis.com/google.cloud.functions.v2.Function","name":"projects/cuadernofp/locations/europe-west1/functions/ssrcuadernofp","buildConfig":{"runtime":"nodejs24","entryPoint":"ssrcuadernofp","source":{"storageSource":{"bucket":"gcf-v2-sources-215337606799-europe-west1","object":"ssrcuadernofp/function-source.zip","generation":"1782454266934733"}},"environmentVariables":{"GOOGLE_NODE_RUN_SCRIPTS":""},"dockerRepository":"projects/cuadernofp/locations/europe-west1/repositories/gcf-artifacts","sourceProvenance":{"resolvedStorageSource":{"bucket":"gcf-v2-sources-215337606799-europe-west1","object":"ssrcuadernofp/function-source.zip","generation":"1782452155275457"}},"dockerRegistry":"ARTIFACT_REGISTRY","serviceAccount":"projects/cuadernofp/serviceAccounts/215337606799-compute@developer.gserviceaccount.com","automaticUpdatePolicy":{}},"serviceConfig":{"service":"projects/cuadernofp/locations/europe-west1/services/ssrcuadernofp","timeoutSeconds":60,"environmentVariables":{"VERCEL_URL":"cuadernofp.web.app","__FIREBASE_FRAMEWORKS_ENTRY__":"next.js","FIREBASE_CONFIG":"{\"projectId\":\"cuadernofp\",\"storageBucket\":\"cuadernofp.firebasestorage.app\"}","GCLOUD_PROJECT":"cuadernofp","EVENTARC_CLOUD_EVENT_SOURCE":"projects/cuadernofp/locations/europe-west1/services/ssrcuadernofp","FUNCTION_TARGET":"ssrcuadernofp","LOG_EXECUTION_ID":"true"},"ingressSettings":"ALLOW_ALL","uri":"https://ssrcuadernofp-ksqnfs2byq-ew.a.run.app","serviceAccountEmail":"215337606799-compute@developer.gserviceaccount.com","availableMemory":"256Mi","allTrafficOnLatestRevision":true,"revision":"ssrcuadernofp-00153-quq","maxInstanceRequestConcurrency":80,"availableCpu":"1"},"state":"ACTIVE","labels":{"deployment-tool":"cloudfunctions","firebase-functions-codebase":"firebase-frameworks-cuadernofp","firebase-functions-hash":"b15459f8079b50e6c0b98a8c8d8a642e1c5e3349"},"environment":"GEN_2","url":"https://europe-west1-cuadernofp.cloudfunctions.net/ssrcuadernofp","satisfiesPzi":true},"stages":[{"name":"BUILD","message":"Build in progress","state":"IN_PROGRESS","resource":"projects/215337606799/locations/europe-west1/builds/58bf731c-622e-4a0c-a3e0-fc4ec59141bb","resourceUri":"https://console.cloud.google.com/cloud-build/builds;region=europe-west1/58bf731c-622e-4a0c-a3e0-fc4ec59141bb?project=215337606799"},{"name":"SERVICE","state":"NOT_STARTED"}],"operationType":"UPDATE_FUNCTION","buildName":"projects/215337606799/locations/europe-west1/builds/58bf731c-622e-4a0c-a3e0-fc4ec59141bb"},"done":false}
[debug] [2026-06-26T06:15:56.408Z] [update-firebase-frameworks-cuadernofp-europe-west1-ssrcuadernofp] Retrying task index 0
[debug] [2026-06-26T06:15:56.409Z] No OAuth tokens found
[debug] [2026-06-26T06:15:56.410Z] >>> [apiv2][query] GET https://cloudfunctions.googleapis.com/v2/projects/cuadernofp/locations/europe-west1/operations/operation-1782454265717-65521f95624b2-08e2b7e2-a6e49692 [none]
[debug] [2026-06-26T06:15:56.616Z] <<< [apiv2][status] GET https://cloudfunctions.googleapis.com/v2/projects/cuadernofp/locations/europe-west1/operations/operation-1782454265717-65521f95624b2-08e2b7e2-a6e49692 200
[debug] [2026-06-26T06:15:56.616Z] <<< [apiv2][body] GET https://cloudfunctions.googleapis.com/v2/projects/cuadernofp/locations/europe-west1/operations/operation-1782454265717-65521f95624b2-08e2b7e2-a6e49692 {"name":"projects/cuadernofp/locations/europe-west1/operations/operation-1782454265717-65521f95624b2-08e2b7e2-a6e49692","metadata":{"@type":"type.googleapis.com/google.cloud.functions.v2.OperationMetadata","createTime":"2026-06-26T06:11:06.992971693Z","target":"projects/cuadernofp/locations/europe-west1/functions/ssrcuadernofp","verb":"update","cancelRequested":false,"apiVersion":"v2","requestResource":{"@type":"type.googleapis.com/google.cloud.functions.v2.Function","name":"projects/cuadernofp/locations/europe-west1/functions/ssrcuadernofp","buildConfig":{"runtime":"nodejs24","entryPoint":"ssrcuadernofp","source":{"storageSource":{"bucket":"gcf-v2-sources-215337606799-europe-west1","object":"ssrcuadernofp/function-source.zip","generation":"1782454266934733"}},"environmentVariables":{"GOOGLE_NODE_RUN_SCRIPTS":""},"dockerRepository":"projects/cuadernofp/locations/europe-west1/repositories/gcf-artifacts","sourceProvenance":{"resolvedStorageSource":{"bucket":"gcf-v2-sources-215337606799-europe-west1","object":"ssrcuadernofp/function-source.zip","generation":"1782452155275457"}},"dockerRegistry":"ARTIFACT_REGISTRY","serviceAccount":"projects/cuadernofp/serviceAccounts/215337606799-compute@developer.gserviceaccount.com","automaticUpdatePolicy":{}},"serviceConfig":{"service":"projects/cuadernofp/locations/europe-west1/services/ssrcuadernofp","timeoutSeconds":60,"environmentVariables":{"VERCEL_URL":"cuadernofp.web.app","__FIREBASE_FRAMEWORKS_ENTRY__":"next.js","FIREBASE_CONFIG":"{\"projectId\":\"cuadernofp\",\"storageBucket\":\"cuadernofp.firebasestorage.app\"}","GCLOUD_PROJECT":"cuadernofp","EVENTARC_CLOUD_EVENT_SOURCE":"projects/cuadernofp/locations/europe-west1/services/ssrcuadernofp","FUNCTION_TARGET":"ssrcuadernofp","LOG_EXECUTION_ID":"true"},"ingressSettings":"ALLOW_ALL","uri":"https://ssrcuadernofp-ksqnfs2byq-ew.a.run.app","serviceAccountEmail":"215337606799-compute@developer.gserviceaccount.com","availableMemory":"256Mi","allTrafficOnLatestRevision":true,"revision":"ssrcuadernofp-00153-quq","maxInstanceRequestConcurrency":80,"availableCpu":"1"},"state":"ACTIVE","labels":{"deployment-tool":"cloudfunctions","firebase-functions-codebase":"firebase-frameworks-cuadernofp","firebase-functions-hash":"b15459f8079b50e6c0b98a8c8d8a642e1c5e3349"},"environment":"GEN_2","url":"https://europe-west1-cuadernofp.cloudfunctions.net/ssrcuadernofp","satisfiesPzi":true},"stages":[{"name":"BUILD","message":"Build in progress","state":"IN_PROGRESS","resource":"projects/215337606799/locations/europe-west1/builds/58bf731c-622e-4a0c-a3e0-fc4ec59141bb","resourceUri":"https://console.cloud.google.com/cloud-build/builds;region=europe-west1/58bf731c-622e-4a0c-a3e0-fc4ec59141bb?project=215337606799"},{"name":"SERVICE","state":"NOT_STARTED"}],"operationType":"UPDATE_FUNCTION","buildName":"projects/215337606799/locations/europe-west1/builds/58bf731c-622e-4a0c-a3e0-fc4ec59141bb"},"done":false}
[debug] [2026-06-26T06:16:06.629Z] [update-firebase-frameworks-cuadernofp-europe-west1-ssrcuadernofp] Retrying task index 0
[debug] [2026-06-26T06:16:06.631Z] No OAuth tokens found
[debug] [2026-06-26T06:16:06.631Z] >>> [apiv2][query] GET https://cloudfunctions.googleapis.com/v2/projects/cuadernofp/locations/europe-west1/operations/operation-1782454265717-65521f95624b2-08e2b7e2-a6e49692 [none]
[debug] [2026-06-26T06:16:07.041Z] <<< [apiv2][status] GET https://cloudfunctions.googleapis.com/v2/projects/cuadernofp/locations/europe-west1/operations/operation-1782454265717-65521f95624b2-08e2b7e2-a6e49692 200
[debug] [2026-06-26T06:16:07.041Z] <<< [apiv2][body] GET https://cloudfunctions.googleapis.com/v2/projects/cuadernofp/locations/europe-west1/operations/operation-1782454265717-65521f95624b2-08e2b7e2-a6e49692 {"name":"projects/cuadernofp/locations/europe-west1/operations/operation-1782454265717-65521f95624b2-08e2b7e2-a6e49692","metadata":{"@type":"type.googleapis.com/google.cloud.functions.v2.OperationMetadata","createTime":"2026-06-26T06:11:06.992971693Z","target":"projects/cuadernofp/locations/europe-west1/functions/ssrcuadernofp","verb":"update","cancelRequested":false,"apiVersion":"v2","requestResource":{"@type":"type.googleapis.com/google.cloud.functions.v2.Function","name":"projects/cuadernofp/locations/europe-west1/functions/ssrcuadernofp","buildConfig":{"runtime":"nodejs24","entryPoint":"ssrcuadernofp","source":{"storageSource":{"bucket":"gcf-v2-sources-215337606799-europe-west1","object":"ssrcuadernofp/function-source.zip","generation":"1782454266934733"}},"environmentVariables":{"GOOGLE_NODE_RUN_SCRIPTS":""},"dockerRepository":"projects/cuadernofp/locations/europe-west1/repositories/gcf-artifacts","sourceProvenance":{"resolvedStorageSource":{"bucket":"gcf-v2-sources-215337606799-europe-west1","object":"ssrcuadernofp/function-source.zip","generation":"1782452155275457"}},"dockerRegistry":"ARTIFACT_REGISTRY","serviceAccount":"projects/cuadernofp/serviceAccounts/215337606799-compute@developer.gserviceaccount.com","automaticUpdatePolicy":{}},"serviceConfig":{"service":"projects/cuadernofp/locations/europe-west1/services/ssrcuadernofp","timeoutSeconds":60,"environmentVariables":{"VERCEL_URL":"cuadernofp.web.app","__FIREBASE_FRAMEWORKS_ENTRY__":"next.js","FIREBASE_CONFIG":"{\"projectId\":\"cuadernofp\",\"storageBucket\":\"cuadernofp.firebasestorage.app\"}","GCLOUD_PROJECT":"cuadernofp","EVENTARC_CLOUD_EVENT_SOURCE":"projects/cuadernofp/locations/europe-west1/services/ssrcuadernofp","FUNCTION_TARGET":"ssrcuadernofp","LOG_EXECUTION_ID":"true"},"ingressSettings":"ALLOW_ALL","uri":"https://ssrcuadernofp-ksqnfs2byq-ew.a.run.app","serviceAccountEmail":"215337606799-compute@developer.gserviceaccount.com","availableMemory":"256Mi","allTrafficOnLatestRevision":true,"revision":"ssrcuadernofp-00153-quq","maxInstanceRequestConcurrency":80,"availableCpu":"1"},"state":"ACTIVE","labels":{"deployment-tool":"cloudfunctions","firebase-functions-codebase":"firebase-frameworks-cuadernofp","firebase-functions-hash":"b15459f8079b50e6c0b98a8c8d8a642e1c5e3349"},"environment":"GEN_2","url":"https://europe-west1-cuadernofp.cloudfunctions.net/ssrcuadernofp","satisfiesPzi":true},"stages":[{"name":"BUILD","message":"Build in progress","state":"IN_PROGRESS","resource":"projects/215337606799/locations/europe-west1/builds/58bf731c-622e-4a0c-a3e0-fc4ec59141bb","resourceUri":"https://console.cloud.google.com/cloud-build/builds;region=europe-west1/58bf731c-622e-4a0c-a3e0-fc4ec59141bb?project=215337606799"},{"name":"SERVICE","state":"NOT_STARTED"}],"operationType":"UPDATE_FUNCTION","buildName":"projects/215337606799/locations/europe-west1/builds/58bf731c-622e-4a0c-a3e0-fc4ec59141bb"},"done":false}
[debug] [2026-06-26T06:16:17.043Z] [update-firebase-frameworks-cuadernofp-europe-west1-ssrcuadernofp] Retrying task index 0
[debug] [2026-06-26T06:16:17.045Z] No OAuth tokens found
[debug] [2026-06-26T06:16:17.045Z] >>> [apiv2][query] GET https://cloudfunctions.googleapis.com/v2/projects/cuadernofp/locations/europe-west1/operations/operation-1782454265717-65521f95624b2-08e2b7e2-a6e49692 [none]
[debug] [2026-06-26T06:16:17.455Z] <<< [apiv2][status] GET https://cloudfunctions.googleapis.com/v2/projects/cuadernofp/locations/europe-west1/operations/operation-1782454265717-65521f95624b2-08e2b7e2-a6e49692 200
[debug] [2026-06-26T06:16:17.455Z] <<< [apiv2][body] GET https://cloudfunctions.googleapis.com/v2/projects/cuadernofp/locations/europe-west1/operations/operation-1782454265717-65521f95624b2-08e2b7e2-a6e49692 {"name":"projects/cuadernofp/locations/europe-west1/operations/operation-1782454265717-65521f95624b2-08e2b7e2-a6e49692","metadata":{"@type":"type.googleapis.com/google.cloud.functions.v2.OperationMetadata","createTime":"2026-06-26T06:11:06.992971693Z","target":"projects/cuadernofp/locations/europe-west1/functions/ssrcuadernofp","verb":"update","cancelRequested":false,"apiVersion":"v2","requestResource":{"@type":"type.googleapis.com/google.cloud.functions.v2.Function","name":"projects/cuadernofp/locations/europe-west1/functions/ssrcuadernofp","buildConfig":{"runtime":"nodejs24","entryPoint":"ssrcuadernofp","source":{"storageSource":{"bucket":"gcf-v2-sources-215337606799-europe-west1","object":"ssrcuadernofp/function-source.zip","generation":"1782454266934733"}},"environmentVariables":{"GOOGLE_NODE_RUN_SCRIPTS":""},"dockerRepository":"projects/cuadernofp/locations/europe-west1/repositories/gcf-artifacts","sourceProvenance":{"resolvedStorageSource":{"bucket":"gcf-v2-sources-215337606799-europe-west1","object":"ssrcuadernofp/function-source.zip","generation":"1782452155275457"}},"dockerRegistry":"ARTIFACT_REGISTRY","serviceAccount":"projects/cuadernofp/serviceAccounts/215337606799-compute@developer.gserviceaccount.com","automaticUpdatePolicy":{}},"serviceConfig":{"service":"projects/cuadernofp/locations/europe-west1/services/ssrcuadernofp","timeoutSeconds":60,"environmentVariables":{"VERCEL_URL":"cuadernofp.web.app","__FIREBASE_FRAMEWORKS_ENTRY__":"next.js","FIREBASE_CONFIG":"{\"projectId\":\"cuadernofp\",\"storageBucket\":\"cuadernofp.firebasestorage.app\"}","GCLOUD_PROJECT":"cuadernofp","EVENTARC_CLOUD_EVENT_SOURCE":"projects/cuadernofp/locations/europe-west1/services/ssrcuadernofp","FUNCTION_TARGET":"ssrcuadernofp","LOG_EXECUTION_ID":"true"},"ingressSettings":"ALLOW_ALL","uri":"https://ssrcuadernofp-ksqnfs2byq-ew.a.run.app","serviceAccountEmail":"215337606799-compute@developer.gserviceaccount.com","availableMemory":"256Mi","allTrafficOnLatestRevision":true,"revision":"ssrcuadernofp-00153-quq","maxInstanceRequestConcurrency":80,"availableCpu":"1"},"state":"ACTIVE","labels":{"deployment-tool":"cloudfunctions","firebase-functions-codebase":"firebase-frameworks-cuadernofp","firebase-functions-hash":"b15459f8079b50e6c0b98a8c8d8a642e1c5e3349"},"environment":"GEN_2","url":"https://europe-west1-cuadernofp.cloudfunctions.net/ssrcuadernofp","satisfiesPzi":true},"stages":[{"name":"BUILD","message":"Build in progress","state":"IN_PROGRESS","resource":"projects/215337606799/locations/europe-west1/builds/58bf731c-622e-4a0c-a3e0-fc4ec59141bb","resourceUri":"https://console.cloud.google.com/cloud-build/builds;region=europe-west1/58bf731c-622e-4a0c-a3e0-fc4ec59141bb?project=215337606799"},{"name":"SERVICE","state":"NOT_STARTED"}],"operationType":"UPDATE_FUNCTION","buildName":"projects/215337606799/locations/europe-west1/builds/58bf731c-622e-4a0c-a3e0-fc4ec59141bb"},"done":false}
[debug] [2026-06-26T06:16:27.463Z] [update-firebase-frameworks-cuadernofp-europe-west1-ssrcuadernofp] Retrying task index 0
[debug] [2026-06-26T06:16:27.464Z] No OAuth tokens found
[debug] [2026-06-26T06:16:27.465Z] >>> [apiv2][query] GET https://cloudfunctions.googleapis.com/v2/projects/cuadernofp/locations/europe-west1/operations/operation-1782454265717-65521f95624b2-08e2b7e2-a6e49692 [none]
[debug] [2026-06-26T06:16:28.116Z] <<< [apiv2][status] GET https://cloudfunctions.googleapis.com/v2/projects/cuadernofp/locations/europe-west1/operations/operation-1782454265717-65521f95624b2-08e2b7e2-a6e49692 200
[debug] [2026-06-26T06:16:28.117Z] <<< [apiv2][body] GET https://cloudfunctions.googleapis.com/v2/projects/cuadernofp/locations/europe-west1/operations/operation-1782454265717-65521f95624b2-08e2b7e2-a6e49692 {"name":"projects/cuadernofp/locations/europe-west1/operations/operation-1782454265717-65521f95624b2-08e2b7e2-a6e49692","metadata":{"@type":"type.googleapis.com/google.cloud.functions.v2.OperationMetadata","createTime":"2026-06-26T06:11:06.992971693Z","target":"projects/cuadernofp/locations/europe-west1/functions/ssrcuadernofp","verb":"update","cancelRequested":false,"apiVersion":"v2","requestResource":{"@type":"type.googleapis.com/google.cloud.functions.v2.Function","name":"projects/cuadernofp/locations/europe-west1/functions/ssrcuadernofp","buildConfig":{"runtime":"nodejs24","entryPoint":"ssrcuadernofp","source":{"storageSource":{"bucket":"gcf-v2-sources-215337606799-europe-west1","object":"ssrcuadernofp/function-source.zip","generation":"1782454266934733"}},"environmentVariables":{"GOOGLE_NODE_RUN_SCRIPTS":""},"dockerRepository":"projects/cuadernofp/locations/europe-west1/repositories/gcf-artifacts","sourceProvenance":{"resolvedStorageSource":{"bucket":"gcf-v2-sources-215337606799-europe-west1","object":"ssrcuadernofp/function-source.zip","generation":"1782452155275457"}},"dockerRegistry":"ARTIFACT_REGISTRY","serviceAccount":"projects/cuadernofp/serviceAccounts/215337606799-compute@developer.gserviceaccount.com","automaticUpdatePolicy":{}},"serviceConfig":{"service":"projects/cuadernofp/locations/europe-west1/services/ssrcuadernofp","timeoutSeconds":60,"environmentVariables":{"VERCEL_URL":"cuadernofp.web.app","__FIREBASE_FRAMEWORKS_ENTRY__":"next.js","FIREBASE_CONFIG":"{\"projectId\":\"cuadernofp\",\"storageBucket\":\"cuadernofp.firebasestorage.app\"}","GCLOUD_PROJECT":"cuadernofp","EVENTARC_CLOUD_EVENT_SOURCE":"projects/cuadernofp/locations/europe-west1/services/ssrcuadernofp","FUNCTION_TARGET":"ssrcuadernofp","LOG_EXECUTION_ID":"true"},"ingressSettings":"ALLOW_ALL","uri":"https://ssrcuadernofp-ksqnfs2byq-ew.a.run.app","serviceAccountEmail":"215337606799-compute@developer.gserviceaccount.com","availableMemory":"256Mi","allTrafficOnLatestRevision":true,"revision":"ssrcuadernofp-00153-quq","maxInstanceRequestConcurrency":80,"availableCpu":"1"},"state":"ACTIVE","labels":{"deployment-tool":"cloudfunctions","firebase-functions-codebase":"firebase-frameworks-cuadernofp","firebase-functions-hash":"b15459f8079b50e6c0b98a8c8d8a642e1c5e3349"},"environment":"GEN_2","url":"https://europe-west1-cuadernofp.cloudfunctions.net/ssrcuadernofp","satisfiesPzi":true},"stages":[{"name":"BUILD","message":"Build in progress","state":"IN_PROGRESS","resource":"projects/215337606799/locations/europe-west1/builds/58bf731c-622e-4a0c-a3e0-fc4ec59141bb","resourceUri":"https://console.cloud.google.com/cloud-build/builds;region=europe-west1/58bf731c-622e-4a0c-a3e0-fc4ec59141bb?project=215337606799"},{"name":"SERVICE","state":"NOT_STARTED"}],"operationType":"UPDATE_FUNCTION","buildName":"projects/215337606799/locations/europe-west1/builds/58bf731c-622e-4a0c-a3e0-fc4ec59141bb"},"done":false}
[debug] [2026-06-26T06:16:38.119Z] [update-firebase-frameworks-cuadernofp-europe-west1-ssrcuadernofp] Retrying task index 0
[debug] [2026-06-26T06:16:38.120Z] No OAuth tokens found
[debug] [2026-06-26T06:16:38.121Z] >>> [apiv2][query] GET https://cloudfunctions.googleapis.com/v2/projects/cuadernofp/locations/europe-west1/operations/operation-1782454265717-65521f95624b2-08e2b7e2-a6e49692 [none]
[debug] [2026-06-26T06:16:38.943Z] <<< [apiv2][status] GET https://cloudfunctions.googleapis.com/v2/projects/cuadernofp/locations/europe-west1/operations/operation-1782454265717-65521f95624b2-08e2b7e2-a6e49692 200
[debug] [2026-06-26T06:16:38.943Z] <<< [apiv2][body] GET https://cloudfunctions.googleapis.com/v2/projects/cuadernofp/locations/europe-west1/operations/operation-1782454265717-65521f95624b2-08e2b7e2-a6e49692 {"name":"projects/cuadernofp/locations/europe-west1/operations/operation-1782454265717-65521f95624b2-08e2b7e2-a6e49692","metadata":{"@type":"type.googleapis.com/google.cloud.functions.v2.OperationMetadata","createTime":"2026-06-26T06:11:06.992971693Z","target":"projects/cuadernofp/locations/europe-west1/functions/ssrcuadernofp","verb":"update","cancelRequested":false,"apiVersion":"v2","requestResource":{"@type":"type.googleapis.com/google.cloud.functions.v2.Function","name":"projects/cuadernofp/locations/europe-west1/functions/ssrcuadernofp","buildConfig":{"runtime":"nodejs24","entryPoint":"ssrcuadernofp","source":{"storageSource":{"bucket":"gcf-v2-sources-215337606799-europe-west1","object":"ssrcuadernofp/function-source.zip","generation":"1782454266934733"}},"environmentVariables":{"GOOGLE_NODE_RUN_SCRIPTS":""},"dockerRepository":"projects/cuadernofp/locations/europe-west1/repositories/gcf-artifacts","sourceProvenance":{"resolvedStorageSource":{"bucket":"gcf-v2-sources-215337606799-europe-west1","object":"ssrcuadernofp/function-source.zip","generation":"1782452155275457"}},"dockerRegistry":"ARTIFACT_REGISTRY","serviceAccount":"projects/cuadernofp/serviceAccounts/215337606799-compute@developer.gserviceaccount.com","automaticUpdatePolicy":{}},"serviceConfig":{"service":"projects/cuadernofp/locations/europe-west1/services/ssrcuadernofp","timeoutSeconds":60,"environmentVariables":{"VERCEL_URL":"cuadernofp.web.app","__FIREBASE_FRAMEWORKS_ENTRY__":"next.js","FIREBASE_CONFIG":"{\"projectId\":\"cuadernofp\",\"storageBucket\":\"cuadernofp.firebasestorage.app\"}","GCLOUD_PROJECT":"cuadernofp","EVENTARC_CLOUD_EVENT_SOURCE":"projects/cuadernofp/locations/europe-west1/services/ssrcuadernofp","FUNCTION_TARGET":"ssrcuadernofp","LOG_EXECUTION_ID":"true"},"ingressSettings":"ALLOW_ALL","uri":"https://ssrcuadernofp-ksqnfs2byq-ew.a.run.app","serviceAccountEmail":"215337606799-compute@developer.gserviceaccount.com","availableMemory":"256Mi","allTrafficOnLatestRevision":true,"revision":"ssrcuadernofp-00153-quq","maxInstanceRequestConcurrency":80,"availableCpu":"1"},"state":"ACTIVE","labels":{"deployment-tool":"cloudfunctions","firebase-functions-codebase":"firebase-frameworks-cuadernofp","firebase-functions-hash":"b15459f8079b50e6c0b98a8c8d8a642e1c5e3349"},"environment":"GEN_2","url":"https://europe-west1-cuadernofp.cloudfunctions.net/ssrcuadernofp","satisfiesPzi":true},"stages":[{"name":"BUILD","message":"Build in progress","state":"IN_PROGRESS","resource":"projects/215337606799/locations/europe-west1/builds/58bf731c-622e-4a0c-a3e0-fc4ec59141bb","resourceUri":"https://console.cloud.google.com/cloud-build/builds;region=europe-west1/58bf731c-622e-4a0c-a3e0-fc4ec59141bb?project=215337606799"},{"name":"SERVICE","state":"NOT_STARTED"}],"operationType":"UPDATE_FUNCTION","buildName":"projects/215337606799/locations/europe-west1/builds/58bf731c-622e-4a0c-a3e0-fc4ec59141bb"},"done":false}
[debug] [2026-06-26T06:16:48.953Z] [update-firebase-frameworks-cuadernofp-europe-west1-ssrcuadernofp] Retrying task index 0
[debug] [2026-06-26T06:16:48.954Z] No OAuth tokens found
[debug] [2026-06-26T06:16:48.955Z] >>> [apiv2][query] GET https://cloudfunctions.googleapis.com/v2/projects/cuadernofp/locations/europe-west1/operations/operation-1782454265717-65521f95624b2-08e2b7e2-a6e49692 [none]
[debug] [2026-06-26T06:16:49.498Z] <<< [apiv2][status] GET https://cloudfunctions.googleapis.com/v2/projects/cuadernofp/locations/europe-west1/operations/operation-1782454265717-65521f95624b2-08e2b7e2-a6e49692 200
[debug] [2026-06-26T06:16:49.498Z] <<< [apiv2][body] GET https://cloudfunctions.googleapis.com/v2/projects/cuadernofp/locations/europe-west1/operations/operation-1782454265717-65521f95624b2-08e2b7e2-a6e49692 {"name":"projects/cuadernofp/locations/europe-west1/operations/operation-1782454265717-65521f95624b2-08e2b7e2-a6e49692","metadata":{"@type":"type.googleapis.com/google.cloud.functions.v2.OperationMetadata","createTime":"2026-06-26T06:11:06.992971693Z","target":"projects/cuadernofp/locations/europe-west1/functions/ssrcuadernofp","verb":"update","cancelRequested":false,"apiVersion":"v2","requestResource":{"@type":"type.googleapis.com/google.cloud.functions.v2.Function","name":"projects/cuadernofp/locations/europe-west1/functions/ssrcuadernofp","buildConfig":{"runtime":"nodejs24","entryPoint":"ssrcuadernofp","source":{"storageSource":{"bucket":"gcf-v2-sources-215337606799-europe-west1","object":"ssrcuadernofp/function-source.zip","generation":"1782454266934733"}},"environmentVariables":{"GOOGLE_NODE_RUN_SCRIPTS":""},"dockerRepository":"projects/cuadernofp/locations/europe-west1/repositories/gcf-artifacts","sourceProvenance":{"resolvedStorageSource":{"bucket":"gcf-v2-sources-215337606799-europe-west1","object":"ssrcuadernofp/function-source.zip","generation":"1782452155275457"}},"dockerRegistry":"ARTIFACT_REGISTRY","serviceAccount":"projects/cuadernofp/serviceAccounts/215337606799-compute@developer.gserviceaccount.com","automaticUpdatePolicy":{}},"serviceConfig":{"service":"projects/cuadernofp/locations/europe-west1/services/ssrcuadernofp","timeoutSeconds":60,"environmentVariables":{"VERCEL_URL":"cuadernofp.web.app","__FIREBASE_FRAMEWORKS_ENTRY__":"next.js","FIREBASE_CONFIG":"{\"projectId\":\"cuadernofp\",\"storageBucket\":\"cuadernofp.firebasestorage.app\"}","GCLOUD_PROJECT":"cuadernofp","EVENTARC_CLOUD_EVENT_SOURCE":"projects/cuadernofp/locations/europe-west1/services/ssrcuadernofp","FUNCTION_TARGET":"ssrcuadernofp","LOG_EXECUTION_ID":"true"},"ingressSettings":"ALLOW_ALL","uri":"https://ssrcuadernofp-ksqnfs2byq-ew.a.run.app","serviceAccountEmail":"215337606799-compute@developer.gserviceaccount.com","availableMemory":"256Mi","allTrafficOnLatestRevision":true,"revision":"ssrcuadernofp-00153-quq","maxInstanceRequestConcurrency":80,"availableCpu":"1"},"state":"ACTIVE","labels":{"deployment-tool":"cloudfunctions","firebase-functions-codebase":"firebase-frameworks-cuadernofp","firebase-functions-hash":"b15459f8079b50e6c0b98a8c8d8a642e1c5e3349"},"environment":"GEN_2","url":"https://europe-west1-cuadernofp.cloudfunctions.net/ssrcuadernofp","satisfiesPzi":true},"stages":[{"name":"BUILD","message":"Build in progress","state":"IN_PROGRESS","resource":"projects/215337606799/locations/europe-west1/builds/58bf731c-622e-4a0c-a3e0-fc4ec59141bb","resourceUri":"https://console.cloud.google.com/cloud-build/builds;region=europe-west1/58bf731c-622e-4a0c-a3e0-fc4ec59141bb?project=215337606799"},{"name":"SERVICE","state":"NOT_STARTED"}],"operationType":"UPDATE_FUNCTION","buildName":"projects/215337606799/locations/europe-west1/builds/58bf731c-622e-4a0c-a3e0-fc4ec59141bb"},"done":false}
[debug] [2026-06-26T06:16:59.506Z] [update-firebase-frameworks-cuadernofp-europe-west1-ssrcuadernofp] Retrying task index 0
[debug] [2026-06-26T06:16:59.508Z] No OAuth tokens found
[debug] [2026-06-26T06:16:59.508Z] >>> [apiv2][query] GET https://cloudfunctions.googleapis.com/v2/projects/cuadernofp/locations/europe-west1/operations/operation-1782454265717-65521f95624b2-08e2b7e2-a6e49692 [none]
[debug] [2026-06-26T06:17:00.342Z] <<< [apiv2][status] GET https://cloudfunctions.googleapis.com/v2/projects/cuadernofp/locations/europe-west1/operations/operation-1782454265717-65521f95624b2-08e2b7e2-a6e49692 200
[debug] [2026-06-26T06:17:00.342Z] <<< [apiv2][body] GET https://cloudfunctions.googleapis.com/v2/projects/cuadernofp/locations/europe-west1/operations/operation-1782454265717-65521f95624b2-08e2b7e2-a6e49692 {"name":"projects/cuadernofp/locations/europe-west1/operations/operation-1782454265717-65521f95624b2-08e2b7e2-a6e49692","metadata":{"@type":"type.googleapis.com/google.cloud.functions.v2.OperationMetadata","createTime":"2026-06-26T06:11:06.992971693Z","target":"projects/cuadernofp/locations/europe-west1/functions/ssrcuadernofp","verb":"update","cancelRequested":false,"apiVersion":"v2","requestResource":{"@type":"type.googleapis.com/google.cloud.functions.v2.Function","name":"projects/cuadernofp/locations/europe-west1/functions/ssrcuadernofp","buildConfig":{"runtime":"nodejs24","entryPoint":"ssrcuadernofp","source":{"storageSource":{"bucket":"gcf-v2-sources-215337606799-europe-west1","object":"ssrcuadernofp/function-source.zip","generation":"1782454266934733"}},"environmentVariables":{"GOOGLE_NODE_RUN_SCRIPTS":""},"dockerRepository":"projects/cuadernofp/locations/europe-west1/repositories/gcf-artifacts","sourceProvenance":{"resolvedStorageSource":{"bucket":"gcf-v2-sources-215337606799-europe-west1","object":"ssrcuadernofp/function-source.zip","generation":"1782452155275457"}},"dockerRegistry":"ARTIFACT_REGISTRY","serviceAccount":"projects/cuadernofp/serviceAccounts/215337606799-compute@developer.gserviceaccount.com","automaticUpdatePolicy":{}},"serviceConfig":{"service":"projects/cuadernofp/locations/europe-west1/services/ssrcuadernofp","timeoutSeconds":60,"environmentVariables":{"VERCEL_URL":"cuadernofp.web.app","__FIREBASE_FRAMEWORKS_ENTRY__":"next.js","FIREBASE_CONFIG":"{\"projectId\":\"cuadernofp\",\"storageBucket\":\"cuadernofp.firebasestorage.app\"}","GCLOUD_PROJECT":"cuadernofp","EVENTARC_CLOUD_EVENT_SOURCE":"projects/cuadernofp/locations/europe-west1/services/ssrcuadernofp","FUNCTION_TARGET":"ssrcuadernofp","LOG_EXECUTION_ID":"true"},"ingressSettings":"ALLOW_ALL","uri":"https://ssrcuadernofp-ksqnfs2byq-ew.a.run.app","serviceAccountEmail":"215337606799-compute@developer.gserviceaccount.com","availableMemory":"256Mi","allTrafficOnLatestRevision":true,"revision":"ssrcuadernofp-00153-quq","maxInstanceRequestConcurrency":80,"availableCpu":"1"},"state":"ACTIVE","labels":{"deployment-tool":"cloudfunctions","firebase-functions-codebase":"firebase-frameworks-cuadernofp","firebase-functions-hash":"b15459f8079b50e6c0b98a8c8d8a642e1c5e3349"},"environment":"GEN_2","url":"https://europe-west1-cuadernofp.cloudfunctions.net/ssrcuadernofp","satisfiesPzi":true},"stages":[{"name":"BUILD","message":"Build in progress","state":"IN_PROGRESS","resource":"projects/215337606799/locations/europe-west1/builds/58bf731c-622e-4a0c-a3e0-fc4ec59141bb","resourceUri":"https://console.cloud.google.com/cloud-build/builds;region=europe-west1/58bf731c-622e-4a0c-a3e0-fc4ec59141bb?project=215337606799"},{"name":"SERVICE","state":"NOT_STARTED"}],"operationType":"UPDATE_FUNCTION","buildName":"projects/215337606799/locations/europe-west1/builds/58bf731c-622e-4a0c-a3e0-fc4ec59141bb"},"done":false}
[debug] [2026-06-26T06:17:10.344Z] [update-firebase-frameworks-cuadernofp-europe-west1-ssrcuadernofp] Retrying task index 0
[debug] [2026-06-26T06:17:10.346Z] No OAuth tokens found
[debug] [2026-06-26T06:17:10.346Z] >>> [apiv2][query] GET https://cloudfunctions.googleapis.com/v2/projects/cuadernofp/locations/europe-west1/operations/operation-1782454265717-65521f95624b2-08e2b7e2-a6e49692 [none]
[debug] [2026-06-26T06:17:10.877Z] <<< [apiv2][status] GET https://cloudfunctions.googleapis.com/v2/projects/cuadernofp/locations/europe-west1/operations/operation-1782454265717-65521f95624b2-08e2b7e2-a6e49692 200
[debug] [2026-06-26T06:17:10.877Z] <<< [apiv2][body] GET https://cloudfunctions.googleapis.com/v2/projects/cuadernofp/locations/europe-west1/operations/operation-1782454265717-65521f95624b2-08e2b7e2-a6e49692 {"name":"projects/cuadernofp/locations/europe-west1/operations/operation-1782454265717-65521f95624b2-08e2b7e2-a6e49692","metadata":{"@type":"type.googleapis.com/google.cloud.functions.v2.OperationMetadata","createTime":"2026-06-26T06:11:06.992971693Z","target":"projects/cuadernofp/locations/europe-west1/functions/ssrcuadernofp","verb":"update","cancelRequested":false,"apiVersion":"v2","requestResource":{"@type":"type.googleapis.com/google.cloud.functions.v2.Function","name":"projects/cuadernofp/locations/europe-west1/functions/ssrcuadernofp","buildConfig":{"runtime":"nodejs24","entryPoint":"ssrcuadernofp","source":{"storageSource":{"bucket":"gcf-v2-sources-215337606799-europe-west1","object":"ssrcuadernofp/function-source.zip","generation":"1782454266934733"}},"environmentVariables":{"GOOGLE_NODE_RUN_SCRIPTS":""},"dockerRepository":"projects/cuadernofp/locations/europe-west1/repositories/gcf-artifacts","sourceProvenance":{"resolvedStorageSource":{"bucket":"gcf-v2-sources-215337606799-europe-west1","object":"ssrcuadernofp/function-source.zip","generation":"1782452155275457"}},"dockerRegistry":"ARTIFACT_REGISTRY","serviceAccount":"projects/cuadernofp/serviceAccounts/215337606799-compute@developer.gserviceaccount.com","automaticUpdatePolicy":{}},"serviceConfig":{"service":"projects/cuadernofp/locations/europe-west1/services/ssrcuadernofp","timeoutSeconds":60,"environmentVariables":{"VERCEL_URL":"cuadernofp.web.app","__FIREBASE_FRAMEWORKS_ENTRY__":"next.js","FIREBASE_CONFIG":"{\"projectId\":\"cuadernofp\",\"storageBucket\":\"cuadernofp.firebasestorage.app\"}","GCLOUD_PROJECT":"cuadernofp","EVENTARC_CLOUD_EVENT_SOURCE":"projects/cuadernofp/locations/europe-west1/services/ssrcuadernofp","FUNCTION_TARGET":"ssrcuadernofp","LOG_EXECUTION_ID":"true"},"ingressSettings":"ALLOW_ALL","uri":"https://ssrcuadernofp-ksqnfs2byq-ew.a.run.app","serviceAccountEmail":"215337606799-compute@developer.gserviceaccount.com","availableMemory":"256Mi","allTrafficOnLatestRevision":true,"revision":"ssrcuadernofp-00153-quq","maxInstanceRequestConcurrency":80,"availableCpu":"1"},"state":"ACTIVE","labels":{"deployment-tool":"cloudfunctions","firebase-functions-codebase":"firebase-frameworks-cuadernofp","firebase-functions-hash":"b15459f8079b50e6c0b98a8c8d8a642e1c5e3349"},"environment":"GEN_2","url":"https://europe-west1-cuadernofp.cloudfunctions.net/ssrcuadernofp","satisfiesPzi":true},"stages":[{"name":"BUILD","message":"Build in progress","state":"IN_PROGRESS","resource":"projects/215337606799/locations/europe-west1/builds/58bf731c-622e-4a0c-a3e0-fc4ec59141bb","resourceUri":"https://console.cloud.google.com/cloud-build/builds;region=europe-west1/58bf731c-622e-4a0c-a3e0-fc4ec59141bb?project=215337606799"},{"name":"SERVICE","state":"NOT_STARTED"}],"operationType":"UPDATE_FUNCTION","buildName":"projects/215337606799/locations/europe-west1/builds/58bf731c-622e-4a0c-a3e0-fc4ec59141bb"},"done":false}
[debug] [2026-06-26T06:17:20.879Z] [update-firebase-frameworks-cuadernofp-europe-west1-ssrcuadernofp] Retrying task index 0
[debug] [2026-06-26T06:17:20.881Z] No OAuth tokens found
[debug] [2026-06-26T06:17:20.882Z] >>> [apiv2][query] GET https://cloudfunctions.googleapis.com/v2/projects/cuadernofp/locations/europe-west1/operations/operation-1782454265717-65521f95624b2-08e2b7e2-a6e49692 [none]
[debug] [2026-06-26T06:17:21.156Z] <<< [apiv2][status] GET https://cloudfunctions.googleapis.com/v2/projects/cuadernofp/locations/europe-west1/operations/operation-1782454265717-65521f95624b2-08e2b7e2-a6e49692 200
[debug] [2026-06-26T06:17:21.156Z] <<< [apiv2][body] GET https://cloudfunctions.googleapis.com/v2/projects/cuadernofp/locations/europe-west1/operations/operation-1782454265717-65521f95624b2-08e2b7e2-a6e49692 {"name":"projects/cuadernofp/locations/europe-west1/operations/operation-1782454265717-65521f95624b2-08e2b7e2-a6e49692","metadata":{"@type":"type.googleapis.com/google.cloud.functions.v2.OperationMetadata","createTime":"2026-06-26T06:11:06.992971693Z","target":"projects/cuadernofp/locations/europe-west1/functions/ssrcuadernofp","verb":"update","cancelRequested":false,"apiVersion":"v2","requestResource":{"@type":"type.googleapis.com/google.cloud.functions.v2.Function","name":"projects/cuadernofp/locations/europe-west1/functions/ssrcuadernofp","buildConfig":{"runtime":"nodejs24","entryPoint":"ssrcuadernofp","source":{"storageSource":{"bucket":"gcf-v2-sources-215337606799-europe-west1","object":"ssrcuadernofp/function-source.zip","generation":"1782454266934733"}},"environmentVariables":{"GOOGLE_NODE_RUN_SCRIPTS":""},"dockerRepository":"projects/cuadernofp/locations/europe-west1/repositories/gcf-artifacts","sourceProvenance":{"resolvedStorageSource":{"bucket":"gcf-v2-sources-215337606799-europe-west1","object":"ssrcuadernofp/function-source.zip","generation":"1782452155275457"}},"dockerRegistry":"ARTIFACT_REGISTRY","serviceAccount":"projects/cuadernofp/serviceAccounts/215337606799-compute@developer.gserviceaccount.com","automaticUpdatePolicy":{}},"serviceConfig":{"service":"projects/cuadernofp/locations/europe-west1/services/ssrcuadernofp","timeoutSeconds":60,"environmentVariables":{"VERCEL_URL":"cuadernofp.web.app","__FIREBASE_FRAMEWORKS_ENTRY__":"next.js","FIREBASE_CONFIG":"{\"projectId\":\"cuadernofp\",\"storageBucket\":\"cuadernofp.firebasestorage.app\"}","GCLOUD_PROJECT":"cuadernofp","EVENTARC_CLOUD_EVENT_SOURCE":"projects/cuadernofp/locations/europe-west1/services/ssrcuadernofp","FUNCTION_TARGET":"ssrcuadernofp","LOG_EXECUTION_ID":"true"},"ingressSettings":"ALLOW_ALL","uri":"https://ssrcuadernofp-ksqnfs2byq-ew.a.run.app","serviceAccountEmail":"215337606799-compute@developer.gserviceaccount.com","availableMemory":"256Mi","allTrafficOnLatestRevision":true,"revision":"ssrcuadernofp-00153-quq","maxInstanceRequestConcurrency":80,"availableCpu":"1"},"state":"ACTIVE","labels":{"deployment-tool":"cloudfunctions","firebase-functions-codebase":"firebase-frameworks-cuadernofp","firebase-functions-hash":"b15459f8079b50e6c0b98a8c8d8a642e1c5e3349"},"environment":"GEN_2","url":"https://europe-west1-cuadernofp.cloudfunctions.net/ssrcuadernofp","satisfiesPzi":true},"stages":[{"name":"BUILD","message":"Build in progress","state":"IN_PROGRESS","resource":"projects/215337606799/locations/europe-west1/builds/58bf731c-622e-4a0c-a3e0-fc4ec59141bb","resourceUri":"https://console.cloud.google.com/cloud-build/builds;region=europe-west1/58bf731c-622e-4a0c-a3e0-fc4ec59141bb?project=215337606799"},{"name":"SERVICE","state":"NOT_STARTED"}],"operationType":"UPDATE_FUNCTION","buildName":"projects/215337606799/locations/europe-west1/builds/58bf731c-622e-4a0c-a3e0-fc4ec59141bb"},"done":false}
[debug] [2026-06-26T06:17:31.170Z] [update-firebase-frameworks-cuadernofp-europe-west1-ssrcuadernofp] Retrying task index 0
[debug] [2026-06-26T06:17:31.171Z] No OAuth tokens found
[debug] [2026-06-26T06:17:31.172Z] >>> [apiv2][query] GET https://cloudfunctions.googleapis.com/v2/projects/cuadernofp/locations/europe-west1/operations/operation-1782454265717-65521f95624b2-08e2b7e2-a6e49692 [none]
[debug] [2026-06-26T06:17:31.435Z] <<< [apiv2][status] GET https://cloudfunctions.googleapis.com/v2/projects/cuadernofp/locations/europe-west1/operations/operation-1782454265717-65521f95624b2-08e2b7e2-a6e49692 200
[debug] [2026-06-26T06:17:31.435Z] <<< [apiv2][body] GET https://cloudfunctions.googleapis.com/v2/projects/cuadernofp/locations/europe-west1/operations/operation-1782454265717-65521f95624b2-08e2b7e2-a6e49692 {"name":"projects/cuadernofp/locations/europe-west1/operations/operation-1782454265717-65521f95624b2-08e2b7e2-a6e49692","metadata":{"@type":"type.googleapis.com/google.cloud.functions.v2.OperationMetadata","createTime":"2026-06-26T06:11:06.992971693Z","target":"projects/cuadernofp/locations/europe-west1/functions/ssrcuadernofp","verb":"update","cancelRequested":false,"apiVersion":"v2","requestResource":{"@type":"type.googleapis.com/google.cloud.functions.v2.Function","name":"projects/cuadernofp/locations/europe-west1/functions/ssrcuadernofp","buildConfig":{"runtime":"nodejs24","entryPoint":"ssrcuadernofp","source":{"storageSource":{"bucket":"gcf-v2-sources-215337606799-europe-west1","object":"ssrcuadernofp/function-source.zip","generation":"1782454266934733"}},"environmentVariables":{"GOOGLE_NODE_RUN_SCRIPTS":""},"dockerRepository":"projects/cuadernofp/locations/europe-west1/repositories/gcf-artifacts","sourceProvenance":{"resolvedStorageSource":{"bucket":"gcf-v2-sources-215337606799-europe-west1","object":"ssrcuadernofp/function-source.zip","generation":"1782452155275457"}},"dockerRegistry":"ARTIFACT_REGISTRY","serviceAccount":"projects/cuadernofp/serviceAccounts/215337606799-compute@developer.gserviceaccount.com","automaticUpdatePolicy":{}},"serviceConfig":{"service":"projects/cuadernofp/locations/europe-west1/services/ssrcuadernofp","timeoutSeconds":60,"environmentVariables":{"VERCEL_URL":"cuadernofp.web.app","__FIREBASE_FRAMEWORKS_ENTRY__":"next.js","FIREBASE_CONFIG":"{\"projectId\":\"cuadernofp\",\"storageBucket\":\"cuadernofp.firebasestorage.app\"}","GCLOUD_PROJECT":"cuadernofp","EVENTARC_CLOUD_EVENT_SOURCE":"projects/cuadernofp/locations/europe-west1/services/ssrcuadernofp","FUNCTION_TARGET":"ssrcuadernofp","LOG_EXECUTION_ID":"true"},"ingressSettings":"ALLOW_ALL","uri":"https://ssrcuadernofp-ksqnfs2byq-ew.a.run.app","serviceAccountEmail":"215337606799-compute@developer.gserviceaccount.com","availableMemory":"256Mi","allTrafficOnLatestRevision":true,"revision":"ssrcuadernofp-00153-quq","maxInstanceRequestConcurrency":80,"availableCpu":"1"},"state":"ACTIVE","labels":{"deployment-tool":"cloudfunctions","firebase-functions-codebase":"firebase-frameworks-cuadernofp","firebase-functions-hash":"b15459f8079b50e6c0b98a8c8d8a642e1c5e3349"},"environment":"GEN_2","url":"https://europe-west1-cuadernofp.cloudfunctions.net/ssrcuadernofp","satisfiesPzi":true},"stages":[{"name":"BUILD","message":"Build in progress","state":"IN_PROGRESS","resource":"projects/215337606799/locations/europe-west1/builds/58bf731c-622e-4a0c-a3e0-fc4ec59141bb","resourceUri":"https://console.cloud.google.com/cloud-build/builds;region=europe-west1/58bf731c-622e-4a0c-a3e0-fc4ec59141bb?project=215337606799"},{"name":"SERVICE","state":"NOT_STARTED"}],"operationType":"UPDATE_FUNCTION","buildName":"projects/215337606799/locations/europe-west1/builds/58bf731c-622e-4a0c-a3e0-fc4ec59141bb"},"done":false}
[debug] [2026-06-26T06:17:41.439Z] [update-firebase-frameworks-cuadernofp-europe-west1-ssrcuadernofp] Retrying task index 0
[debug] [2026-06-26T06:17:41.441Z] No OAuth tokens found
[debug] [2026-06-26T06:17:41.441Z] >>> [apiv2][query] GET https://cloudfunctions.googleapis.com/v2/projects/cuadernofp/locations/europe-west1/operations/operation-1782454265717-65521f95624b2-08e2b7e2-a6e49692 [none]
[debug] [2026-06-26T06:17:41.719Z] <<< [apiv2][status] GET https://cloudfunctions.googleapis.com/v2/projects/cuadernofp/locations/europe-west1/operations/operation-1782454265717-65521f95624b2-08e2b7e2-a6e49692 200
[debug] [2026-06-26T06:17:41.719Z] <<< [apiv2][body] GET https://cloudfunctions.googleapis.com/v2/projects/cuadernofp/locations/europe-west1/operations/operation-1782454265717-65521f95624b2-08e2b7e2-a6e49692 {"name":"projects/cuadernofp/locations/europe-west1/operations/operation-1782454265717-65521f95624b2-08e2b7e2-a6e49692","metadata":{"@type":"type.googleapis.com/google.cloud.functions.v2.OperationMetadata","createTime":"2026-06-26T06:11:06.992971693Z","target":"projects/cuadernofp/locations/europe-west1/functions/ssrcuadernofp","verb":"update","cancelRequested":false,"apiVersion":"v2","requestResource":{"@type":"type.googleapis.com/google.cloud.functions.v2.Function","name":"projects/cuadernofp/locations/europe-west1/functions/ssrcuadernofp","buildConfig":{"runtime":"nodejs24","entryPoint":"ssrcuadernofp","source":{"storageSource":{"bucket":"gcf-v2-sources-215337606799-europe-west1","object":"ssrcuadernofp/function-source.zip","generation":"1782454266934733"}},"environmentVariables":{"GOOGLE_NODE_RUN_SCRIPTS":""},"dockerRepository":"projects/cuadernofp/locations/europe-west1/repositories/gcf-artifacts","sourceProvenance":{"resolvedStorageSource":{"bucket":"gcf-v2-sources-215337606799-europe-west1","object":"ssrcuadernofp/function-source.zip","generation":"1782452155275457"}},"dockerRegistry":"ARTIFACT_REGISTRY","serviceAccount":"projects/cuadernofp/serviceAccounts/215337606799-compute@developer.gserviceaccount.com","automaticUpdatePolicy":{}},"serviceConfig":{"service":"projects/cuadernofp/locations/europe-west1/services/ssrcuadernofp","timeoutSeconds":60,"environmentVariables":{"VERCEL_URL":"cuadernofp.web.app","__FIREBASE_FRAMEWORKS_ENTRY__":"next.js","FIREBASE_CONFIG":"{\"projectId\":\"cuadernofp\",\"storageBucket\":\"cuadernofp.firebasestorage.app\"}","GCLOUD_PROJECT":"cuadernofp","EVENTARC_CLOUD_EVENT_SOURCE":"projects/cuadernofp/locations/europe-west1/services/ssrcuadernofp","FUNCTION_TARGET":"ssrcuadernofp","LOG_EXECUTION_ID":"true"},"ingressSettings":"ALLOW_ALL","uri":"https://ssrcuadernofp-ksqnfs2byq-ew.a.run.app","serviceAccountEmail":"215337606799-compute@developer.gserviceaccount.com","availableMemory":"256Mi","allTrafficOnLatestRevision":true,"revision":"ssrcuadernofp-00153-quq","maxInstanceRequestConcurrency":80,"availableCpu":"1"},"state":"ACTIVE","labels":{"deployment-tool":"cloudfunctions","firebase-functions-codebase":"firebase-frameworks-cuadernofp","firebase-functions-hash":"b15459f8079b50e6c0b98a8c8d8a642e1c5e3349"},"environment":"GEN_2","url":"https://europe-west1-cuadernofp.cloudfunctions.net/ssrcuadernofp","satisfiesPzi":true},"stages":[{"name":"BUILD","message":"Build in progress","state":"IN_PROGRESS","resource":"projects/215337606799/locations/europe-west1/builds/58bf731c-622e-4a0c-a3e0-fc4ec59141bb","resourceUri":"https://console.cloud.google.com/cloud-build/builds;region=europe-west1/58bf731c-622e-4a0c-a3e0-fc4ec59141bb?project=215337606799"},{"name":"SERVICE","state":"NOT_STARTED"}],"operationType":"UPDATE_FUNCTION","buildName":"projects/215337606799/locations/europe-west1/builds/58bf731c-622e-4a0c-a3e0-fc4ec59141bb"},"done":false}
[debug] [2026-06-26T06:17:51.731Z] [update-firebase-frameworks-cuadernofp-europe-west1-ssrcuadernofp] Retrying task index 0
[debug] [2026-06-26T06:17:51.733Z] No OAuth tokens found
[debug] [2026-06-26T06:17:51.733Z] >>> [apiv2][query] GET https://cloudfunctions.googleapis.com/v2/projects/cuadernofp/locations/europe-west1/operations/operation-1782454265717-65521f95624b2-08e2b7e2-a6e49692 [none]
[debug] [2026-06-26T06:17:51.882Z] <<< [apiv2][status] GET https://cloudfunctions.googleapis.com/v2/projects/cuadernofp/locations/europe-west1/operations/operation-1782454265717-65521f95624b2-08e2b7e2-a6e49692 200
[debug] [2026-06-26T06:17:51.882Z] <<< [apiv2][body] GET https://cloudfunctions.googleapis.com/v2/projects/cuadernofp/locations/europe-west1/operations/operation-1782454265717-65521f95624b2-08e2b7e2-a6e49692 {"name":"projects/cuadernofp/locations/europe-west1/operations/operation-1782454265717-65521f95624b2-08e2b7e2-a6e49692","metadata":{"@type":"type.googleapis.com/google.cloud.functions.v2.OperationMetadata","createTime":"2026-06-26T06:11:06.992971693Z","target":"projects/cuadernofp/locations/europe-west1/functions/ssrcuadernofp","verb":"update","cancelRequested":false,"apiVersion":"v2","requestResource":{"@type":"type.googleapis.com/google.cloud.functions.v2.Function","name":"projects/cuadernofp/locations/europe-west1/functions/ssrcuadernofp","buildConfig":{"runtime":"nodejs24","entryPoint":"ssrcuadernofp","source":{"storageSource":{"bucket":"gcf-v2-sources-215337606799-europe-west1","object":"ssrcuadernofp/function-source.zip","generation":"1782454266934733"}},"environmentVariables":{"GOOGLE_NODE_RUN_SCRIPTS":""},"dockerRepository":"projects/cuadernofp/locations/europe-west1/repositories/gcf-artifacts","sourceProvenance":{"resolvedStorageSource":{"bucket":"gcf-v2-sources-215337606799-europe-west1","object":"ssrcuadernofp/function-source.zip","generation":"1782452155275457"}},"dockerRegistry":"ARTIFACT_REGISTRY","serviceAccount":"projects/cuadernofp/serviceAccounts/215337606799-compute@developer.gserviceaccount.com","automaticUpdatePolicy":{}},"serviceConfig":{"service":"projects/cuadernofp/locations/europe-west1/services/ssrcuadernofp","timeoutSeconds":60,"environmentVariables":{"VERCEL_URL":"cuadernofp.web.app","__FIREBASE_FRAMEWORKS_ENTRY__":"next.js","FIREBASE_CONFIG":"{\"projectId\":\"cuadernofp\",\"storageBucket\":\"cuadernofp.firebasestorage.app\"}","GCLOUD_PROJECT":"cuadernofp","EVENTARC_CLOUD_EVENT_SOURCE":"projects/cuadernofp/locations/europe-west1/services/ssrcuadernofp","FUNCTION_TARGET":"ssrcuadernofp","LOG_EXECUTION_ID":"true"},"ingressSettings":"ALLOW_ALL","uri":"https://ssrcuadernofp-ksqnfs2byq-ew.a.run.app","serviceAccountEmail":"215337606799-compute@developer.gserviceaccount.com","availableMemory":"256Mi","allTrafficOnLatestRevision":true,"revision":"ssrcuadernofp-00153-quq","maxInstanceRequestConcurrency":80,"availableCpu":"1"},"state":"ACTIVE","labels":{"deployment-tool":"cloudfunctions","firebase-functions-codebase":"firebase-frameworks-cuadernofp","firebase-functions-hash":"b15459f8079b50e6c0b98a8c8d8a642e1c5e3349"},"environment":"GEN_2","url":"https://europe-west1-cuadernofp.cloudfunctions.net/ssrcuadernofp","satisfiesPzi":true},"stages":[{"name":"BUILD","message":"Build in progress","state":"IN_PROGRESS","resource":"projects/215337606799/locations/europe-west1/builds/58bf731c-622e-4a0c-a3e0-fc4ec59141bb","resourceUri":"https://console.cloud.google.com/cloud-build/builds;region=europe-west1/58bf731c-622e-4a0c-a3e0-fc4ec59141bb?project=215337606799"},{"name":"SERVICE","state":"NOT_STARTED"}],"operationType":"UPDATE_FUNCTION","buildName":"projects/215337606799/locations/europe-west1/builds/58bf731c-622e-4a0c-a3e0-fc4ec59141bb"},"done":false}
[debug] [2026-06-26T06:18:01.889Z] [update-firebase-frameworks-cuadernofp-europe-west1-ssrcuadernofp] Retrying task index 0
[debug] [2026-06-26T06:18:01.891Z] No OAuth tokens found
[debug] [2026-06-26T06:18:01.891Z] >>> [apiv2][query] GET https://cloudfunctions.googleapis.com/v2/projects/cuadernofp/locations/europe-west1/operations/operation-1782454265717-65521f95624b2-08e2b7e2-a6e49692 [none]
[debug] [2026-06-26T06:18:02.379Z] <<< [apiv2][status] GET https://cloudfunctions.googleapis.com/v2/projects/cuadernofp/locations/europe-west1/operations/operation-1782454265717-65521f95624b2-08e2b7e2-a6e49692 200
[debug] [2026-06-26T06:18:02.379Z] <<< [apiv2][body] GET https://cloudfunctions.googleapis.com/v2/projects/cuadernofp/locations/europe-west1/operations/operation-1782454265717-65521f95624b2-08e2b7e2-a6e49692 {"name":"projects/cuadernofp/locations/europe-west1/operations/operation-1782454265717-65521f95624b2-08e2b7e2-a6e49692","metadata":{"@type":"type.googleapis.com/google.cloud.functions.v2.OperationMetadata","createTime":"2026-06-26T06:11:06.992971693Z","target":"projects/cuadernofp/locations/europe-west1/functions/ssrcuadernofp","verb":"update","cancelRequested":false,"apiVersion":"v2","requestResource":{"@type":"type.googleapis.com/google.cloud.functions.v2.Function","name":"projects/cuadernofp/locations/europe-west1/functions/ssrcuadernofp","buildConfig":{"runtime":"nodejs24","entryPoint":"ssrcuadernofp","source":{"storageSource":{"bucket":"gcf-v2-sources-215337606799-europe-west1","object":"ssrcuadernofp/function-source.zip","generation":"1782454266934733"}},"environmentVariables":{"GOOGLE_NODE_RUN_SCRIPTS":""},"dockerRepository":"projects/cuadernofp/locations/europe-west1/repositories/gcf-artifacts","sourceProvenance":{"resolvedStorageSource":{"bucket":"gcf-v2-sources-215337606799-europe-west1","object":"ssrcuadernofp/function-source.zip","generation":"1782452155275457"}},"dockerRegistry":"ARTIFACT_REGISTRY","serviceAccount":"projects/cuadernofp/serviceAccounts/215337606799-compute@developer.gserviceaccount.com","automaticUpdatePolicy":{}},"serviceConfig":{"service":"projects/cuadernofp/locations/europe-west1/services/ssrcuadernofp","timeoutSeconds":60,"environmentVariables":{"VERCEL_URL":"cuadernofp.web.app","__FIREBASE_FRAMEWORKS_ENTRY__":"next.js","FIREBASE_CONFIG":"{\"projectId\":\"cuadernofp\",\"storageBucket\":\"cuadernofp.firebasestorage.app\"}","GCLOUD_PROJECT":"cuadernofp","EVENTARC_CLOUD_EVENT_SOURCE":"projects/cuadernofp/locations/europe-west1/services/ssrcuadernofp","FUNCTION_TARGET":"ssrcuadernofp","LOG_EXECUTION_ID":"true"},"ingressSettings":"ALLOW_ALL","uri":"https://ssrcuadernofp-ksqnfs2byq-ew.a.run.app","serviceAccountEmail":"215337606799-compute@developer.gserviceaccount.com","availableMemory":"256Mi","allTrafficOnLatestRevision":true,"revision":"ssrcuadernofp-00153-quq","maxInstanceRequestConcurrency":80,"availableCpu":"1"},"state":"ACTIVE","labels":{"deployment-tool":"cloudfunctions","firebase-functions-codebase":"firebase-frameworks-cuadernofp","firebase-functions-hash":"b15459f8079b50e6c0b98a8c8d8a642e1c5e3349"},"environment":"GEN_2","url":"https://europe-west1-cuadernofp.cloudfunctions.net/ssrcuadernofp","satisfiesPzi":true},"stages":[{"name":"BUILD","message":"Build in progress","state":"IN_PROGRESS","resource":"projects/215337606799/locations/europe-west1/builds/58bf731c-622e-4a0c-a3e0-fc4ec59141bb","resourceUri":"https://console.cloud.google.com/cloud-build/builds;region=europe-west1/58bf731c-622e-4a0c-a3e0-fc4ec59141bb?project=215337606799"},{"name":"SERVICE","state":"NOT_STARTED"}],"operationType":"UPDATE_FUNCTION","buildName":"projects/215337606799/locations/europe-west1/builds/58bf731c-622e-4a0c-a3e0-fc4ec59141bb"},"done":false}
[debug] [2026-06-26T06:18:12.395Z] [update-firebase-frameworks-cuadernofp-europe-west1-ssrcuadernofp] Retrying task index 0
[debug] [2026-06-26T06:18:12.397Z] No OAuth tokens found
[debug] [2026-06-26T06:18:12.397Z] >>> [apiv2][query] GET https://cloudfunctions.googleapis.com/v2/projects/cuadernofp/locations/europe-west1/operations/operation-1782454265717-65521f95624b2-08e2b7e2-a6e49692 [none]
[debug] [2026-06-26T06:18:12.944Z] <<< [apiv2][status] GET https://cloudfunctions.googleapis.com/v2/projects/cuadernofp/locations/europe-west1/operations/operation-1782454265717-65521f95624b2-08e2b7e2-a6e49692 200
[debug] [2026-06-26T06:18:12.944Z] <<< [apiv2][body] GET https://cloudfunctions.googleapis.com/v2/projects/cuadernofp/locations/europe-west1/operations/operation-1782454265717-65521f95624b2-08e2b7e2-a6e49692 {"name":"projects/cuadernofp/locations/europe-west1/operations/operation-1782454265717-65521f95624b2-08e2b7e2-a6e49692","metadata":{"@type":"type.googleapis.com/google.cloud.functions.v2.OperationMetadata","createTime":"2026-06-26T06:11:06.992971693Z","target":"projects/cuadernofp/locations/europe-west1/functions/ssrcuadernofp","verb":"update","cancelRequested":false,"apiVersion":"v2","requestResource":{"@type":"type.googleapis.com/google.cloud.functions.v2.Function","name":"projects/cuadernofp/locations/europe-west1/functions/ssrcuadernofp","buildConfig":{"runtime":"nodejs24","entryPoint":"ssrcuadernofp","source":{"storageSource":{"bucket":"gcf-v2-sources-215337606799-europe-west1","object":"ssrcuadernofp/function-source.zip","generation":"1782454266934733"}},"environmentVariables":{"GOOGLE_NODE_RUN_SCRIPTS":""},"dockerRepository":"projects/cuadernofp/locations/europe-west1/repositories/gcf-artifacts","sourceProvenance":{"resolvedStorageSource":{"bucket":"gcf-v2-sources-215337606799-europe-west1","object":"ssrcuadernofp/function-source.zip","generation":"1782452155275457"}},"dockerRegistry":"ARTIFACT_REGISTRY","serviceAccount":"projects/cuadernofp/serviceAccounts/215337606799-compute@developer.gserviceaccount.com","automaticUpdatePolicy":{}},"serviceConfig":{"service":"projects/cuadernofp/locations/europe-west1/services/ssrcuadernofp","timeoutSeconds":60,"environmentVariables":{"VERCEL_URL":"cuadernofp.web.app","__FIREBASE_FRAMEWORKS_ENTRY__":"next.js","FIREBASE_CONFIG":"{\"projectId\":\"cuadernofp\",\"storageBucket\":\"cuadernofp.firebasestorage.app\"}","GCLOUD_PROJECT":"cuadernofp","EVENTARC_CLOUD_EVENT_SOURCE":"projects/cuadernofp/locations/europe-west1/services/ssrcuadernofp","FUNCTION_TARGET":"ssrcuadernofp","LOG_EXECUTION_ID":"true"},"ingressSettings":"ALLOW_ALL","uri":"https://ssrcuadernofp-ksqnfs2byq-ew.a.run.app","serviceAccountEmail":"215337606799-compute@developer.gserviceaccount.com","availableMemory":"256Mi","allTrafficOnLatestRevision":true,"revision":"ssrcuadernofp-00153-quq","maxInstanceRequestConcurrency":80,"availableCpu":"1"},"state":"ACTIVE","labels":{"deployment-tool":"cloudfunctions","firebase-functions-codebase":"firebase-frameworks-cuadernofp","firebase-functions-hash":"b15459f8079b50e6c0b98a8c8d8a642e1c5e3349"},"environment":"GEN_2","url":"https://europe-west1-cuadernofp.cloudfunctions.net/ssrcuadernofp","satisfiesPzi":true},"stages":[{"name":"BUILD","message":"Build in progress","state":"IN_PROGRESS","resource":"projects/215337606799/locations/europe-west1/builds/58bf731c-622e-4a0c-a3e0-fc4ec59141bb","resourceUri":"https://console.cloud.google.com/cloud-build/builds;region=europe-west1/58bf731c-622e-4a0c-a3e0-fc4ec59141bb?project=215337606799"},{"name":"SERVICE","state":"NOT_STARTED"}],"operationType":"UPDATE_FUNCTION","buildName":"projects/215337606799/locations/europe-west1/builds/58bf731c-622e-4a0c-a3e0-fc4ec59141bb"},"done":false}
[debug] [2026-06-26T06:18:22.956Z] [update-firebase-frameworks-cuadernofp-europe-west1-ssrcuadernofp] Retrying task index 0
[debug] [2026-06-26T06:18:22.957Z] No OAuth tokens found
[debug] [2026-06-26T06:18:22.957Z] >>> [apiv2][query] GET https://cloudfunctions.googleapis.com/v2/projects/cuadernofp/locations/europe-west1/operations/operation-1782454265717-65521f95624b2-08e2b7e2-a6e49692 [none]
[debug] [2026-06-26T06:18:23.596Z] <<< [apiv2][status] GET https://cloudfunctions.googleapis.com/v2/projects/cuadernofp/locations/europe-west1/operations/operation-1782454265717-65521f95624b2-08e2b7e2-a6e49692 200
[debug] [2026-06-26T06:18:23.596Z] <<< [apiv2][body] GET https://cloudfunctions.googleapis.com/v2/projects/cuadernofp/locations/europe-west1/operations/operation-1782454265717-65521f95624b2-08e2b7e2-a6e49692 {"name":"projects/cuadernofp/locations/europe-west1/operations/operation-1782454265717-65521f95624b2-08e2b7e2-a6e49692","metadata":{"@type":"type.googleapis.com/google.cloud.functions.v2.OperationMetadata","createTime":"2026-06-26T06:11:06.992971693Z","target":"projects/cuadernofp/locations/europe-west1/functions/ssrcuadernofp","verb":"update","cancelRequested":false,"apiVersion":"v2","requestResource":{"@type":"type.googleapis.com/google.cloud.functions.v2.Function","name":"projects/cuadernofp/locations/europe-west1/functions/ssrcuadernofp","buildConfig":{"runtime":"nodejs24","entryPoint":"ssrcuadernofp","source":{"storageSource":{"bucket":"gcf-v2-sources-215337606799-europe-west1","object":"ssrcuadernofp/function-source.zip","generation":"1782454266934733"}},"environmentVariables":{"GOOGLE_NODE_RUN_SCRIPTS":""},"dockerRepository":"projects/cuadernofp/locations/europe-west1/repositories/gcf-artifacts","sourceProvenance":{"resolvedStorageSource":{"bucket":"gcf-v2-sources-215337606799-europe-west1","object":"ssrcuadernofp/function-source.zip","generation":"1782452155275457"}},"dockerRegistry":"ARTIFACT_REGISTRY","serviceAccount":"projects/cuadernofp/serviceAccounts/215337606799-compute@developer.gserviceaccount.com","automaticUpdatePolicy":{}},"serviceConfig":{"service":"projects/cuadernofp/locations/europe-west1/services/ssrcuadernofp","timeoutSeconds":60,"environmentVariables":{"VERCEL_URL":"cuadernofp.web.app","__FIREBASE_FRAMEWORKS_ENTRY__":"next.js","FIREBASE_CONFIG":"{\"projectId\":\"cuadernofp\",\"storageBucket\":\"cuadernofp.firebasestorage.app\"}","GCLOUD_PROJECT":"cuadernofp","EVENTARC_CLOUD_EVENT_SOURCE":"projects/cuadernofp/locations/europe-west1/services/ssrcuadernofp","FUNCTION_TARGET":"ssrcuadernofp","LOG_EXECUTION_ID":"true"},"ingressSettings":"ALLOW_ALL","uri":"https://ssrcuadernofp-ksqnfs2byq-ew.a.run.app","serviceAccountEmail":"215337606799-compute@developer.gserviceaccount.com","availableMemory":"256Mi","allTrafficOnLatestRevision":true,"revision":"ssrcuadernofp-00153-quq","maxInstanceRequestConcurrency":80,"availableCpu":"1"},"state":"ACTIVE","labels":{"deployment-tool":"cloudfunctions","firebase-functions-codebase":"firebase-frameworks-cuadernofp","firebase-functions-hash":"b15459f8079b50e6c0b98a8c8d8a642e1c5e3349"},"environment":"GEN_2","url":"https://europe-west1-cuadernofp.cloudfunctions.net/ssrcuadernofp","satisfiesPzi":true},"stages":[{"name":"BUILD","message":"Build in progress","state":"IN_PROGRESS","resource":"projects/215337606799/locations/europe-west1/builds/58bf731c-622e-4a0c-a3e0-fc4ec59141bb","resourceUri":"https://console.cloud.google.com/cloud-build/builds;region=europe-west1/58bf731c-622e-4a0c-a3e0-fc4ec59141bb?project=215337606799"},{"name":"SERVICE","state":"NOT_STARTED"}],"operationType":"UPDATE_FUNCTION","buildName":"projects/215337606799/locations/europe-west1/builds/58bf731c-622e-4a0c-a3e0-fc4ec59141bb"},"done":false}
[debug] [2026-06-26T06:18:33.600Z] [update-firebase-frameworks-cuadernofp-europe-west1-ssrcuadernofp] Retrying task index 0
[debug] [2026-06-26T06:18:33.608Z] No OAuth tokens found
[debug] [2026-06-26T06:18:33.608Z] >>> [apiv2][query] GET https://cloudfunctions.googleapis.com/v2/projects/cuadernofp/locations/europe-west1/operations/operation-1782454265717-65521f95624b2-08e2b7e2-a6e49692 [none]
[debug] [2026-06-26T06:18:33.807Z] <<< [apiv2][status] GET https://cloudfunctions.googleapis.com/v2/projects/cuadernofp/locations/europe-west1/operations/operation-1782454265717-65521f95624b2-08e2b7e2-a6e49692 200
[debug] [2026-06-26T06:18:33.807Z] <<< [apiv2][body] GET https://cloudfunctions.googleapis.com/v2/projects/cuadernofp/locations/europe-west1/operations/operation-1782454265717-65521f95624b2-08e2b7e2-a6e49692 {"name":"projects/cuadernofp/locations/europe-west1/operations/operation-1782454265717-65521f95624b2-08e2b7e2-a6e49692","metadata":{"@type":"type.googleapis.com/google.cloud.functions.v2.OperationMetadata","createTime":"2026-06-26T06:11:06.992971693Z","target":"projects/cuadernofp/locations/europe-west1/functions/ssrcuadernofp","verb":"update","cancelRequested":false,"apiVersion":"v2","requestResource":{"@type":"type.googleapis.com/google.cloud.functions.v2.Function","name":"projects/cuadernofp/locations/europe-west1/functions/ssrcuadernofp","buildConfig":{"runtime":"nodejs24","entryPoint":"ssrcuadernofp","source":{"storageSource":{"bucket":"gcf-v2-sources-215337606799-europe-west1","object":"ssrcuadernofp/function-source.zip","generation":"1782454266934733"}},"environmentVariables":{"GOOGLE_NODE_RUN_SCRIPTS":""},"dockerRepository":"projects/cuadernofp/locations/europe-west1/repositories/gcf-artifacts","sourceProvenance":{"resolvedStorageSource":{"bucket":"gcf-v2-sources-215337606799-europe-west1","object":"ssrcuadernofp/function-source.zip","generation":"1782452155275457"}},"dockerRegistry":"ARTIFACT_REGISTRY","serviceAccount":"projects/cuadernofp/serviceAccounts/215337606799-compute@developer.gserviceaccount.com","automaticUpdatePolicy":{}},"serviceConfig":{"service":"projects/cuadernofp/locations/europe-west1/services/ssrcuadernofp","timeoutSeconds":60,"environmentVariables":{"VERCEL_URL":"cuadernofp.web.app","__FIREBASE_FRAMEWORKS_ENTRY__":"next.js","FIREBASE_CONFIG":"{\"projectId\":\"cuadernofp\",\"storageBucket\":\"cuadernofp.firebasestorage.app\"}","GCLOUD_PROJECT":"cuadernofp","EVENTARC_CLOUD_EVENT_SOURCE":"projects/cuadernofp/locations/europe-west1/services/ssrcuadernofp","FUNCTION_TARGET":"ssrcuadernofp","LOG_EXECUTION_ID":"true"},"ingressSettings":"ALLOW_ALL","uri":"https://ssrcuadernofp-ksqnfs2byq-ew.a.run.app","serviceAccountEmail":"215337606799-compute@developer.gserviceaccount.com","availableMemory":"256Mi","allTrafficOnLatestRevision":true,"revision":"ssrcuadernofp-00153-quq","maxInstanceRequestConcurrency":80,"availableCpu":"1"},"state":"ACTIVE","labels":{"deployment-tool":"cloudfunctions","firebase-functions-codebase":"firebase-frameworks-cuadernofp","firebase-functions-hash":"b15459f8079b50e6c0b98a8c8d8a642e1c5e3349"},"environment":"GEN_2","url":"https://europe-west1-cuadernofp.cloudfunctions.net/ssrcuadernofp","satisfiesPzi":true},"stages":[{"name":"BUILD","message":"Build in progress","state":"IN_PROGRESS","resource":"projects/215337606799/locations/europe-west1/builds/58bf731c-622e-4a0c-a3e0-fc4ec59141bb","resourceUri":"https://console.cloud.google.com/cloud-build/builds;region=europe-west1/58bf731c-622e-4a0c-a3e0-fc4ec59141bb?project=215337606799"},{"name":"SERVICE","state":"NOT_STARTED"}],"operationType":"UPDATE_FUNCTION","buildName":"projects/215337606799/locations/europe-west1/builds/58bf731c-622e-4a0c-a3e0-fc4ec59141bb"},"done":false}
[debug] [2026-06-26T06:18:43.807Z] [update-firebase-frameworks-cuadernofp-europe-west1-ssrcuadernofp] Retrying task index 0
[debug] [2026-06-26T06:18:43.810Z] No OAuth tokens found
[debug] [2026-06-26T06:18:43.810Z] >>> [apiv2][query] GET https://cloudfunctions.googleapis.com/v2/projects/cuadernofp/locations/europe-west1/operations/operation-1782454265717-65521f95624b2-08e2b7e2-a6e49692 [none]
[debug] [2026-06-26T06:18:44.329Z] <<< [apiv2][status] GET https://cloudfunctions.googleapis.com/v2/projects/cuadernofp/locations/europe-west1/operations/operation-1782454265717-65521f95624b2-08e2b7e2-a6e49692 200
[debug] [2026-06-26T06:18:44.329Z] <<< [apiv2][body] GET https://cloudfunctions.googleapis.com/v2/projects/cuadernofp/locations/europe-west1/operations/operation-1782454265717-65521f95624b2-08e2b7e2-a6e49692 {"name":"projects/cuadernofp/locations/europe-west1/operations/operation-1782454265717-65521f95624b2-08e2b7e2-a6e49692","metadata":{"@type":"type.googleapis.com/google.cloud.functions.v2.OperationMetadata","createTime":"2026-06-26T06:11:06.992971693Z","target":"projects/cuadernofp/locations/europe-west1/functions/ssrcuadernofp","verb":"update","cancelRequested":false,"apiVersion":"v2","requestResource":{"@type":"type.googleapis.com/google.cloud.functions.v2.Function","name":"projects/cuadernofp/locations/europe-west1/functions/ssrcuadernofp","buildConfig":{"runtime":"nodejs24","entryPoint":"ssrcuadernofp","source":{"storageSource":{"bucket":"gcf-v2-sources-215337606799-europe-west1","object":"ssrcuadernofp/function-source.zip","generation":"1782454266934733"}},"environmentVariables":{"GOOGLE_NODE_RUN_SCRIPTS":""},"dockerRepository":"projects/cuadernofp/locations/europe-west1/repositories/gcf-artifacts","sourceProvenance":{"resolvedStorageSource":{"bucket":"gcf-v2-sources-215337606799-europe-west1","object":"ssrcuadernofp/function-source.zip","generation":"1782452155275457"}},"dockerRegistry":"ARTIFACT_REGISTRY","serviceAccount":"projects/cuadernofp/serviceAccounts/215337606799-compute@developer.gserviceaccount.com","automaticUpdatePolicy":{}},"serviceConfig":{"service":"projects/cuadernofp/locations/europe-west1/services/ssrcuadernofp","timeoutSeconds":60,"environmentVariables":{"VERCEL_URL":"cuadernofp.web.app","__FIREBASE_FRAMEWORKS_ENTRY__":"next.js","FIREBASE_CONFIG":"{\"projectId\":\"cuadernofp\",\"storageBucket\":\"cuadernofp.firebasestorage.app\"}","GCLOUD_PROJECT":"cuadernofp","EVENTARC_CLOUD_EVENT_SOURCE":"projects/cuadernofp/locations/europe-west1/services/ssrcuadernofp","FUNCTION_TARGET":"ssrcuadernofp","LOG_EXECUTION_ID":"true"},"ingressSettings":"ALLOW_ALL","uri":"https://ssrcuadernofp-ksqnfs2byq-ew.a.run.app","serviceAccountEmail":"215337606799-compute@developer.gserviceaccount.com","availableMemory":"256Mi","allTrafficOnLatestRevision":true,"revision":"ssrcuadernofp-00153-quq","maxInstanceRequestConcurrency":80,"availableCpu":"1"},"state":"ACTIVE","labels":{"deployment-tool":"cloudfunctions","firebase-functions-codebase":"firebase-frameworks-cuadernofp","firebase-functions-hash":"b15459f8079b50e6c0b98a8c8d8a642e1c5e3349"},"environment":"GEN_2","url":"https://europe-west1-cuadernofp.cloudfunctions.net/ssrcuadernofp","satisfiesPzi":true},"stages":[{"name":"BUILD","message":"Build in progress","state":"IN_PROGRESS","resource":"projects/215337606799/locations/europe-west1/builds/58bf731c-622e-4a0c-a3e0-fc4ec59141bb","resourceUri":"https://console.cloud.google.com/cloud-build/builds;region=europe-west1/58bf731c-622e-4a0c-a3e0-fc4ec59141bb?project=215337606799"},{"name":"SERVICE","state":"NOT_STARTED"}],"operationType":"UPDATE_FUNCTION","buildName":"projects/215337606799/locations/europe-west1/builds/58bf731c-622e-4a0c-a3e0-fc4ec59141bb"},"done":false}
[debug] [2026-06-26T06:18:54.340Z] [update-firebase-frameworks-cuadernofp-europe-west1-ssrcuadernofp] Retrying task index 0
[debug] [2026-06-26T06:18:54.341Z] No OAuth tokens found
[debug] [2026-06-26T06:18:54.341Z] >>> [apiv2][query] GET https://cloudfunctions.googleapis.com/v2/projects/cuadernofp/locations/europe-west1/operations/operation-1782454265717-65521f95624b2-08e2b7e2-a6e49692 [none]
[debug] [2026-06-26T06:18:54.829Z] <<< [apiv2][status] GET https://cloudfunctions.googleapis.com/v2/projects/cuadernofp/locations/europe-west1/operations/operation-1782454265717-65521f95624b2-08e2b7e2-a6e49692 200
[debug] [2026-06-26T06:18:54.829Z] <<< [apiv2][body] GET https://cloudfunctions.googleapis.com/v2/projects/cuadernofp/locations/europe-west1/operations/operation-1782454265717-65521f95624b2-08e2b7e2-a6e49692 {"name":"projects/cuadernofp/locations/europe-west1/operations/operation-1782454265717-65521f95624b2-08e2b7e2-a6e49692","metadata":{"@type":"type.googleapis.com/google.cloud.functions.v2.OperationMetadata","createTime":"2026-06-26T06:11:06.992971693Z","target":"projects/cuadernofp/locations/europe-west1/functions/ssrcuadernofp","verb":"update","cancelRequested":false,"apiVersion":"v2","requestResource":{"@type":"type.googleapis.com/google.cloud.functions.v2.Function","name":"projects/cuadernofp/locations/europe-west1/functions/ssrcuadernofp","buildConfig":{"runtime":"nodejs24","entryPoint":"ssrcuadernofp","source":{"storageSource":{"bucket":"gcf-v2-sources-215337606799-europe-west1","object":"ssrcuadernofp/function-source.zip","generation":"1782454266934733"}},"environmentVariables":{"GOOGLE_NODE_RUN_SCRIPTS":""},"dockerRepository":"projects/cuadernofp/locations/europe-west1/repositories/gcf-artifacts","sourceProvenance":{"resolvedStorageSource":{"bucket":"gcf-v2-sources-215337606799-europe-west1","object":"ssrcuadernofp/function-source.zip","generation":"1782452155275457"}},"dockerRegistry":"ARTIFACT_REGISTRY","serviceAccount":"projects/cuadernofp/serviceAccounts/215337606799-compute@developer.gserviceaccount.com","automaticUpdatePolicy":{}},"serviceConfig":{"service":"projects/cuadernofp/locations/europe-west1/services/ssrcuadernofp","timeoutSeconds":60,"environmentVariables":{"VERCEL_URL":"cuadernofp.web.app","__FIREBASE_FRAMEWORKS_ENTRY__":"next.js","FIREBASE_CONFIG":"{\"projectId\":\"cuadernofp\",\"storageBucket\":\"cuadernofp.firebasestorage.app\"}","GCLOUD_PROJECT":"cuadernofp","EVENTARC_CLOUD_EVENT_SOURCE":"projects/cuadernofp/locations/europe-west1/services/ssrcuadernofp","FUNCTION_TARGET":"ssrcuadernofp","LOG_EXECUTION_ID":"true"},"ingressSettings":"ALLOW_ALL","uri":"https://ssrcuadernofp-ksqnfs2byq-ew.a.run.app","serviceAccountEmail":"215337606799-compute@developer.gserviceaccount.com","availableMemory":"256Mi","allTrafficOnLatestRevision":true,"revision":"ssrcuadernofp-00153-quq","maxInstanceRequestConcurrency":80,"availableCpu":"1"},"state":"ACTIVE","labels":{"deployment-tool":"cloudfunctions","firebase-functions-codebase":"firebase-frameworks-cuadernofp","firebase-functions-hash":"b15459f8079b50e6c0b98a8c8d8a642e1c5e3349"},"environment":"GEN_2","url":"https://europe-west1-cuadernofp.cloudfunctions.net/ssrcuadernofp","satisfiesPzi":true},"stages":[{"name":"BUILD","message":"Build in progress","state":"IN_PROGRESS","resource":"projects/215337606799/locations/europe-west1/builds/58bf731c-622e-4a0c-a3e0-fc4ec59141bb","resourceUri":"https://console.cloud.google.com/cloud-build/builds;region=europe-west1/58bf731c-622e-4a0c-a3e0-fc4ec59141bb?project=215337606799"},{"name":"SERVICE","state":"NOT_STARTED"}],"operationType":"UPDATE_FUNCTION","buildName":"projects/215337606799/locations/europe-west1/builds/58bf731c-622e-4a0c-a3e0-fc4ec59141bb"},"done":false}
[debug] [2026-06-26T06:19:04.839Z] [update-firebase-frameworks-cuadernofp-europe-west1-ssrcuadernofp] Retrying task index 0
[debug] [2026-06-26T06:19:04.841Z] No OAuth tokens found
[debug] [2026-06-26T06:19:04.841Z] >>> [apiv2][query] GET https://cloudfunctions.googleapis.com/v2/projects/cuadernofp/locations/europe-west1/operations/operation-1782454265717-65521f95624b2-08e2b7e2-a6e49692 [none]
[debug] [2026-06-26T06:19:05.508Z] <<< [apiv2][status] GET https://cloudfunctions.googleapis.com/v2/projects/cuadernofp/locations/europe-west1/operations/operation-1782454265717-65521f95624b2-08e2b7e2-a6e49692 200
[debug] [2026-06-26T06:19:05.509Z] <<< [apiv2][body] GET https://cloudfunctions.googleapis.com/v2/projects/cuadernofp/locations/europe-west1/operations/operation-1782454265717-65521f95624b2-08e2b7e2-a6e49692 {"name":"projects/cuadernofp/locations/europe-west1/operations/operation-1782454265717-65521f95624b2-08e2b7e2-a6e49692","metadata":{"@type":"type.googleapis.com/google.cloud.functions.v2.OperationMetadata","createTime":"2026-06-26T06:11:06.992971693Z","target":"projects/cuadernofp/locations/europe-west1/functions/ssrcuadernofp","verb":"update","cancelRequested":false,"apiVersion":"v2","requestResource":{"@type":"type.googleapis.com/google.cloud.functions.v2.Function","name":"projects/cuadernofp/locations/europe-west1/functions/ssrcuadernofp","buildConfig":{"runtime":"nodejs24","entryPoint":"ssrcuadernofp","source":{"storageSource":{"bucket":"gcf-v2-sources-215337606799-europe-west1","object":"ssrcuadernofp/function-source.zip","generation":"1782454266934733"}},"environmentVariables":{"GOOGLE_NODE_RUN_SCRIPTS":""},"dockerRepository":"projects/cuadernofp/locations/europe-west1/repositories/gcf-artifacts","sourceProvenance":{"resolvedStorageSource":{"bucket":"gcf-v2-sources-215337606799-europe-west1","object":"ssrcuadernofp/function-source.zip","generation":"1782452155275457"}},"dockerRegistry":"ARTIFACT_REGISTRY","serviceAccount":"projects/cuadernofp/serviceAccounts/215337606799-compute@developer.gserviceaccount.com","automaticUpdatePolicy":{}},"serviceConfig":{"service":"projects/cuadernofp/locations/europe-west1/services/ssrcuadernofp","timeoutSeconds":60,"environmentVariables":{"VERCEL_URL":"cuadernofp.web.app","__FIREBASE_FRAMEWORKS_ENTRY__":"next.js","FIREBASE_CONFIG":"{\"projectId\":\"cuadernofp\",\"storageBucket\":\"cuadernofp.firebasestorage.app\"}","GCLOUD_PROJECT":"cuadernofp","EVENTARC_CLOUD_EVENT_SOURCE":"projects/cuadernofp/locations/europe-west1/services/ssrcuadernofp","FUNCTION_TARGET":"ssrcuadernofp","LOG_EXECUTION_ID":"true"},"ingressSettings":"ALLOW_ALL","uri":"https://ssrcuadernofp-ksqnfs2byq-ew.a.run.app","serviceAccountEmail":"215337606799-compute@developer.gserviceaccount.com","availableMemory":"256Mi","allTrafficOnLatestRevision":true,"revision":"ssrcuadernofp-00153-quq","maxInstanceRequestConcurrency":80,"availableCpu":"1"},"state":"ACTIVE","labels":{"deployment-tool":"cloudfunctions","firebase-functions-codebase":"firebase-frameworks-cuadernofp","firebase-functions-hash":"b15459f8079b50e6c0b98a8c8d8a642e1c5e3349"},"environment":"GEN_2","url":"https://europe-west1-cuadernofp.cloudfunctions.net/ssrcuadernofp","satisfiesPzi":true},"stages":[{"name":"BUILD","message":"Build in progress","state":"IN_PROGRESS","resource":"projects/215337606799/locations/europe-west1/builds/58bf731c-622e-4a0c-a3e0-fc4ec59141bb","resourceUri":"https://console.cloud.google.com/cloud-build/builds;region=europe-west1/58bf731c-622e-4a0c-a3e0-fc4ec59141bb?project=215337606799"},{"name":"SERVICE","state":"NOT_STARTED"}],"operationType":"UPDATE_FUNCTION","buildName":"projects/215337606799/locations/europe-west1/builds/58bf731c-622e-4a0c-a3e0-fc4ec59141bb"},"done":false}
[debug] [2026-06-26T06:19:15.511Z] [update-firebase-frameworks-cuadernofp-europe-west1-ssrcuadernofp] Retrying task index 0
[debug] [2026-06-26T06:19:15.513Z] No OAuth tokens found
[debug] [2026-06-26T06:19:15.513Z] >>> [apiv2][query] GET https://cloudfunctions.googleapis.com/v2/projects/cuadernofp/locations/europe-west1/operations/operation-1782454265717-65521f95624b2-08e2b7e2-a6e49692 [none]
[debug] [2026-06-26T06:19:16.069Z] <<< [apiv2][status] GET https://cloudfunctions.googleapis.com/v2/projects/cuadernofp/locations/europe-west1/operations/operation-1782454265717-65521f95624b2-08e2b7e2-a6e49692 200
[debug] [2026-06-26T06:19:16.069Z] <<< [apiv2][body] GET https://cloudfunctions.googleapis.com/v2/projects/cuadernofp/locations/europe-west1/operations/operation-1782454265717-65521f95624b2-08e2b7e2-a6e49692 {"name":"projects/cuadernofp/locations/europe-west1/operations/operation-1782454265717-65521f95624b2-08e2b7e2-a6e49692","metadata":{"@type":"type.googleapis.com/google.cloud.functions.v2.OperationMetadata","createTime":"2026-06-26T06:11:06.992971693Z","target":"projects/cuadernofp/locations/europe-west1/functions/ssrcuadernofp","verb":"update","cancelRequested":false,"apiVersion":"v2","requestResource":{"@type":"type.googleapis.com/google.cloud.functions.v2.Function","name":"projects/cuadernofp/locations/europe-west1/functions/ssrcuadernofp","buildConfig":{"runtime":"nodejs24","entryPoint":"ssrcuadernofp","source":{"storageSource":{"bucket":"gcf-v2-sources-215337606799-europe-west1","object":"ssrcuadernofp/function-source.zip","generation":"1782454266934733"}},"environmentVariables":{"GOOGLE_NODE_RUN_SCRIPTS":""},"dockerRepository":"projects/cuadernofp/locations/europe-west1/repositories/gcf-artifacts","sourceProvenance":{"resolvedStorageSource":{"bucket":"gcf-v2-sources-215337606799-europe-west1","object":"ssrcuadernofp/function-source.zip","generation":"1782452155275457"}},"dockerRegistry":"ARTIFACT_REGISTRY","serviceAccount":"projects/cuadernofp/serviceAccounts/215337606799-compute@developer.gserviceaccount.com","automaticUpdatePolicy":{}},"serviceConfig":{"service":"projects/cuadernofp/locations/europe-west1/services/ssrcuadernofp","timeoutSeconds":60,"environmentVariables":{"VERCEL_URL":"cuadernofp.web.app","__FIREBASE_FRAMEWORKS_ENTRY__":"next.js","FIREBASE_CONFIG":"{\"projectId\":\"cuadernofp\",\"storageBucket\":\"cuadernofp.firebasestorage.app\"}","GCLOUD_PROJECT":"cuadernofp","EVENTARC_CLOUD_EVENT_SOURCE":"projects/cuadernofp/locations/europe-west1/services/ssrcuadernofp","FUNCTION_TARGET":"ssrcuadernofp","LOG_EXECUTION_ID":"true"},"ingressSettings":"ALLOW_ALL","uri":"https://ssrcuadernofp-ksqnfs2byq-ew.a.run.app","serviceAccountEmail":"215337606799-compute@developer.gserviceaccount.com","availableMemory":"256Mi","allTrafficOnLatestRevision":true,"revision":"ssrcuadernofp-00153-quq","maxInstanceRequestConcurrency":80,"availableCpu":"1"},"state":"ACTIVE","labels":{"deployment-tool":"cloudfunctions","firebase-functions-codebase":"firebase-frameworks-cuadernofp","firebase-functions-hash":"b15459f8079b50e6c0b98a8c8d8a642e1c5e3349"},"environment":"GEN_2","url":"https://europe-west1-cuadernofp.cloudfunctions.net/ssrcuadernofp","satisfiesPzi":true},"stages":[{"name":"BUILD","message":"Build in progress","state":"IN_PROGRESS","resource":"projects/215337606799/locations/europe-west1/builds/58bf731c-622e-4a0c-a3e0-fc4ec59141bb","resourceUri":"https://console.cloud.google.com/cloud-build/builds;region=europe-west1/58bf731c-622e-4a0c-a3e0-fc4ec59141bb?project=215337606799"},{"name":"SERVICE","state":"NOT_STARTED"}],"operationType":"UPDATE_FUNCTION","buildName":"projects/215337606799/locations/europe-west1/builds/58bf731c-622e-4a0c-a3e0-fc4ec59141bb"},"done":false}
[debug] [2026-06-26T06:19:26.082Z] [update-firebase-frameworks-cuadernofp-europe-west1-ssrcuadernofp] Retrying task index 0
[debug] [2026-06-26T06:19:26.084Z] No OAuth tokens found
[debug] [2026-06-26T06:19:26.084Z] >>> [apiv2][query] GET https://cloudfunctions.googleapis.com/v2/projects/cuadernofp/locations/europe-west1/operations/operation-1782454265717-65521f95624b2-08e2b7e2-a6e49692 [none]
[debug] [2026-06-26T06:19:26.204Z] <<< [apiv2][status] GET https://cloudfunctions.googleapis.com/v2/projects/cuadernofp/locations/europe-west1/operations/operation-1782454265717-65521f95624b2-08e2b7e2-a6e49692 200
[debug] [2026-06-26T06:19:26.205Z] <<< [apiv2][body] GET https://cloudfunctions.googleapis.com/v2/projects/cuadernofp/locations/europe-west1/operations/operation-1782454265717-65521f95624b2-08e2b7e2-a6e49692 {"name":"projects/cuadernofp/locations/europe-west1/operations/operation-1782454265717-65521f95624b2-08e2b7e2-a6e49692","metadata":{"@type":"type.googleapis.com/google.cloud.functions.v2.OperationMetadata","createTime":"2026-06-26T06:11:06.992971693Z","target":"projects/cuadernofp/locations/europe-west1/functions/ssrcuadernofp","verb":"update","cancelRequested":false,"apiVersion":"v2","requestResource":{"@type":"type.googleapis.com/google.cloud.functions.v2.Function","name":"projects/cuadernofp/locations/europe-west1/functions/ssrcuadernofp","buildConfig":{"runtime":"nodejs24","entryPoint":"ssrcuadernofp","source":{"storageSource":{"bucket":"gcf-v2-sources-215337606799-europe-west1","object":"ssrcuadernofp/function-source.zip","generation":"1782454266934733"}},"environmentVariables":{"GOOGLE_NODE_RUN_SCRIPTS":""},"dockerRepository":"projects/cuadernofp/locations/europe-west1/repositories/gcf-artifacts","sourceProvenance":{"resolvedStorageSource":{"bucket":"gcf-v2-sources-215337606799-europe-west1","object":"ssrcuadernofp/function-source.zip","generation":"1782452155275457"}},"dockerRegistry":"ARTIFACT_REGISTRY","serviceAccount":"projects/cuadernofp/serviceAccounts/215337606799-compute@developer.gserviceaccount.com","automaticUpdatePolicy":{}},"serviceConfig":{"service":"projects/cuadernofp/locations/europe-west1/services/ssrcuadernofp","timeoutSeconds":60,"environmentVariables":{"VERCEL_URL":"cuadernofp.web.app","__FIREBASE_FRAMEWORKS_ENTRY__":"next.js","FIREBASE_CONFIG":"{\"projectId\":\"cuadernofp\",\"storageBucket\":\"cuadernofp.firebasestorage.app\"}","GCLOUD_PROJECT":"cuadernofp","EVENTARC_CLOUD_EVENT_SOURCE":"projects/cuadernofp/locations/europe-west1/services/ssrcuadernofp","FUNCTION_TARGET":"ssrcuadernofp","LOG_EXECUTION_ID":"true"},"ingressSettings":"ALLOW_ALL","uri":"https://ssrcuadernofp-ksqnfs2byq-ew.a.run.app","serviceAccountEmail":"215337606799-compute@developer.gserviceaccount.com","availableMemory":"256Mi","allTrafficOnLatestRevision":true,"revision":"ssrcuadernofp-00153-quq","maxInstanceRequestConcurrency":80,"availableCpu":"1"},"state":"ACTIVE","labels":{"deployment-tool":"cloudfunctions","firebase-functions-codebase":"firebase-frameworks-cuadernofp","firebase-functions-hash":"b15459f8079b50e6c0b98a8c8d8a642e1c5e3349"},"environment":"GEN_2","url":"https://europe-west1-cuadernofp.cloudfunctions.net/ssrcuadernofp","satisfiesPzi":true},"stages":[{"name":"BUILD","message":"Build in progress","state":"IN_PROGRESS","resource":"projects/215337606799/locations/europe-west1/builds/58bf731c-622e-4a0c-a3e0-fc4ec59141bb","resourceUri":"https://console.cloud.google.com/cloud-build/builds;region=europe-west1/58bf731c-622e-4a0c-a3e0-fc4ec59141bb?project=215337606799"},{"name":"SERVICE","state":"NOT_STARTED"}],"operationType":"UPDATE_FUNCTION","buildName":"projects/215337606799/locations/europe-west1/builds/58bf731c-622e-4a0c-a3e0-fc4ec59141bb"},"done":false}
[debug] [2026-06-26T06:19:36.209Z] [update-firebase-frameworks-cuadernofp-europe-west1-ssrcuadernofp] Retrying task index 0
[debug] [2026-06-26T06:19:36.211Z] No OAuth tokens found
[debug] [2026-06-26T06:19:36.211Z] >>> [apiv2][query] GET https://cloudfunctions.googleapis.com/v2/projects/cuadernofp/locations/europe-west1/operations/operation-1782454265717-65521f95624b2-08e2b7e2-a6e49692 [none]
[debug] [2026-06-26T06:19:36.379Z] <<< [apiv2][status] GET https://cloudfunctions.googleapis.com/v2/projects/cuadernofp/locations/europe-west1/operations/operation-1782454265717-65521f95624b2-08e2b7e2-a6e49692 200
[debug] [2026-06-26T06:19:36.379Z] <<< [apiv2][body] GET https://cloudfunctions.googleapis.com/v2/projects/cuadernofp/locations/europe-west1/operations/operation-1782454265717-65521f95624b2-08e2b7e2-a6e49692 {"name":"projects/cuadernofp/locations/europe-west1/operations/operation-1782454265717-65521f95624b2-08e2b7e2-a6e49692","metadata":{"@type":"type.googleapis.com/google.cloud.functions.v2.OperationMetadata","createTime":"2026-06-26T06:11:06.992971693Z","target":"projects/cuadernofp/locations/europe-west1/functions/ssrcuadernofp","verb":"update","cancelRequested":false,"apiVersion":"v2","requestResource":{"@type":"type.googleapis.com/google.cloud.functions.v2.Function","name":"projects/cuadernofp/locations/europe-west1/functions/ssrcuadernofp","buildConfig":{"runtime":"nodejs24","entryPoint":"ssrcuadernofp","source":{"storageSource":{"bucket":"gcf-v2-sources-215337606799-europe-west1","object":"ssrcuadernofp/function-source.zip","generation":"1782454266934733"}},"environmentVariables":{"GOOGLE_NODE_RUN_SCRIPTS":""},"dockerRepository":"projects/cuadernofp/locations/europe-west1/repositories/gcf-artifacts","sourceProvenance":{"resolvedStorageSource":{"bucket":"gcf-v2-sources-215337606799-europe-west1","object":"ssrcuadernofp/function-source.zip","generation":"1782452155275457"}},"dockerRegistry":"ARTIFACT_REGISTRY","serviceAccount":"projects/cuadernofp/serviceAccounts/215337606799-compute@developer.gserviceaccount.com","automaticUpdatePolicy":{}},"serviceConfig":{"service":"projects/cuadernofp/locations/europe-west1/services/ssrcuadernofp","timeoutSeconds":60,"environmentVariables":{"VERCEL_URL":"cuadernofp.web.app","__FIREBASE_FRAMEWORKS_ENTRY__":"next.js","FIREBASE_CONFIG":"{\"projectId\":\"cuadernofp\",\"storageBucket\":\"cuadernofp.firebasestorage.app\"}","GCLOUD_PROJECT":"cuadernofp","EVENTARC_CLOUD_EVENT_SOURCE":"projects/cuadernofp/locations/europe-west1/services/ssrcuadernofp","FUNCTION_TARGET":"ssrcuadernofp","LOG_EXECUTION_ID":"true"},"ingressSettings":"ALLOW_ALL","uri":"https://ssrcuadernofp-ksqnfs2byq-ew.a.run.app","serviceAccountEmail":"215337606799-compute@developer.gserviceaccount.com","availableMemory":"256Mi","allTrafficOnLatestRevision":true,"revision":"ssrcuadernofp-00153-quq","maxInstanceRequestConcurrency":80,"availableCpu":"1"},"state":"ACTIVE","labels":{"deployment-tool":"cloudfunctions","firebase-functions-codebase":"firebase-frameworks-cuadernofp","firebase-functions-hash":"b15459f8079b50e6c0b98a8c8d8a642e1c5e3349"},"environment":"GEN_2","url":"https://europe-west1-cuadernofp.cloudfunctions.net/ssrcuadernofp","satisfiesPzi":true},"stages":[{"name":"BUILD","message":"Build in progress","state":"IN_PROGRESS","resource":"projects/215337606799/locations/europe-west1/builds/58bf731c-622e-4a0c-a3e0-fc4ec59141bb","resourceUri":"https://console.cloud.google.com/cloud-build/builds;region=europe-west1/58bf731c-622e-4a0c-a3e0-fc4ec59141bb?project=215337606799"},{"name":"SERVICE","state":"NOT_STARTED"}],"operationType":"UPDATE_FUNCTION","buildName":"projects/215337606799/locations/europe-west1/builds/58bf731c-622e-4a0c-a3e0-fc4ec59141bb"},"done":false}
[debug] [2026-06-26T06:19:46.384Z] [update-firebase-frameworks-cuadernofp-europe-west1-ssrcuadernofp] Retrying task index 0
[debug] [2026-06-26T06:19:46.385Z] No OAuth tokens found
[debug] [2026-06-26T06:19:46.386Z] >>> [apiv2][query] GET https://cloudfunctions.googleapis.com/v2/projects/cuadernofp/locations/europe-west1/operations/operation-1782454265717-65521f95624b2-08e2b7e2-a6e49692 [none]
[debug] [2026-06-26T06:19:46.485Z] <<< [apiv2][status] GET https://cloudfunctions.googleapis.com/v2/projects/cuadernofp/locations/europe-west1/operations/operation-1782454265717-65521f95624b2-08e2b7e2-a6e49692 200
[debug] [2026-06-26T06:19:46.485Z] <<< [apiv2][body] GET https://cloudfunctions.googleapis.com/v2/projects/cuadernofp/locations/europe-west1/operations/operation-1782454265717-65521f95624b2-08e2b7e2-a6e49692 {"name":"projects/cuadernofp/locations/europe-west1/operations/operation-1782454265717-65521f95624b2-08e2b7e2-a6e49692","metadata":{"@type":"type.googleapis.com/google.cloud.functions.v2.OperationMetadata","createTime":"2026-06-26T06:11:06.992971693Z","target":"projects/cuadernofp/locations/europe-west1/functions/ssrcuadernofp","verb":"update","cancelRequested":false,"apiVersion":"v2","requestResource":{"@type":"type.googleapis.com/google.cloud.functions.v2.Function","name":"projects/cuadernofp/locations/europe-west1/functions/ssrcuadernofp","buildConfig":{"runtime":"nodejs24","entryPoint":"ssrcuadernofp","source":{"storageSource":{"bucket":"gcf-v2-sources-215337606799-europe-west1","object":"ssrcuadernofp/function-source.zip","generation":"1782454266934733"}},"environmentVariables":{"GOOGLE_NODE_RUN_SCRIPTS":""},"dockerRepository":"projects/cuadernofp/locations/europe-west1/repositories/gcf-artifacts","sourceProvenance":{"resolvedStorageSource":{"bucket":"gcf-v2-sources-215337606799-europe-west1","object":"ssrcuadernofp/function-source.zip","generation":"1782452155275457"}},"dockerRegistry":"ARTIFACT_REGISTRY","serviceAccount":"projects/cuadernofp/serviceAccounts/215337606799-compute@developer.gserviceaccount.com","automaticUpdatePolicy":{}},"serviceConfig":{"service":"projects/cuadernofp/locations/europe-west1/services/ssrcuadernofp","timeoutSeconds":60,"environmentVariables":{"VERCEL_URL":"cuadernofp.web.app","__FIREBASE_FRAMEWORKS_ENTRY__":"next.js","FIREBASE_CONFIG":"{\"projectId\":\"cuadernofp\",\"storageBucket\":\"cuadernofp.firebasestorage.app\"}","GCLOUD_PROJECT":"cuadernofp","EVENTARC_CLOUD_EVENT_SOURCE":"projects/cuadernofp/locations/europe-west1/services/ssrcuadernofp","FUNCTION_TARGET":"ssrcuadernofp","LOG_EXECUTION_ID":"true"},"ingressSettings":"ALLOW_ALL","uri":"https://ssrcuadernofp-ksqnfs2byq-ew.a.run.app","serviceAccountEmail":"215337606799-compute@developer.gserviceaccount.com","availableMemory":"256Mi","allTrafficOnLatestRevision":true,"revision":"ssrcuadernofp-00153-quq","maxInstanceRequestConcurrency":80,"availableCpu":"1"},"state":"ACTIVE","labels":{"deployment-tool":"cloudfunctions","firebase-functions-codebase":"firebase-frameworks-cuadernofp","firebase-functions-hash":"b15459f8079b50e6c0b98a8c8d8a642e1c5e3349"},"environment":"GEN_2","url":"https://europe-west1-cuadernofp.cloudfunctions.net/ssrcuadernofp","satisfiesPzi":true},"stages":[{"name":"BUILD","message":"Build in progress","state":"IN_PROGRESS","resource":"projects/215337606799/locations/europe-west1/builds/58bf731c-622e-4a0c-a3e0-fc4ec59141bb","resourceUri":"https://console.cloud.google.com/cloud-build/builds;region=europe-west1/58bf731c-622e-4a0c-a3e0-fc4ec59141bb?project=215337606799"},{"name":"SERVICE","state":"NOT_STARTED"}],"operationType":"UPDATE_FUNCTION","buildName":"projects/215337606799/locations/europe-west1/builds/58bf731c-622e-4a0c-a3e0-fc4ec59141bb"},"done":false}
[debug] [2026-06-26T06:19:56.499Z] [update-firebase-frameworks-cuadernofp-europe-west1-ssrcuadernofp] Retrying task index 0
[debug] [2026-06-26T06:19:56.500Z] No OAuth tokens found
[debug] [2026-06-26T06:19:56.501Z] >>> [apiv2][query] GET https://cloudfunctions.googleapis.com/v2/projects/cuadernofp/locations/europe-west1/operations/operation-1782454265717-65521f95624b2-08e2b7e2-a6e49692 [none]
[debug] [2026-06-26T06:19:57.088Z] <<< [apiv2][status] GET https://cloudfunctions.googleapis.com/v2/projects/cuadernofp/locations/europe-west1/operations/operation-1782454265717-65521f95624b2-08e2b7e2-a6e49692 200
[debug] [2026-06-26T06:19:57.088Z] <<< [apiv2][body] GET https://cloudfunctions.googleapis.com/v2/projects/cuadernofp/locations/europe-west1/operations/operation-1782454265717-65521f95624b2-08e2b7e2-a6e49692 {"name":"projects/cuadernofp/locations/europe-west1/operations/operation-1782454265717-65521f95624b2-08e2b7e2-a6e49692","metadata":{"@type":"type.googleapis.com/google.cloud.functions.v2.OperationMetadata","createTime":"2026-06-26T06:11:06.992971693Z","target":"projects/cuadernofp/locations/europe-west1/functions/ssrcuadernofp","verb":"update","cancelRequested":false,"apiVersion":"v2","requestResource":{"@type":"type.googleapis.com/google.cloud.functions.v2.Function","name":"projects/cuadernofp/locations/europe-west1/functions/ssrcuadernofp","buildConfig":{"runtime":"nodejs24","entryPoint":"ssrcuadernofp","source":{"storageSource":{"bucket":"gcf-v2-sources-215337606799-europe-west1","object":"ssrcuadernofp/function-source.zip","generation":"1782454266934733"}},"environmentVariables":{"GOOGLE_NODE_RUN_SCRIPTS":""},"dockerRepository":"projects/cuadernofp/locations/europe-west1/repositories/gcf-artifacts","sourceProvenance":{"resolvedStorageSource":{"bucket":"gcf-v2-sources-215337606799-europe-west1","object":"ssrcuadernofp/function-source.zip","generation":"1782452155275457"}},"dockerRegistry":"ARTIFACT_REGISTRY","serviceAccount":"projects/cuadernofp/serviceAccounts/215337606799-compute@developer.gserviceaccount.com","automaticUpdatePolicy":{}},"serviceConfig":{"service":"projects/cuadernofp/locations/europe-west1/services/ssrcuadernofp","timeoutSeconds":60,"environmentVariables":{"VERCEL_URL":"cuadernofp.web.app","__FIREBASE_FRAMEWORKS_ENTRY__":"next.js","FIREBASE_CONFIG":"{\"projectId\":\"cuadernofp\",\"storageBucket\":\"cuadernofp.firebasestorage.app\"}","GCLOUD_PROJECT":"cuadernofp","EVENTARC_CLOUD_EVENT_SOURCE":"projects/cuadernofp/locations/europe-west1/services/ssrcuadernofp","FUNCTION_TARGET":"ssrcuadernofp","LOG_EXECUTION_ID":"true"},"ingressSettings":"ALLOW_ALL","uri":"https://ssrcuadernofp-ksqnfs2byq-ew.a.run.app","serviceAccountEmail":"215337606799-compute@developer.gserviceaccount.com","availableMemory":"256Mi","allTrafficOnLatestRevision":true,"revision":"ssrcuadernofp-00153-quq","maxInstanceRequestConcurrency":80,"availableCpu":"1"},"state":"ACTIVE","labels":{"deployment-tool":"cloudfunctions","firebase-functions-codebase":"firebase-frameworks-cuadernofp","firebase-functions-hash":"b15459f8079b50e6c0b98a8c8d8a642e1c5e3349"},"environment":"GEN_2","url":"https://europe-west1-cuadernofp.cloudfunctions.net/ssrcuadernofp","satisfiesPzi":true},"stages":[{"name":"BUILD","message":"Build in progress","state":"IN_PROGRESS","resource":"projects/215337606799/locations/europe-west1/builds/58bf731c-622e-4a0c-a3e0-fc4ec59141bb","resourceUri":"https://console.cloud.google.com/cloud-build/builds;region=europe-west1/58bf731c-622e-4a0c-a3e0-fc4ec59141bb?project=215337606799"},{"name":"SERVICE","state":"NOT_STARTED"}],"operationType":"UPDATE_FUNCTION","buildName":"projects/215337606799/locations/europe-west1/builds/58bf731c-622e-4a0c-a3e0-fc4ec59141bb"},"done":false}
[debug] [2026-06-26T06:20:07.096Z] [update-firebase-frameworks-cuadernofp-europe-west1-ssrcuadernofp] Retrying task index 0
[debug] [2026-06-26T06:20:07.098Z] No OAuth tokens found
[debug] [2026-06-26T06:20:07.098Z] >>> [apiv2][query] GET https://cloudfunctions.googleapis.com/v2/projects/cuadernofp/locations/europe-west1/operations/operation-1782454265717-65521f95624b2-08e2b7e2-a6e49692 [none]
[debug] [2026-06-26T06:20:07.526Z] <<< [apiv2][status] GET https://cloudfunctions.googleapis.com/v2/projects/cuadernofp/locations/europe-west1/operations/operation-1782454265717-65521f95624b2-08e2b7e2-a6e49692 200
[debug] [2026-06-26T06:20:07.527Z] <<< [apiv2][body] GET https://cloudfunctions.googleapis.com/v2/projects/cuadernofp/locations/europe-west1/operations/operation-1782454265717-65521f95624b2-08e2b7e2-a6e49692 {"name":"projects/cuadernofp/locations/europe-west1/operations/operation-1782454265717-65521f95624b2-08e2b7e2-a6e49692","metadata":{"@type":"type.googleapis.com/google.cloud.functions.v2.OperationMetadata","createTime":"2026-06-26T06:11:06.992971693Z","target":"projects/cuadernofp/locations/europe-west1/functions/ssrcuadernofp","verb":"update","cancelRequested":false,"apiVersion":"v2","requestResource":{"@type":"type.googleapis.com/google.cloud.functions.v2.Function","name":"projects/cuadernofp/locations/europe-west1/functions/ssrcuadernofp","buildConfig":{"runtime":"nodejs24","entryPoint":"ssrcuadernofp","source":{"storageSource":{"bucket":"gcf-v2-sources-215337606799-europe-west1","object":"ssrcuadernofp/function-source.zip","generation":"1782454266934733"}},"environmentVariables":{"GOOGLE_NODE_RUN_SCRIPTS":""},"dockerRepository":"projects/cuadernofp/locations/europe-west1/repositories/gcf-artifacts","sourceProvenance":{"resolvedStorageSource":{"bucket":"gcf-v2-sources-215337606799-europe-west1","object":"ssrcuadernofp/function-source.zip","generation":"1782452155275457"}},"dockerRegistry":"ARTIFACT_REGISTRY","serviceAccount":"projects/cuadernofp/serviceAccounts/215337606799-compute@developer.gserviceaccount.com","automaticUpdatePolicy":{}},"serviceConfig":{"service":"projects/cuadernofp/locations/europe-west1/services/ssrcuadernofp","timeoutSeconds":60,"environmentVariables":{"VERCEL_URL":"cuadernofp.web.app","__FIREBASE_FRAMEWORKS_ENTRY__":"next.js","FIREBASE_CONFIG":"{\"projectId\":\"cuadernofp\",\"storageBucket\":\"cuadernofp.firebasestorage.app\"}","GCLOUD_PROJECT":"cuadernofp","EVENTARC_CLOUD_EVENT_SOURCE":"projects/cuadernofp/locations/europe-west1/services/ssrcuadernofp","FUNCTION_TARGET":"ssrcuadernofp","LOG_EXECUTION_ID":"true"},"ingressSettings":"ALLOW_ALL","uri":"https://ssrcuadernofp-ksqnfs2byq-ew.a.run.app","serviceAccountEmail":"215337606799-compute@developer.gserviceaccount.com","availableMemory":"256Mi","allTrafficOnLatestRevision":true,"revision":"ssrcuadernofp-00153-quq","maxInstanceRequestConcurrency":80,"availableCpu":"1"},"state":"ACTIVE","labels":{"deployment-tool":"cloudfunctions","firebase-functions-codebase":"firebase-frameworks-cuadernofp","firebase-functions-hash":"b15459f8079b50e6c0b98a8c8d8a642e1c5e3349"},"environment":"GEN_2","url":"https://europe-west1-cuadernofp.cloudfunctions.net/ssrcuadernofp","satisfiesPzi":true},"stages":[{"name":"BUILD","message":"Build in progress","state":"IN_PROGRESS","resource":"projects/215337606799/locations/europe-west1/builds/58bf731c-622e-4a0c-a3e0-fc4ec59141bb","resourceUri":"https://console.cloud.google.com/cloud-build/builds;region=europe-west1/58bf731c-622e-4a0c-a3e0-fc4ec59141bb?project=215337606799"},{"name":"SERVICE","state":"NOT_STARTED"}],"operationType":"UPDATE_FUNCTION","buildName":"projects/215337606799/locations/europe-west1/builds/58bf731c-622e-4a0c-a3e0-fc4ec59141bb"},"done":false}
[debug] [2026-06-26T06:20:17.528Z] [update-firebase-frameworks-cuadernofp-europe-west1-ssrcuadernofp] Retrying task index 0
[debug] [2026-06-26T06:20:17.530Z] No OAuth tokens found
[debug] [2026-06-26T06:20:17.530Z] >>> [apiv2][query] GET https://cloudfunctions.googleapis.com/v2/projects/cuadernofp/locations/europe-west1/operations/operation-1782454265717-65521f95624b2-08e2b7e2-a6e49692 [none]
[debug] [2026-06-26T06:20:18.177Z] <<< [apiv2][status] GET https://cloudfunctions.googleapis.com/v2/projects/cuadernofp/locations/europe-west1/operations/operation-1782454265717-65521f95624b2-08e2b7e2-a6e49692 200
[debug] [2026-06-26T06:20:18.178Z] <<< [apiv2][body] GET https://cloudfunctions.googleapis.com/v2/projects/cuadernofp/locations/europe-west1/operations/operation-1782454265717-65521f95624b2-08e2b7e2-a6e49692 {"name":"projects/cuadernofp/locations/europe-west1/operations/operation-1782454265717-65521f95624b2-08e2b7e2-a6e49692","metadata":{"@type":"type.googleapis.com/google.cloud.functions.v2.OperationMetadata","createTime":"2026-06-26T06:11:06.992971693Z","target":"projects/cuadernofp/locations/europe-west1/functions/ssrcuadernofp","verb":"update","cancelRequested":false,"apiVersion":"v2","requestResource":{"@type":"type.googleapis.com/google.cloud.functions.v2.Function","name":"projects/cuadernofp/locations/europe-west1/functions/ssrcuadernofp","buildConfig":{"runtime":"nodejs24","entryPoint":"ssrcuadernofp","source":{"storageSource":{"bucket":"gcf-v2-sources-215337606799-europe-west1","object":"ssrcuadernofp/function-source.zip","generation":"1782454266934733"}},"environmentVariables":{"GOOGLE_NODE_RUN_SCRIPTS":""},"dockerRepository":"projects/cuadernofp/locations/europe-west1/repositories/gcf-artifacts","sourceProvenance":{"resolvedStorageSource":{"bucket":"gcf-v2-sources-215337606799-europe-west1","object":"ssrcuadernofp/function-source.zip","generation":"1782452155275457"}},"dockerRegistry":"ARTIFACT_REGISTRY","serviceAccount":"projects/cuadernofp/serviceAccounts/215337606799-compute@developer.gserviceaccount.com","automaticUpdatePolicy":{}},"serviceConfig":{"service":"projects/cuadernofp/locations/europe-west1/services/ssrcuadernofp","timeoutSeconds":60,"environmentVariables":{"VERCEL_URL":"cuadernofp.web.app","__FIREBASE_FRAMEWORKS_ENTRY__":"next.js","FIREBASE_CONFIG":"{\"projectId\":\"cuadernofp\",\"storageBucket\":\"cuadernofp.firebasestorage.app\"}","GCLOUD_PROJECT":"cuadernofp","EVENTARC_CLOUD_EVENT_SOURCE":"projects/cuadernofp/locations/europe-west1/services/ssrcuadernofp","FUNCTION_TARGET":"ssrcuadernofp","LOG_EXECUTION_ID":"true"},"ingressSettings":"ALLOW_ALL","uri":"https://ssrcuadernofp-ksqnfs2byq-ew.a.run.app","serviceAccountEmail":"215337606799-compute@developer.gserviceaccount.com","availableMemory":"256Mi","allTrafficOnLatestRevision":true,"revision":"ssrcuadernofp-00153-quq","maxInstanceRequestConcurrency":80,"availableCpu":"1"},"state":"ACTIVE","labels":{"deployment-tool":"cloudfunctions","firebase-functions-codebase":"firebase-frameworks-cuadernofp","firebase-functions-hash":"b15459f8079b50e6c0b98a8c8d8a642e1c5e3349"},"environment":"GEN_2","url":"https://europe-west1-cuadernofp.cloudfunctions.net/ssrcuadernofp","satisfiesPzi":true},"stages":[{"name":"BUILD","message":"Build in progress","state":"IN_PROGRESS","resource":"projects/215337606799/locations/europe-west1/builds/58bf731c-622e-4a0c-a3e0-fc4ec59141bb","resourceUri":"https://console.cloud.google.com/cloud-build/builds;region=europe-west1/58bf731c-622e-4a0c-a3e0-fc4ec59141bb?project=215337606799"},{"name":"SERVICE","state":"NOT_STARTED"}],"operationType":"UPDATE_FUNCTION","buildName":"projects/215337606799/locations/europe-west1/builds/58bf731c-622e-4a0c-a3e0-fc4ec59141bb"},"done":false}
[debug] [2026-06-26T06:20:28.192Z] [update-firebase-frameworks-cuadernofp-europe-west1-ssrcuadernofp] Retrying task index 0
[debug] [2026-06-26T06:20:28.194Z] No OAuth tokens found
[debug] [2026-06-26T06:20:28.194Z] >>> [apiv2][query] GET https://cloudfunctions.googleapis.com/v2/projects/cuadernofp/locations/europe-west1/operations/operation-1782454265717-65521f95624b2-08e2b7e2-a6e49692 [none]
[debug] [2026-06-26T06:20:28.391Z] <<< [apiv2][status] GET https://cloudfunctions.googleapis.com/v2/projects/cuadernofp/locations/europe-west1/operations/operation-1782454265717-65521f95624b2-08e2b7e2-a6e49692 200
[debug] [2026-06-26T06:20:28.391Z] <<< [apiv2][body] GET https://cloudfunctions.googleapis.com/v2/projects/cuadernofp/locations/europe-west1/operations/operation-1782454265717-65521f95624b2-08e2b7e2-a6e49692 {"name":"projects/cuadernofp/locations/europe-west1/operations/operation-1782454265717-65521f95624b2-08e2b7e2-a6e49692","metadata":{"@type":"type.googleapis.com/google.cloud.functions.v2.OperationMetadata","createTime":"2026-06-26T06:11:06.992971693Z","target":"projects/cuadernofp/locations/europe-west1/functions/ssrcuadernofp","verb":"update","cancelRequested":false,"apiVersion":"v2","requestResource":{"@type":"type.googleapis.com/google.cloud.functions.v2.Function","name":"projects/cuadernofp/locations/europe-west1/functions/ssrcuadernofp","buildConfig":{"runtime":"nodejs24","entryPoint":"ssrcuadernofp","source":{"storageSource":{"bucket":"gcf-v2-sources-215337606799-europe-west1","object":"ssrcuadernofp/function-source.zip","generation":"1782454266934733"}},"environmentVariables":{"GOOGLE_NODE_RUN_SCRIPTS":""},"dockerRepository":"projects/cuadernofp/locations/europe-west1/repositories/gcf-artifacts","sourceProvenance":{"resolvedStorageSource":{"bucket":"gcf-v2-sources-215337606799-europe-west1","object":"ssrcuadernofp/function-source.zip","generation":"1782452155275457"}},"dockerRegistry":"ARTIFACT_REGISTRY","serviceAccount":"projects/cuadernofp/serviceAccounts/215337606799-compute@developer.gserviceaccount.com","automaticUpdatePolicy":{}},"serviceConfig":{"service":"projects/cuadernofp/locations/europe-west1/services/ssrcuadernofp","timeoutSeconds":60,"environmentVariables":{"VERCEL_URL":"cuadernofp.web.app","__FIREBASE_FRAMEWORKS_ENTRY__":"next.js","FIREBASE_CONFIG":"{\"projectId\":\"cuadernofp\",\"storageBucket\":\"cuadernofp.firebasestorage.app\"}","GCLOUD_PROJECT":"cuadernofp","EVENTARC_CLOUD_EVENT_SOURCE":"projects/cuadernofp/locations/europe-west1/services/ssrcuadernofp","FUNCTION_TARGET":"ssrcuadernofp","LOG_EXECUTION_ID":"true"},"ingressSettings":"ALLOW_ALL","uri":"https://ssrcuadernofp-ksqnfs2byq-ew.a.run.app","serviceAccountEmail":"215337606799-compute@developer.gserviceaccount.com","availableMemory":"256Mi","allTrafficOnLatestRevision":true,"revision":"ssrcuadernofp-00153-quq","maxInstanceRequestConcurrency":80,"availableCpu":"1"},"state":"ACTIVE","labels":{"deployment-tool":"cloudfunctions","firebase-functions-codebase":"firebase-frameworks-cuadernofp","firebase-functions-hash":"b15459f8079b50e6c0b98a8c8d8a642e1c5e3349"},"environment":"GEN_2","url":"https://europe-west1-cuadernofp.cloudfunctions.net/ssrcuadernofp","satisfiesPzi":true},"stages":[{"name":"BUILD","message":"Build in progress","state":"IN_PROGRESS","resource":"projects/215337606799/locations/europe-west1/builds/58bf731c-622e-4a0c-a3e0-fc4ec59141bb","resourceUri":"https://console.cloud.google.com/cloud-build/builds;region=europe-west1/58bf731c-622e-4a0c-a3e0-fc4ec59141bb?project=215337606799"},{"name":"SERVICE","state":"NOT_STARTED"}],"operationType":"UPDATE_FUNCTION","buildName":"projects/215337606799/locations/europe-west1/builds/58bf731c-622e-4a0c-a3e0-fc4ec59141bb"},"done":false}
[debug] [2026-06-26T06:20:38.393Z] [update-firebase-frameworks-cuadernofp-europe-west1-ssrcuadernofp] Retrying task index 0
[debug] [2026-06-26T06:20:38.394Z] No OAuth tokens found
[debug] [2026-06-26T06:20:38.394Z] >>> [apiv2][query] GET https://cloudfunctions.googleapis.com/v2/projects/cuadernofp/locations/europe-west1/operations/operation-1782454265717-65521f95624b2-08e2b7e2-a6e49692 [none]
[debug] [2026-06-26T06:20:38.715Z] <<< [apiv2][status] GET https://cloudfunctions.googleapis.com/v2/projects/cuadernofp/locations/europe-west1/operations/operation-1782454265717-65521f95624b2-08e2b7e2-a6e49692 200
[debug] [2026-06-26T06:20:38.715Z] <<< [apiv2][body] GET https://cloudfunctions.googleapis.com/v2/projects/cuadernofp/locations/europe-west1/operations/operation-1782454265717-65521f95624b2-08e2b7e2-a6e49692 {"name":"projects/cuadernofp/locations/europe-west1/operations/operation-1782454265717-65521f95624b2-08e2b7e2-a6e49692","metadata":{"@type":"type.googleapis.com/google.cloud.functions.v2.OperationMetadata","createTime":"2026-06-26T06:11:06.992971693Z","target":"projects/cuadernofp/locations/europe-west1/functions/ssrcuadernofp","verb":"update","cancelRequested":false,"apiVersion":"v2","requestResource":{"@type":"type.googleapis.com/google.cloud.functions.v2.Function","name":"projects/cuadernofp/locations/europe-west1/functions/ssrcuadernofp","buildConfig":{"runtime":"nodejs24","entryPoint":"ssrcuadernofp","source":{"storageSource":{"bucket":"gcf-v2-sources-215337606799-europe-west1","object":"ssrcuadernofp/function-source.zip","generation":"1782454266934733"}},"environmentVariables":{"GOOGLE_NODE_RUN_SCRIPTS":""},"dockerRepository":"projects/cuadernofp/locations/europe-west1/repositories/gcf-artifacts","sourceProvenance":{"resolvedStorageSource":{"bucket":"gcf-v2-sources-215337606799-europe-west1","object":"ssrcuadernofp/function-source.zip","generation":"1782452155275457"}},"dockerRegistry":"ARTIFACT_REGISTRY","serviceAccount":"projects/cuadernofp/serviceAccounts/215337606799-compute@developer.gserviceaccount.com","automaticUpdatePolicy":{}},"serviceConfig":{"service":"projects/cuadernofp/locations/europe-west1/services/ssrcuadernofp","timeoutSeconds":60,"environmentVariables":{"VERCEL_URL":"cuadernofp.web.app","__FIREBASE_FRAMEWORKS_ENTRY__":"next.js","FIREBASE_CONFIG":"{\"projectId\":\"cuadernofp\",\"storageBucket\":\"cuadernofp.firebasestorage.app\"}","GCLOUD_PROJECT":"cuadernofp","EVENTARC_CLOUD_EVENT_SOURCE":"projects/cuadernofp/locations/europe-west1/services/ssrcuadernofp","FUNCTION_TARGET":"ssrcuadernofp","LOG_EXECUTION_ID":"true"},"ingressSettings":"ALLOW_ALL","uri":"https://ssrcuadernofp-ksqnfs2byq-ew.a.run.app","serviceAccountEmail":"215337606799-compute@developer.gserviceaccount.com","availableMemory":"256Mi","allTrafficOnLatestRevision":true,"revision":"ssrcuadernofp-00153-quq","maxInstanceRequestConcurrency":80,"availableCpu":"1"},"state":"ACTIVE","labels":{"deployment-tool":"cloudfunctions","firebase-functions-codebase":"firebase-frameworks-cuadernofp","firebase-functions-hash":"b15459f8079b50e6c0b98a8c8d8a642e1c5e3349"},"environment":"GEN_2","url":"https://europe-west1-cuadernofp.cloudfunctions.net/ssrcuadernofp","satisfiesPzi":true},"stages":[{"name":"BUILD","message":"Build in progress","state":"IN_PROGRESS","resource":"projects/215337606799/locations/europe-west1/builds/58bf731c-622e-4a0c-a3e0-fc4ec59141bb","resourceUri":"https://console.cloud.google.com/cloud-build/builds;region=europe-west1/58bf731c-622e-4a0c-a3e0-fc4ec59141bb?project=215337606799"},{"name":"SERVICE","state":"NOT_STARTED"}],"operationType":"UPDATE_FUNCTION","buildName":"projects/215337606799/locations/europe-west1/builds/58bf731c-622e-4a0c-a3e0-fc4ec59141bb"},"done":false}
[debug] [2026-06-26T06:20:48.724Z] [update-firebase-frameworks-cuadernofp-europe-west1-ssrcuadernofp] Retrying task index 0
[debug] [2026-06-26T06:20:48.725Z] No OAuth tokens found
[debug] [2026-06-26T06:20:48.725Z] >>> [apiv2][query] GET https://cloudfunctions.googleapis.com/v2/projects/cuadernofp/locations/europe-west1/operations/operation-1782454265717-65521f95624b2-08e2b7e2-a6e49692 [none]
[debug] [2026-06-26T06:20:48.867Z] <<< [apiv2][status] GET https://cloudfunctions.googleapis.com/v2/projects/cuadernofp/locations/europe-west1/operations/operation-1782454265717-65521f95624b2-08e2b7e2-a6e49692 200
[debug] [2026-06-26T06:20:48.867Z] <<< [apiv2][body] GET https://cloudfunctions.googleapis.com/v2/projects/cuadernofp/locations/europe-west1/operations/operation-1782454265717-65521f95624b2-08e2b7e2-a6e49692 {"name":"projects/cuadernofp/locations/europe-west1/operations/operation-1782454265717-65521f95624b2-08e2b7e2-a6e49692","metadata":{"@type":"type.googleapis.com/google.cloud.functions.v2.OperationMetadata","createTime":"2026-06-26T06:11:06.992971693Z","target":"projects/cuadernofp/locations/europe-west1/functions/ssrcuadernofp","verb":"update","cancelRequested":false,"apiVersion":"v2","requestResource":{"@type":"type.googleapis.com/google.cloud.functions.v2.Function","name":"projects/cuadernofp/locations/europe-west1/functions/ssrcuadernofp","buildConfig":{"runtime":"nodejs24","entryPoint":"ssrcuadernofp","source":{"storageSource":{"bucket":"gcf-v2-sources-215337606799-europe-west1","object":"ssrcuadernofp/function-source.zip","generation":"1782454266934733"}},"environmentVariables":{"GOOGLE_NODE_RUN_SCRIPTS":""},"dockerRepository":"projects/cuadernofp/locations/europe-west1/repositories/gcf-artifacts","sourceProvenance":{"resolvedStorageSource":{"bucket":"gcf-v2-sources-215337606799-europe-west1","object":"ssrcuadernofp/function-source.zip","generation":"1782452155275457"}},"dockerRegistry":"ARTIFACT_REGISTRY","serviceAccount":"projects/cuadernofp/serviceAccounts/215337606799-compute@developer.gserviceaccount.com","automaticUpdatePolicy":{}},"serviceConfig":{"service":"projects/cuadernofp/locations/europe-west1/services/ssrcuadernofp","timeoutSeconds":60,"environmentVariables":{"VERCEL_URL":"cuadernofp.web.app","__FIREBASE_FRAMEWORKS_ENTRY__":"next.js","FIREBASE_CONFIG":"{\"projectId\":\"cuadernofp\",\"storageBucket\":\"cuadernofp.firebasestorage.app\"}","GCLOUD_PROJECT":"cuadernofp","EVENTARC_CLOUD_EVENT_SOURCE":"projects/cuadernofp/locations/europe-west1/services/ssrcuadernofp","FUNCTION_TARGET":"ssrcuadernofp","LOG_EXECUTION_ID":"true"},"ingressSettings":"ALLOW_ALL","uri":"https://ssrcuadernofp-ksqnfs2byq-ew.a.run.app","serviceAccountEmail":"215337606799-compute@developer.gserviceaccount.com","availableMemory":"256Mi","allTrafficOnLatestRevision":true,"revision":"ssrcuadernofp-00153-quq","maxInstanceRequestConcurrency":80,"availableCpu":"1"},"state":"ACTIVE","labels":{"deployment-tool":"cloudfunctions","firebase-functions-codebase":"firebase-frameworks-cuadernofp","firebase-functions-hash":"b15459f8079b50e6c0b98a8c8d8a642e1c5e3349"},"environment":"GEN_2","url":"https://europe-west1-cuadernofp.cloudfunctions.net/ssrcuadernofp","satisfiesPzi":true},"stages":[{"name":"BUILD","message":"Build in progress","state":"IN_PROGRESS","resource":"projects/215337606799/locations/europe-west1/builds/58bf731c-622e-4a0c-a3e0-fc4ec59141bb","resourceUri":"https://console.cloud.google.com/cloud-build/builds;region=europe-west1/58bf731c-622e-4a0c-a3e0-fc4ec59141bb?project=215337606799"},{"name":"SERVICE","state":"NOT_STARTED"}],"operationType":"UPDATE_FUNCTION","buildName":"projects/215337606799/locations/europe-west1/builds/58bf731c-622e-4a0c-a3e0-fc4ec59141bb"},"done":false}
[debug] [2026-06-26T06:20:58.873Z] [update-firebase-frameworks-cuadernofp-europe-west1-ssrcuadernofp] Retrying task index 0
[debug] [2026-06-26T06:20:58.876Z] No OAuth tokens found
[debug] [2026-06-26T06:20:58.876Z] >>> [apiv2][query] GET https://cloudfunctions.googleapis.com/v2/projects/cuadernofp/locations/europe-west1/operations/operation-1782454265717-65521f95624b2-08e2b7e2-a6e49692 [none]
[debug] [2026-06-26T06:20:59.521Z] <<< [apiv2][status] GET https://cloudfunctions.googleapis.com/v2/projects/cuadernofp/locations/europe-west1/operations/operation-1782454265717-65521f95624b2-08e2b7e2-a6e49692 200
[debug] [2026-06-26T06:20:59.521Z] <<< [apiv2][body] GET https://cloudfunctions.googleapis.com/v2/projects/cuadernofp/locations/europe-west1/operations/operation-1782454265717-65521f95624b2-08e2b7e2-a6e49692 {"name":"projects/cuadernofp/locations/europe-west1/operations/operation-1782454265717-65521f95624b2-08e2b7e2-a6e49692","metadata":{"@type":"type.googleapis.com/google.cloud.functions.v2.OperationMetadata","createTime":"2026-06-26T06:11:06.992971693Z","target":"projects/cuadernofp/locations/europe-west1/functions/ssrcuadernofp","verb":"update","cancelRequested":false,"apiVersion":"v2","requestResource":{"@type":"type.googleapis.com/google.cloud.functions.v2.Function","name":"projects/cuadernofp/locations/europe-west1/functions/ssrcuadernofp","buildConfig":{"runtime":"nodejs24","entryPoint":"ssrcuadernofp","source":{"storageSource":{"bucket":"gcf-v2-sources-215337606799-europe-west1","object":"ssrcuadernofp/function-source.zip","generation":"1782454266934733"}},"environmentVariables":{"GOOGLE_NODE_RUN_SCRIPTS":""},"dockerRepository":"projects/cuadernofp/locations/europe-west1/repositories/gcf-artifacts","sourceProvenance":{"resolvedStorageSource":{"bucket":"gcf-v2-sources-215337606799-europe-west1","object":"ssrcuadernofp/function-source.zip","generation":"1782452155275457"}},"dockerRegistry":"ARTIFACT_REGISTRY","serviceAccount":"projects/cuadernofp/serviceAccounts/215337606799-compute@developer.gserviceaccount.com","automaticUpdatePolicy":{}},"serviceConfig":{"service":"projects/cuadernofp/locations/europe-west1/services/ssrcuadernofp","timeoutSeconds":60,"environmentVariables":{"VERCEL_URL":"cuadernofp.web.app","__FIREBASE_FRAMEWORKS_ENTRY__":"next.js","FIREBASE_CONFIG":"{\"projectId\":\"cuadernofp\",\"storageBucket\":\"cuadernofp.firebasestorage.app\"}","GCLOUD_PROJECT":"cuadernofp","EVENTARC_CLOUD_EVENT_SOURCE":"projects/cuadernofp/locations/europe-west1/services/ssrcuadernofp","FUNCTION_TARGET":"ssrcuadernofp","LOG_EXECUTION_ID":"true"},"ingressSettings":"ALLOW_ALL","uri":"https://ssrcuadernofp-ksqnfs2byq-ew.a.run.app","serviceAccountEmail":"215337606799-compute@developer.gserviceaccount.com","availableMemory":"256Mi","allTrafficOnLatestRevision":true,"revision":"ssrcuadernofp-00153-quq","maxInstanceRequestConcurrency":80,"availableCpu":"1"},"state":"ACTIVE","labels":{"deployment-tool":"cloudfunctions","firebase-functions-codebase":"firebase-frameworks-cuadernofp","firebase-functions-hash":"b15459f8079b50e6c0b98a8c8d8a642e1c5e3349"},"environment":"GEN_2","url":"https://europe-west1-cuadernofp.cloudfunctions.net/ssrcuadernofp","satisfiesPzi":true},"stages":[{"name":"BUILD","message":"Build in progress","state":"IN_PROGRESS","resource":"projects/215337606799/locations/europe-west1/builds/58bf731c-622e-4a0c-a3e0-fc4ec59141bb","resourceUri":"https://console.cloud.google.com/cloud-build/builds;region=europe-west1/58bf731c-622e-4a0c-a3e0-fc4ec59141bb?project=215337606799"},{"name":"SERVICE","state":"NOT_STARTED"}],"operationType":"UPDATE_FUNCTION","buildName":"projects/215337606799/locations/europe-west1/builds/58bf731c-622e-4a0c-a3e0-fc4ec59141bb"},"done":false}
[debug] [2026-06-26T06:21:09.532Z] [update-firebase-frameworks-cuadernofp-europe-west1-ssrcuadernofp] Retrying task index 0
[debug] [2026-06-26T06:21:09.533Z] No OAuth tokens found
[debug] [2026-06-26T06:21:09.533Z] >>> [apiv2][query] GET https://cloudfunctions.googleapis.com/v2/projects/cuadernofp/locations/europe-west1/operations/operation-1782454265717-65521f95624b2-08e2b7e2-a6e49692 [none]
[debug] [2026-06-26T06:21:10.129Z] <<< [apiv2][status] GET https://cloudfunctions.googleapis.com/v2/projects/cuadernofp/locations/europe-west1/operations/operation-1782454265717-65521f95624b2-08e2b7e2-a6e49692 200
[debug] [2026-06-26T06:21:10.129Z] <<< [apiv2][body] GET https://cloudfunctions.googleapis.com/v2/projects/cuadernofp/locations/europe-west1/operations/operation-1782454265717-65521f95624b2-08e2b7e2-a6e49692 {"name":"projects/cuadernofp/locations/europe-west1/operations/operation-1782454265717-65521f95624b2-08e2b7e2-a6e49692","metadata":{"@type":"type.googleapis.com/google.cloud.functions.v2.OperationMetadata","createTime":"2026-06-26T06:11:06.992971693Z","target":"projects/cuadernofp/locations/europe-west1/functions/ssrcuadernofp","verb":"update","cancelRequested":false,"apiVersion":"v2","requestResource":{"@type":"type.googleapis.com/google.cloud.functions.v2.Function","name":"projects/cuadernofp/locations/europe-west1/functions/ssrcuadernofp","buildConfig":{"runtime":"nodejs24","entryPoint":"ssrcuadernofp","source":{"storageSource":{"bucket":"gcf-v2-sources-215337606799-europe-west1","object":"ssrcuadernofp/function-source.zip","generation":"1782454266934733"}},"environmentVariables":{"GOOGLE_NODE_RUN_SCRIPTS":""},"dockerRepository":"projects/cuadernofp/locations/europe-west1/repositories/gcf-artifacts","sourceProvenance":{"resolvedStorageSource":{"bucket":"gcf-v2-sources-215337606799-europe-west1","object":"ssrcuadernofp/function-source.zip","generation":"1782452155275457"}},"dockerRegistry":"ARTIFACT_REGISTRY","serviceAccount":"projects/cuadernofp/serviceAccounts/215337606799-compute@developer.gserviceaccount.com","automaticUpdatePolicy":{}},"serviceConfig":{"service":"projects/cuadernofp/locations/europe-west1/services/ssrcuadernofp","timeoutSeconds":60,"environmentVariables":{"VERCEL_URL":"cuadernofp.web.app","__FIREBASE_FRAMEWORKS_ENTRY__":"next.js","FIREBASE_CONFIG":"{\"projectId\":\"cuadernofp\",\"storageBucket\":\"cuadernofp.firebasestorage.app\"}","GCLOUD_PROJECT":"cuadernofp","EVENTARC_CLOUD_EVENT_SOURCE":"projects/cuadernofp/locations/europe-west1/services/ssrcuadernofp","FUNCTION_TARGET":"ssrcuadernofp","LOG_EXECUTION_ID":"true"},"ingressSettings":"ALLOW_ALL","uri":"https://ssrcuadernofp-ksqnfs2byq-ew.a.run.app","serviceAccountEmail":"215337606799-compute@developer.gserviceaccount.com","availableMemory":"256Mi","allTrafficOnLatestRevision":true,"revision":"ssrcuadernofp-00153-quq","maxInstanceRequestConcurrency":80,"availableCpu":"1"},"state":"ACTIVE","labels":{"deployment-tool":"cloudfunctions","firebase-functions-codebase":"firebase-frameworks-cuadernofp","firebase-functions-hash":"b15459f8079b50e6c0b98a8c8d8a642e1c5e3349"},"environment":"GEN_2","url":"https://europe-west1-cuadernofp.cloudfunctions.net/ssrcuadernofp","satisfiesPzi":true},"stages":[{"name":"BUILD","message":"Build in progress","state":"IN_PROGRESS","resource":"projects/215337606799/locations/europe-west1/builds/58bf731c-622e-4a0c-a3e0-fc4ec59141bb","resourceUri":"https://console.cloud.google.com/cloud-build/builds;region=europe-west1/58bf731c-622e-4a0c-a3e0-fc4ec59141bb?project=215337606799"},{"name":"SERVICE","state":"NOT_STARTED"}],"operationType":"UPDATE_FUNCTION","buildName":"projects/215337606799/locations/europe-west1/builds/58bf731c-622e-4a0c-a3e0-fc4ec59141bb"},"done":false}
[debug] [2026-06-26T06:21:20.136Z] [update-firebase-frameworks-cuadernofp-europe-west1-ssrcuadernofp] Retrying task index 0
[debug] [2026-06-26T06:21:20.137Z] No OAuth tokens found
[debug] [2026-06-26T06:21:20.137Z] >>> [apiv2][query] GET https://cloudfunctions.googleapis.com/v2/projects/cuadernofp/locations/europe-west1/operations/operation-1782454265717-65521f95624b2-08e2b7e2-a6e49692 [none]
[debug] [2026-06-26T06:21:20.537Z] <<< [apiv2][status] GET https://cloudfunctions.googleapis.com/v2/projects/cuadernofp/locations/europe-west1/operations/operation-1782454265717-65521f95624b2-08e2b7e2-a6e49692 200
[debug] [2026-06-26T06:21:20.537Z] <<< [apiv2][body] GET https://cloudfunctions.googleapis.com/v2/projects/cuadernofp/locations/europe-west1/operations/operation-1782454265717-65521f95624b2-08e2b7e2-a6e49692 {"name":"projects/cuadernofp/locations/europe-west1/operations/operation-1782454265717-65521f95624b2-08e2b7e2-a6e49692","metadata":{"@type":"type.googleapis.com/google.cloud.functions.v2.OperationMetadata","createTime":"2026-06-26T06:11:06.992971693Z","target":"projects/cuadernofp/locations/europe-west1/functions/ssrcuadernofp","verb":"update","cancelRequested":false,"apiVersion":"v2","requestResource":{"@type":"type.googleapis.com/google.cloud.functions.v2.Function","name":"projects/cuadernofp/locations/europe-west1/functions/ssrcuadernofp","buildConfig":{"runtime":"nodejs24","entryPoint":"ssrcuadernofp","source":{"storageSource":{"bucket":"gcf-v2-sources-215337606799-europe-west1","object":"ssrcuadernofp/function-source.zip","generation":"1782454266934733"}},"environmentVariables":{"GOOGLE_NODE_RUN_SCRIPTS":""},"dockerRepository":"projects/cuadernofp/locations/europe-west1/repositories/gcf-artifacts","sourceProvenance":{"resolvedStorageSource":{"bucket":"gcf-v2-sources-215337606799-europe-west1","object":"ssrcuadernofp/function-source.zip","generation":"1782452155275457"}},"dockerRegistry":"ARTIFACT_REGISTRY","serviceAccount":"projects/cuadernofp/serviceAccounts/215337606799-compute@developer.gserviceaccount.com","automaticUpdatePolicy":{}},"serviceConfig":{"service":"projects/cuadernofp/locations/europe-west1/services/ssrcuadernofp","timeoutSeconds":60,"environmentVariables":{"VERCEL_URL":"cuadernofp.web.app","__FIREBASE_FRAMEWORKS_ENTRY__":"next.js","FIREBASE_CONFIG":"{\"projectId\":\"cuadernofp\",\"storageBucket\":\"cuadernofp.firebasestorage.app\"}","GCLOUD_PROJECT":"cuadernofp","EVENTARC_CLOUD_EVENT_SOURCE":"projects/cuadernofp/locations/europe-west1/services/ssrcuadernofp","FUNCTION_TARGET":"ssrcuadernofp","LOG_EXECUTION_ID":"true"},"ingressSettings":"ALLOW_ALL","uri":"https://ssrcuadernofp-ksqnfs2byq-ew.a.run.app","serviceAccountEmail":"215337606799-compute@developer.gserviceaccount.com","availableMemory":"256Mi","allTrafficOnLatestRevision":true,"revision":"ssrcuadernofp-00153-quq","maxInstanceRequestConcurrency":80,"availableCpu":"1"},"state":"ACTIVE","labels":{"deployment-tool":"cloudfunctions","firebase-functions-codebase":"firebase-frameworks-cuadernofp","firebase-functions-hash":"b15459f8079b50e6c0b98a8c8d8a642e1c5e3349"},"environment":"GEN_2","url":"https://europe-west1-cuadernofp.cloudfunctions.net/ssrcuadernofp","satisfiesPzi":true},"stages":[{"name":"BUILD","message":"Build in progress","state":"IN_PROGRESS","resource":"projects/215337606799/locations/europe-west1/builds/58bf731c-622e-4a0c-a3e0-fc4ec59141bb","resourceUri":"https://console.cloud.google.com/cloud-build/builds;region=europe-west1/58bf731c-622e-4a0c-a3e0-fc4ec59141bb?project=215337606799"},{"name":"SERVICE","state":"NOT_STARTED"}],"operationType":"UPDATE_FUNCTION","buildName":"projects/215337606799/locations/europe-west1/builds/58bf731c-622e-4a0c-a3e0-fc4ec59141bb"},"done":false}
[debug] [2026-06-26T06:21:30.541Z] [update-firebase-frameworks-cuadernofp-europe-west1-ssrcuadernofp] Retrying task index 0
[debug] [2026-06-26T06:21:30.542Z] No OAuth tokens found
[debug] [2026-06-26T06:21:30.543Z] >>> [apiv2][query] GET https://cloudfunctions.googleapis.com/v2/projects/cuadernofp/locations/europe-west1/operations/operation-1782454265717-65521f95624b2-08e2b7e2-a6e49692 [none]
[debug] [2026-06-26T06:21:30.982Z] <<< [apiv2][status] GET https://cloudfunctions.googleapis.com/v2/projects/cuadernofp/locations/europe-west1/operations/operation-1782454265717-65521f95624b2-08e2b7e2-a6e49692 200
[debug] [2026-06-26T06:21:30.982Z] <<< [apiv2][body] GET https://cloudfunctions.googleapis.com/v2/projects/cuadernofp/locations/europe-west1/operations/operation-1782454265717-65521f95624b2-08e2b7e2-a6e49692 {"name":"projects/cuadernofp/locations/europe-west1/operations/operation-1782454265717-65521f95624b2-08e2b7e2-a6e49692","metadata":{"@type":"type.googleapis.com/google.cloud.functions.v2.OperationMetadata","createTime":"2026-06-26T06:11:06.992971693Z","target":"projects/cuadernofp/locations/europe-west1/functions/ssrcuadernofp","verb":"update","cancelRequested":false,"apiVersion":"v2","requestResource":{"@type":"type.googleapis.com/google.cloud.functions.v2.Function","name":"projects/cuadernofp/locations/europe-west1/functions/ssrcuadernofp","buildConfig":{"runtime":"nodejs24","entryPoint":"ssrcuadernofp","source":{"storageSource":{"bucket":"gcf-v2-sources-215337606799-europe-west1","object":"ssrcuadernofp/function-source.zip","generation":"1782454266934733"}},"environmentVariables":{"GOOGLE_NODE_RUN_SCRIPTS":""},"dockerRepository":"projects/cuadernofp/locations/europe-west1/repositories/gcf-artifacts","sourceProvenance":{"resolvedStorageSource":{"bucket":"gcf-v2-sources-215337606799-europe-west1","object":"ssrcuadernofp/function-source.zip","generation":"1782452155275457"}},"dockerRegistry":"ARTIFACT_REGISTRY","serviceAccount":"projects/cuadernofp/serviceAccounts/215337606799-compute@developer.gserviceaccount.com","automaticUpdatePolicy":{}},"serviceConfig":{"service":"projects/cuadernofp/locations/europe-west1/services/ssrcuadernofp","timeoutSeconds":60,"environmentVariables":{"VERCEL_URL":"cuadernofp.web.app","__FIREBASE_FRAMEWORKS_ENTRY__":"next.js","FIREBASE_CONFIG":"{\"projectId\":\"cuadernofp\",\"storageBucket\":\"cuadernofp.firebasestorage.app\"}","GCLOUD_PROJECT":"cuadernofp","EVENTARC_CLOUD_EVENT_SOURCE":"projects/cuadernofp/locations/europe-west1/services/ssrcuadernofp","FUNCTION_TARGET":"ssrcuadernofp","LOG_EXECUTION_ID":"true"},"ingressSettings":"ALLOW_ALL","uri":"https://ssrcuadernofp-ksqnfs2byq-ew.a.run.app","serviceAccountEmail":"215337606799-compute@developer.gserviceaccount.com","availableMemory":"256Mi","allTrafficOnLatestRevision":true,"revision":"ssrcuadernofp-00153-quq","maxInstanceRequestConcurrency":80,"availableCpu":"1"},"state":"ACTIVE","labels":{"deployment-tool":"cloudfunctions","firebase-functions-codebase":"firebase-frameworks-cuadernofp","firebase-functions-hash":"b15459f8079b50e6c0b98a8c8d8a642e1c5e3349"},"environment":"GEN_2","url":"https://europe-west1-cuadernofp.cloudfunctions.net/ssrcuadernofp","satisfiesPzi":true},"stages":[{"name":"BUILD","message":"Build in progress","state":"IN_PROGRESS","resource":"projects/215337606799/locations/europe-west1/builds/58bf731c-622e-4a0c-a3e0-fc4ec59141bb","resourceUri":"https://console.cloud.google.com/cloud-build/builds;region=europe-west1/58bf731c-622e-4a0c-a3e0-fc4ec59141bb?project=215337606799"},{"name":"SERVICE","state":"NOT_STARTED"}],"operationType":"UPDATE_FUNCTION","buildName":"projects/215337606799/locations/europe-west1/builds/58bf731c-622e-4a0c-a3e0-fc4ec59141bb"},"done":false}
[debug] [2026-06-26T06:21:40.995Z] [update-firebase-frameworks-cuadernofp-europe-west1-ssrcuadernofp] Retrying task index 0
[debug] [2026-06-26T06:21:40.997Z] No OAuth tokens found
[debug] [2026-06-26T06:21:40.997Z] >>> [apiv2][query] GET https://cloudfunctions.googleapis.com/v2/projects/cuadernofp/locations/europe-west1/operations/operation-1782454265717-65521f95624b2-08e2b7e2-a6e49692 [none]
[debug] [2026-06-26T06:21:41.408Z] <<< [apiv2][status] GET https://cloudfunctions.googleapis.com/v2/projects/cuadernofp/locations/europe-west1/operations/operation-1782454265717-65521f95624b2-08e2b7e2-a6e49692 200
[debug] [2026-06-26T06:21:41.408Z] <<< [apiv2][body] GET https://cloudfunctions.googleapis.com/v2/projects/cuadernofp/locations/europe-west1/operations/operation-1782454265717-65521f95624b2-08e2b7e2-a6e49692 {"name":"projects/cuadernofp/locations/europe-west1/operations/operation-1782454265717-65521f95624b2-08e2b7e2-a6e49692","metadata":{"@type":"type.googleapis.com/google.cloud.functions.v2.OperationMetadata","createTime":"2026-06-26T06:11:06.992971693Z","target":"projects/cuadernofp/locations/europe-west1/functions/ssrcuadernofp","verb":"update","cancelRequested":false,"apiVersion":"v2","requestResource":{"@type":"type.googleapis.com/google.cloud.functions.v2.Function","name":"projects/cuadernofp/locations/europe-west1/functions/ssrcuadernofp","buildConfig":{"runtime":"nodejs24","entryPoint":"ssrcuadernofp","source":{"storageSource":{"bucket":"gcf-v2-sources-215337606799-europe-west1","object":"ssrcuadernofp/function-source.zip","generation":"1782454266934733"}},"environmentVariables":{"GOOGLE_NODE_RUN_SCRIPTS":""},"dockerRepository":"projects/cuadernofp/locations/europe-west1/repositories/gcf-artifacts","sourceProvenance":{"resolvedStorageSource":{"bucket":"gcf-v2-sources-215337606799-europe-west1","object":"ssrcuadernofp/function-source.zip","generation":"1782452155275457"}},"dockerRegistry":"ARTIFACT_REGISTRY","serviceAccount":"projects/cuadernofp/serviceAccounts/215337606799-compute@developer.gserviceaccount.com","automaticUpdatePolicy":{}},"serviceConfig":{"service":"projects/cuadernofp/locations/europe-west1/services/ssrcuadernofp","timeoutSeconds":60,"environmentVariables":{"VERCEL_URL":"cuadernofp.web.app","__FIREBASE_FRAMEWORKS_ENTRY__":"next.js","FIREBASE_CONFIG":"{\"projectId\":\"cuadernofp\",\"storageBucket\":\"cuadernofp.firebasestorage.app\"}","GCLOUD_PROJECT":"cuadernofp","EVENTARC_CLOUD_EVENT_SOURCE":"projects/cuadernofp/locations/europe-west1/services/ssrcuadernofp","FUNCTION_TARGET":"ssrcuadernofp","LOG_EXECUTION_ID":"true"},"ingressSettings":"ALLOW_ALL","uri":"https://ssrcuadernofp-ksqnfs2byq-ew.a.run.app","serviceAccountEmail":"215337606799-compute@developer.gserviceaccount.com","availableMemory":"256Mi","allTrafficOnLatestRevision":true,"revision":"ssrcuadernofp-00153-quq","maxInstanceRequestConcurrency":80,"availableCpu":"1"},"state":"ACTIVE","labels":{"deployment-tool":"cloudfunctions","firebase-functions-codebase":"firebase-frameworks-cuadernofp","firebase-functions-hash":"b15459f8079b50e6c0b98a8c8d8a642e1c5e3349"},"environment":"GEN_2","url":"https://europe-west1-cuadernofp.cloudfunctions.net/ssrcuadernofp","satisfiesPzi":true},"stages":[{"name":"BUILD","message":"Build in progress","state":"IN_PROGRESS","resource":"projects/215337606799/locations/europe-west1/builds/58bf731c-622e-4a0c-a3e0-fc4ec59141bb","resourceUri":"https://console.cloud.google.com/cloud-build/builds;region=europe-west1/58bf731c-622e-4a0c-a3e0-fc4ec59141bb?project=215337606799"},{"name":"SERVICE","state":"NOT_STARTED"}],"operationType":"UPDATE_FUNCTION","buildName":"projects/215337606799/locations/europe-west1/builds/58bf731c-622e-4a0c-a3e0-fc4ec59141bb"},"done":false}
[debug] [2026-06-26T06:21:51.414Z] [update-firebase-frameworks-cuadernofp-europe-west1-ssrcuadernofp] Retrying task index 0
[debug] [2026-06-26T06:21:51.416Z] No OAuth tokens found
[debug] [2026-06-26T06:21:51.417Z] >>> [apiv2][query] GET https://cloudfunctions.googleapis.com/v2/projects/cuadernofp/locations/europe-west1/operations/operation-1782454265717-65521f95624b2-08e2b7e2-a6e49692 [none]
[debug] [2026-06-26T06:21:51.590Z] <<< [apiv2][status] GET https://cloudfunctions.googleapis.com/v2/projects/cuadernofp/locations/europe-west1/operations/operation-1782454265717-65521f95624b2-08e2b7e2-a6e49692 200
[debug] [2026-06-26T06:21:51.591Z] <<< [apiv2][body] GET https://cloudfunctions.googleapis.com/v2/projects/cuadernofp/locations/europe-west1/operations/operation-1782454265717-65521f95624b2-08e2b7e2-a6e49692 {"name":"projects/cuadernofp/locations/europe-west1/operations/operation-1782454265717-65521f95624b2-08e2b7e2-a6e49692","metadata":{"@type":"type.googleapis.com/google.cloud.functions.v2.OperationMetadata","createTime":"2026-06-26T06:11:06.992971693Z","target":"projects/cuadernofp/locations/europe-west1/functions/ssrcuadernofp","verb":"update","cancelRequested":false,"apiVersion":"v2","requestResource":{"@type":"type.googleapis.com/google.cloud.functions.v2.Function","name":"projects/cuadernofp/locations/europe-west1/functions/ssrcuadernofp","buildConfig":{"runtime":"nodejs24","entryPoint":"ssrcuadernofp","source":{"storageSource":{"bucket":"gcf-v2-sources-215337606799-europe-west1","object":"ssrcuadernofp/function-source.zip","generation":"1782454266934733"}},"environmentVariables":{"GOOGLE_NODE_RUN_SCRIPTS":""},"dockerRepository":"projects/cuadernofp/locations/europe-west1/repositories/gcf-artifacts","sourceProvenance":{"resolvedStorageSource":{"bucket":"gcf-v2-sources-215337606799-europe-west1","object":"ssrcuadernofp/function-source.zip","generation":"1782452155275457"}},"dockerRegistry":"ARTIFACT_REGISTRY","serviceAccount":"projects/cuadernofp/serviceAccounts/215337606799-compute@developer.gserviceaccount.com","automaticUpdatePolicy":{}},"serviceConfig":{"service":"projects/cuadernofp/locations/europe-west1/services/ssrcuadernofp","timeoutSeconds":60,"environmentVariables":{"VERCEL_URL":"cuadernofp.web.app","__FIREBASE_FRAMEWORKS_ENTRY__":"next.js","FIREBASE_CONFIG":"{\"projectId\":\"cuadernofp\",\"storageBucket\":\"cuadernofp.firebasestorage.app\"}","GCLOUD_PROJECT":"cuadernofp","EVENTARC_CLOUD_EVENT_SOURCE":"projects/cuadernofp/locations/europe-west1/services/ssrcuadernofp","FUNCTION_TARGET":"ssrcuadernofp","LOG_EXECUTION_ID":"true"},"ingressSettings":"ALLOW_ALL","uri":"https://ssrcuadernofp-ksqnfs2byq-ew.a.run.app","serviceAccountEmail":"215337606799-compute@developer.gserviceaccount.com","availableMemory":"256Mi","allTrafficOnLatestRevision":true,"revision":"ssrcuadernofp-00153-quq","maxInstanceRequestConcurrency":80,"availableCpu":"1"},"state":"ACTIVE","labels":{"deployment-tool":"cloudfunctions","firebase-functions-codebase":"firebase-frameworks-cuadernofp","firebase-functions-hash":"b15459f8079b50e6c0b98a8c8d8a642e1c5e3349"},"environment":"GEN_2","url":"https://europe-west1-cuadernofp.cloudfunctions.net/ssrcuadernofp","satisfiesPzi":true},"stages":[{"name":"BUILD","message":"Build in progress","state":"IN_PROGRESS","resource":"projects/215337606799/locations/europe-west1/builds/58bf731c-622e-4a0c-a3e0-fc4ec59141bb","resourceUri":"https://console.cloud.google.com/cloud-build/builds;region=europe-west1/58bf731c-622e-4a0c-a3e0-fc4ec59141bb?project=215337606799"},{"name":"SERVICE","state":"NOT_STARTED"}],"operationType":"UPDATE_FUNCTION","buildName":"projects/215337606799/locations/europe-west1/builds/58bf731c-622e-4a0c-a3e0-fc4ec59141bb"},"done":false}
[debug] [2026-06-26T06:22:01.601Z] [update-firebase-frameworks-cuadernofp-europe-west1-ssrcuadernofp] Retrying task index 0
[debug] [2026-06-26T06:22:01.603Z] No OAuth tokens found
[debug] [2026-06-26T06:22:01.603Z] >>> [apiv2][query] GET https://cloudfunctions.googleapis.com/v2/projects/cuadernofp/locations/europe-west1/operations/operation-1782454265717-65521f95624b2-08e2b7e2-a6e49692 [none]
[debug] [2026-06-26T06:22:01.853Z] <<< [apiv2][status] GET https://cloudfunctions.googleapis.com/v2/projects/cuadernofp/locations/europe-west1/operations/operation-1782454265717-65521f95624b2-08e2b7e2-a6e49692 200
[debug] [2026-06-26T06:22:01.853Z] <<< [apiv2][body] GET https://cloudfunctions.googleapis.com/v2/projects/cuadernofp/locations/europe-west1/operations/operation-1782454265717-65521f95624b2-08e2b7e2-a6e49692 {"name":"projects/cuadernofp/locations/europe-west1/operations/operation-1782454265717-65521f95624b2-08e2b7e2-a6e49692","metadata":{"@type":"type.googleapis.com/google.cloud.functions.v2.OperationMetadata","createTime":"2026-06-26T06:11:06.992971693Z","target":"projects/cuadernofp/locations/europe-west1/functions/ssrcuadernofp","verb":"update","cancelRequested":false,"apiVersion":"v2","requestResource":{"@type":"type.googleapis.com/google.cloud.functions.v2.Function","name":"projects/cuadernofp/locations/europe-west1/functions/ssrcuadernofp","buildConfig":{"runtime":"nodejs24","entryPoint":"ssrcuadernofp","source":{"storageSource":{"bucket":"gcf-v2-sources-215337606799-europe-west1","object":"ssrcuadernofp/function-source.zip","generation":"1782454266934733"}},"environmentVariables":{"GOOGLE_NODE_RUN_SCRIPTS":""},"dockerRepository":"projects/cuadernofp/locations/europe-west1/repositories/gcf-artifacts","sourceProvenance":{"resolvedStorageSource":{"bucket":"gcf-v2-sources-215337606799-europe-west1","object":"ssrcuadernofp/function-source.zip","generation":"1782452155275457"}},"dockerRegistry":"ARTIFACT_REGISTRY","serviceAccount":"projects/cuadernofp/serviceAccounts/215337606799-compute@developer.gserviceaccount.com","automaticUpdatePolicy":{}},"serviceConfig":{"service":"projects/cuadernofp/locations/europe-west1/services/ssrcuadernofp","timeoutSeconds":60,"environmentVariables":{"VERCEL_URL":"cuadernofp.web.app","__FIREBASE_FRAMEWORKS_ENTRY__":"next.js","FIREBASE_CONFIG":"{\"projectId\":\"cuadernofp\",\"storageBucket\":\"cuadernofp.firebasestorage.app\"}","GCLOUD_PROJECT":"cuadernofp","EVENTARC_CLOUD_EVENT_SOURCE":"projects/cuadernofp/locations/europe-west1/services/ssrcuadernofp","FUNCTION_TARGET":"ssrcuadernofp","LOG_EXECUTION_ID":"true"},"ingressSettings":"ALLOW_ALL","uri":"https://ssrcuadernofp-ksqnfs2byq-ew.a.run.app","serviceAccountEmail":"215337606799-compute@developer.gserviceaccount.com","availableMemory":"256Mi","allTrafficOnLatestRevision":true,"revision":"ssrcuadernofp-00153-quq","maxInstanceRequestConcurrency":80,"availableCpu":"1"},"state":"ACTIVE","labels":{"deployment-tool":"cloudfunctions","firebase-functions-codebase":"firebase-frameworks-cuadernofp","firebase-functions-hash":"b15459f8079b50e6c0b98a8c8d8a642e1c5e3349"},"environment":"GEN_2","url":"https://europe-west1-cuadernofp.cloudfunctions.net/ssrcuadernofp","satisfiesPzi":true},"stages":[{"name":"BUILD","message":"Build in progress","state":"IN_PROGRESS","resource":"projects/215337606799/locations/europe-west1/builds/58bf731c-622e-4a0c-a3e0-fc4ec59141bb","resourceUri":"https://console.cloud.google.com/cloud-build/builds;region=europe-west1/58bf731c-622e-4a0c-a3e0-fc4ec59141bb?project=215337606799"},{"name":"SERVICE","state":"NOT_STARTED"}],"operationType":"UPDATE_FUNCTION","buildName":"projects/215337606799/locations/europe-west1/builds/58bf731c-622e-4a0c-a3e0-fc4ec59141bb"},"done":false}
[debug] [2026-06-26T06:22:11.854Z] [update-firebase-frameworks-cuadernofp-europe-west1-ssrcuadernofp] Retrying task index 0
[debug] [2026-06-26T06:22:11.855Z] No OAuth tokens found
[debug] [2026-06-26T06:22:11.855Z] >>> [apiv2][query] GET https://cloudfunctions.googleapis.com/v2/projects/cuadernofp/locations/europe-west1/operations/operation-1782454265717-65521f95624b2-08e2b7e2-a6e49692 [none]
[debug] [2026-06-26T06:22:12.217Z] <<< [apiv2][status] GET https://cloudfunctions.googleapis.com/v2/projects/cuadernofp/locations/europe-west1/operations/operation-1782454265717-65521f95624b2-08e2b7e2-a6e49692 200
[debug] [2026-06-26T06:22:12.217Z] <<< [apiv2][body] GET https://cloudfunctions.googleapis.com/v2/projects/cuadernofp/locations/europe-west1/operations/operation-1782454265717-65521f95624b2-08e2b7e2-a6e49692 {"name":"projects/cuadernofp/locations/europe-west1/operations/operation-1782454265717-65521f95624b2-08e2b7e2-a6e49692","metadata":{"@type":"type.googleapis.com/google.cloud.functions.v2.OperationMetadata","createTime":"2026-06-26T06:11:06.992971693Z","target":"projects/cuadernofp/locations/europe-west1/functions/ssrcuadernofp","verb":"update","cancelRequested":false,"apiVersion":"v2","requestResource":{"@type":"type.googleapis.com/google.cloud.functions.v2.Function","name":"projects/cuadernofp/locations/europe-west1/functions/ssrcuadernofp","buildConfig":{"runtime":"nodejs24","entryPoint":"ssrcuadernofp","source":{"storageSource":{"bucket":"gcf-v2-sources-215337606799-europe-west1","object":"ssrcuadernofp/function-source.zip","generation":"1782454266934733"}},"environmentVariables":{"GOOGLE_NODE_RUN_SCRIPTS":""},"dockerRepository":"projects/cuadernofp/locations/europe-west1/repositories/gcf-artifacts","sourceProvenance":{"resolvedStorageSource":{"bucket":"gcf-v2-sources-215337606799-europe-west1","object":"ssrcuadernofp/function-source.zip","generation":"1782452155275457"}},"dockerRegistry":"ARTIFACT_REGISTRY","serviceAccount":"projects/cuadernofp/serviceAccounts/215337606799-compute@developer.gserviceaccount.com","automaticUpdatePolicy":{}},"serviceConfig":{"service":"projects/cuadernofp/locations/europe-west1/services/ssrcuadernofp","timeoutSeconds":60,"environmentVariables":{"VERCEL_URL":"cuadernofp.web.app","__FIREBASE_FRAMEWORKS_ENTRY__":"next.js","FIREBASE_CONFIG":"{\"projectId\":\"cuadernofp\",\"storageBucket\":\"cuadernofp.firebasestorage.app\"}","GCLOUD_PROJECT":"cuadernofp","EVENTARC_CLOUD_EVENT_SOURCE":"projects/cuadernofp/locations/europe-west1/services/ssrcuadernofp","FUNCTION_TARGET":"ssrcuadernofp","LOG_EXECUTION_ID":"true"},"ingressSettings":"ALLOW_ALL","uri":"https://ssrcuadernofp-ksqnfs2byq-ew.a.run.app","serviceAccountEmail":"215337606799-compute@developer.gserviceaccount.com","availableMemory":"256Mi","allTrafficOnLatestRevision":true,"revision":"ssrcuadernofp-00153-quq","maxInstanceRequestConcurrency":80,"availableCpu":"1"},"state":"ACTIVE","labels":{"deployment-tool":"cloudfunctions","firebase-functions-codebase":"firebase-frameworks-cuadernofp","firebase-functions-hash":"b15459f8079b50e6c0b98a8c8d8a642e1c5e3349"},"environment":"GEN_2","url":"https://europe-west1-cuadernofp.cloudfunctions.net/ssrcuadernofp","satisfiesPzi":true},"stages":[{"name":"BUILD","message":"Build in progress","state":"IN_PROGRESS","resource":"projects/215337606799/locations/europe-west1/builds/58bf731c-622e-4a0c-a3e0-fc4ec59141bb","resourceUri":"https://console.cloud.google.com/cloud-build/builds;region=europe-west1/58bf731c-622e-4a0c-a3e0-fc4ec59141bb?project=215337606799"},{"name":"SERVICE","state":"NOT_STARTED"}],"operationType":"UPDATE_FUNCTION","buildName":"projects/215337606799/locations/europe-west1/builds/58bf731c-622e-4a0c-a3e0-fc4ec59141bb"},"done":false}
[debug] [2026-06-26T06:22:22.225Z] [update-firebase-frameworks-cuadernofp-europe-west1-ssrcuadernofp] Retrying task index 0
[debug] [2026-06-26T06:22:22.227Z] No OAuth tokens found
[debug] [2026-06-26T06:22:22.228Z] >>> [apiv2][query] GET https://cloudfunctions.googleapis.com/v2/projects/cuadernofp/locations/europe-west1/operations/operation-1782454265717-65521f95624b2-08e2b7e2-a6e49692 [none]
[debug] [2026-06-26T06:22:22.379Z] <<< [apiv2][status] GET https://cloudfunctions.googleapis.com/v2/projects/cuadernofp/locations/europe-west1/operations/operation-1782454265717-65521f95624b2-08e2b7e2-a6e49692 200
[debug] [2026-06-26T06:22:22.380Z] <<< [apiv2][body] GET https://cloudfunctions.googleapis.com/v2/projects/cuadernofp/locations/europe-west1/operations/operation-1782454265717-65521f95624b2-08e2b7e2-a6e49692 {"name":"projects/cuadernofp/locations/europe-west1/operations/operation-1782454265717-65521f95624b2-08e2b7e2-a6e49692","metadata":{"@type":"type.googleapis.com/google.cloud.functions.v2.OperationMetadata","createTime":"2026-06-26T06:11:06.992971693Z","target":"projects/cuadernofp/locations/europe-west1/functions/ssrcuadernofp","verb":"update","cancelRequested":false,"apiVersion":"v2","requestResource":{"@type":"type.googleapis.com/google.cloud.functions.v2.Function","name":"projects/cuadernofp/locations/europe-west1/functions/ssrcuadernofp","buildConfig":{"runtime":"nodejs24","entryPoint":"ssrcuadernofp","source":{"storageSource":{"bucket":"gcf-v2-sources-215337606799-europe-west1","object":"ssrcuadernofp/function-source.zip","generation":"1782454266934733"}},"environmentVariables":{"GOOGLE_NODE_RUN_SCRIPTS":""},"dockerRepository":"projects/cuadernofp/locations/europe-west1/repositories/gcf-artifacts","sourceProvenance":{"resolvedStorageSource":{"bucket":"gcf-v2-sources-215337606799-europe-west1","object":"ssrcuadernofp/function-source.zip","generation":"1782452155275457"}},"dockerRegistry":"ARTIFACT_REGISTRY","serviceAccount":"projects/cuadernofp/serviceAccounts/215337606799-compute@developer.gserviceaccount.com","automaticUpdatePolicy":{}},"serviceConfig":{"service":"projects/cuadernofp/locations/europe-west1/services/ssrcuadernofp","timeoutSeconds":60,"environmentVariables":{"VERCEL_URL":"cuadernofp.web.app","__FIREBASE_FRAMEWORKS_ENTRY__":"next.js","FIREBASE_CONFIG":"{\"projectId\":\"cuadernofp\",\"storageBucket\":\"cuadernofp.firebasestorage.app\"}","GCLOUD_PROJECT":"cuadernofp","EVENTARC_CLOUD_EVENT_SOURCE":"projects/cuadernofp/locations/europe-west1/services/ssrcuadernofp","FUNCTION_TARGET":"ssrcuadernofp","LOG_EXECUTION_ID":"true"},"ingressSettings":"ALLOW_ALL","uri":"https://ssrcuadernofp-ksqnfs2byq-ew.a.run.app","serviceAccountEmail":"215337606799-compute@developer.gserviceaccount.com","availableMemory":"256Mi","allTrafficOnLatestRevision":true,"revision":"ssrcuadernofp-00153-quq","maxInstanceRequestConcurrency":80,"availableCpu":"1"},"state":"ACTIVE","labels":{"deployment-tool":"cloudfunctions","firebase-functions-codebase":"firebase-frameworks-cuadernofp","firebase-functions-hash":"b15459f8079b50e6c0b98a8c8d8a642e1c5e3349"},"environment":"GEN_2","url":"https://europe-west1-cuadernofp.cloudfunctions.net/ssrcuadernofp","satisfiesPzi":true},"stages":[{"name":"BUILD","message":"Build in progress","state":"IN_PROGRESS","resource":"projects/215337606799/locations/europe-west1/builds/58bf731c-622e-4a0c-a3e0-fc4ec59141bb","resourceUri":"https://console.cloud.google.com/cloud-build/builds;region=europe-west1/58bf731c-622e-4a0c-a3e0-fc4ec59141bb?project=215337606799"},{"name":"SERVICE","state":"NOT_STARTED"}],"operationType":"UPDATE_FUNCTION","buildName":"projects/215337606799/locations/europe-west1/builds/58bf731c-622e-4a0c-a3e0-fc4ec59141bb"},"done":false}
[debug] [2026-06-26T06:22:32.392Z] [update-firebase-frameworks-cuadernofp-europe-west1-ssrcuadernofp] Retrying task index 0
[debug] [2026-06-26T06:22:32.394Z] No OAuth tokens found
[debug] [2026-06-26T06:22:32.394Z] >>> [apiv2][query] GET https://cloudfunctions.googleapis.com/v2/projects/cuadernofp/locations/europe-west1/operations/operation-1782454265717-65521f95624b2-08e2b7e2-a6e49692 [none]
[debug] [2026-06-26T06:22:32.787Z] <<< [apiv2][status] GET https://cloudfunctions.googleapis.com/v2/projects/cuadernofp/locations/europe-west1/operations/operation-1782454265717-65521f95624b2-08e2b7e2-a6e49692 200
[debug] [2026-06-26T06:22:32.787Z] <<< [apiv2][body] GET https://cloudfunctions.googleapis.com/v2/projects/cuadernofp/locations/europe-west1/operations/operation-1782454265717-65521f95624b2-08e2b7e2-a6e49692 {"name":"projects/cuadernofp/locations/europe-west1/operations/operation-1782454265717-65521f95624b2-08e2b7e2-a6e49692","metadata":{"@type":"type.googleapis.com/google.cloud.functions.v2.OperationMetadata","createTime":"2026-06-26T06:11:06.992971693Z","target":"projects/cuadernofp/locations/europe-west1/functions/ssrcuadernofp","verb":"update","cancelRequested":false,"apiVersion":"v2","requestResource":{"@type":"type.googleapis.com/google.cloud.functions.v2.Function","name":"projects/cuadernofp/locations/europe-west1/functions/ssrcuadernofp","buildConfig":{"runtime":"nodejs24","entryPoint":"ssrcuadernofp","source":{"storageSource":{"bucket":"gcf-v2-sources-215337606799-europe-west1","object":"ssrcuadernofp/function-source.zip","generation":"1782454266934733"}},"environmentVariables":{"GOOGLE_NODE_RUN_SCRIPTS":""},"dockerRepository":"projects/cuadernofp/locations/europe-west1/repositories/gcf-artifacts","sourceProvenance":{"resolvedStorageSource":{"bucket":"gcf-v2-sources-215337606799-europe-west1","object":"ssrcuadernofp/function-source.zip","generation":"1782452155275457"}},"dockerRegistry":"ARTIFACT_REGISTRY","serviceAccount":"projects/cuadernofp/serviceAccounts/215337606799-compute@developer.gserviceaccount.com","automaticUpdatePolicy":{}},"serviceConfig":{"service":"projects/cuadernofp/locations/europe-west1/services/ssrcuadernofp","timeoutSeconds":60,"environmentVariables":{"VERCEL_URL":"cuadernofp.web.app","__FIREBASE_FRAMEWORKS_ENTRY__":"next.js","FIREBASE_CONFIG":"{\"projectId\":\"cuadernofp\",\"storageBucket\":\"cuadernofp.firebasestorage.app\"}","GCLOUD_PROJECT":"cuadernofp","EVENTARC_CLOUD_EVENT_SOURCE":"projects/cuadernofp/locations/europe-west1/services/ssrcuadernofp","FUNCTION_TARGET":"ssrcuadernofp","LOG_EXECUTION_ID":"true"},"ingressSettings":"ALLOW_ALL","uri":"https://ssrcuadernofp-ksqnfs2byq-ew.a.run.app","serviceAccountEmail":"215337606799-compute@developer.gserviceaccount.com","availableMemory":"256Mi","allTrafficOnLatestRevision":true,"revision":"ssrcuadernofp-00153-quq","maxInstanceRequestConcurrency":80,"availableCpu":"1"},"state":"ACTIVE","labels":{"deployment-tool":"cloudfunctions","firebase-functions-codebase":"firebase-frameworks-cuadernofp","firebase-functions-hash":"b15459f8079b50e6c0b98a8c8d8a642e1c5e3349"},"environment":"GEN_2","url":"https://europe-west1-cuadernofp.cloudfunctions.net/ssrcuadernofp","satisfiesPzi":true},"stages":[{"name":"BUILD","message":"Build in progress","state":"IN_PROGRESS","resource":"projects/215337606799/locations/europe-west1/builds/58bf731c-622e-4a0c-a3e0-fc4ec59141bb","resourceUri":"https://console.cloud.google.com/cloud-build/builds;region=europe-west1/58bf731c-622e-4a0c-a3e0-fc4ec59141bb?project=215337606799"},{"name":"SERVICE","state":"NOT_STARTED"}],"operationType":"UPDATE_FUNCTION","buildName":"projects/215337606799/locations/europe-west1/builds/58bf731c-622e-4a0c-a3e0-fc4ec59141bb"},"done":false}
[debug] [2026-06-26T06:22:42.795Z] [update-firebase-frameworks-cuadernofp-europe-west1-ssrcuadernofp] Retrying task index 0
[debug] [2026-06-26T06:22:42.797Z] No OAuth tokens found
[debug] [2026-06-26T06:22:42.797Z] >>> [apiv2][query] GET https://cloudfunctions.googleapis.com/v2/projects/cuadernofp/locations/europe-west1/operations/operation-1782454265717-65521f95624b2-08e2b7e2-a6e49692 [none]
[debug] [2026-06-26T06:22:43.004Z] <<< [apiv2][status] GET https://cloudfunctions.googleapis.com/v2/projects/cuadernofp/locations/europe-west1/operations/operation-1782454265717-65521f95624b2-08e2b7e2-a6e49692 200
[debug] [2026-06-26T06:22:43.005Z] <<< [apiv2][body] GET https://cloudfunctions.googleapis.com/v2/projects/cuadernofp/locations/europe-west1/operations/operation-1782454265717-65521f95624b2-08e2b7e2-a6e49692 {"name":"projects/cuadernofp/locations/europe-west1/operations/operation-1782454265717-65521f95624b2-08e2b7e2-a6e49692","metadata":{"@type":"type.googleapis.com/google.cloud.functions.v2.OperationMetadata","createTime":"2026-06-26T06:11:06.992971693Z","target":"projects/cuadernofp/locations/europe-west1/functions/ssrcuadernofp","verb":"update","cancelRequested":false,"apiVersion":"v2","requestResource":{"@type":"type.googleapis.com/google.cloud.functions.v2.Function","name":"projects/cuadernofp/locations/europe-west1/functions/ssrcuadernofp","buildConfig":{"runtime":"nodejs24","entryPoint":"ssrcuadernofp","source":{"storageSource":{"bucket":"gcf-v2-sources-215337606799-europe-west1","object":"ssrcuadernofp/function-source.zip","generation":"1782454266934733"}},"environmentVariables":{"GOOGLE_NODE_RUN_SCRIPTS":""},"dockerRepository":"projects/cuadernofp/locations/europe-west1/repositories/gcf-artifacts","sourceProvenance":{"resolvedStorageSource":{"bucket":"gcf-v2-sources-215337606799-europe-west1","object":"ssrcuadernofp/function-source.zip","generation":"1782452155275457"}},"dockerRegistry":"ARTIFACT_REGISTRY","serviceAccount":"projects/cuadernofp/serviceAccounts/215337606799-compute@developer.gserviceaccount.com","automaticUpdatePolicy":{}},"serviceConfig":{"service":"projects/cuadernofp/locations/europe-west1/services/ssrcuadernofp","timeoutSeconds":60,"environmentVariables":{"VERCEL_URL":"cuadernofp.web.app","__FIREBASE_FRAMEWORKS_ENTRY__":"next.js","FIREBASE_CONFIG":"{\"projectId\":\"cuadernofp\",\"storageBucket\":\"cuadernofp.firebasestorage.app\"}","GCLOUD_PROJECT":"cuadernofp","EVENTARC_CLOUD_EVENT_SOURCE":"projects/cuadernofp/locations/europe-west1/services/ssrcuadernofp","FUNCTION_TARGET":"ssrcuadernofp","LOG_EXECUTION_ID":"true"},"ingressSettings":"ALLOW_ALL","uri":"https://ssrcuadernofp-ksqnfs2byq-ew.a.run.app","serviceAccountEmail":"215337606799-compute@developer.gserviceaccount.com","availableMemory":"256Mi","allTrafficOnLatestRevision":true,"revision":"ssrcuadernofp-00153-quq","maxInstanceRequestConcurrency":80,"availableCpu":"1"},"state":"ACTIVE","labels":{"deployment-tool":"cloudfunctions","firebase-functions-codebase":"firebase-frameworks-cuadernofp","firebase-functions-hash":"b15459f8079b50e6c0b98a8c8d8a642e1c5e3349"},"environment":"GEN_2","url":"https://europe-west1-cuadernofp.cloudfunctions.net/ssrcuadernofp","satisfiesPzi":true},"stages":[{"name":"BUILD","message":"Build in progress","state":"IN_PROGRESS","resource":"projects/215337606799/locations/europe-west1/builds/58bf731c-622e-4a0c-a3e0-fc4ec59141bb","resourceUri":"https://console.cloud.google.com/cloud-build/builds;region=europe-west1/58bf731c-622e-4a0c-a3e0-fc4ec59141bb?project=215337606799"},{"name":"SERVICE","state":"NOT_STARTED"}],"operationType":"UPDATE_FUNCTION","buildName":"projects/215337606799/locations/europe-west1/builds/58bf731c-622e-4a0c-a3e0-fc4ec59141bb"},"done":false}
[debug] [2026-06-26T06:22:53.006Z] [update-firebase-frameworks-cuadernofp-europe-west1-ssrcuadernofp] Retrying task index 0
[debug] [2026-06-26T06:22:53.008Z] No OAuth tokens found
[debug] [2026-06-26T06:22:53.008Z] >>> [apiv2][query] GET https://cloudfunctions.googleapis.com/v2/projects/cuadernofp/locations/europe-west1/operations/operation-1782454265717-65521f95624b2-08e2b7e2-a6e49692 [none]
[debug] [2026-06-26T06:22:53.414Z] <<< [apiv2][status] GET https://cloudfunctions.googleapis.com/v2/projects/cuadernofp/locations/europe-west1/operations/operation-1782454265717-65521f95624b2-08e2b7e2-a6e49692 200
[debug] [2026-06-26T06:22:53.414Z] <<< [apiv2][body] GET https://cloudfunctions.googleapis.com/v2/projects/cuadernofp/locations/europe-west1/operations/operation-1782454265717-65521f95624b2-08e2b7e2-a6e49692 {"name":"projects/cuadernofp/locations/europe-west1/operations/operation-1782454265717-65521f95624b2-08e2b7e2-a6e49692","metadata":{"@type":"type.googleapis.com/google.cloud.functions.v2.OperationMetadata","createTime":"2026-06-26T06:11:06.992971693Z","target":"projects/cuadernofp/locations/europe-west1/functions/ssrcuadernofp","verb":"update","cancelRequested":false,"apiVersion":"v2","requestResource":{"@type":"type.googleapis.com/google.cloud.functions.v2.Function","name":"projects/cuadernofp/locations/europe-west1/functions/ssrcuadernofp","buildConfig":{"runtime":"nodejs24","entryPoint":"ssrcuadernofp","source":{"storageSource":{"bucket":"gcf-v2-sources-215337606799-europe-west1","object":"ssrcuadernofp/function-source.zip","generation":"1782454266934733"}},"environmentVariables":{"GOOGLE_NODE_RUN_SCRIPTS":""},"dockerRepository":"projects/cuadernofp/locations/europe-west1/repositories/gcf-artifacts","sourceProvenance":{"resolvedStorageSource":{"bucket":"gcf-v2-sources-215337606799-europe-west1","object":"ssrcuadernofp/function-source.zip","generation":"1782452155275457"}},"dockerRegistry":"ARTIFACT_REGISTRY","serviceAccount":"projects/cuadernofp/serviceAccounts/215337606799-compute@developer.gserviceaccount.com","automaticUpdatePolicy":{}},"serviceConfig":{"service":"projects/cuadernofp/locations/europe-west1/services/ssrcuadernofp","timeoutSeconds":60,"environmentVariables":{"VERCEL_URL":"cuadernofp.web.app","__FIREBASE_FRAMEWORKS_ENTRY__":"next.js","FIREBASE_CONFIG":"{\"projectId\":\"cuadernofp\",\"storageBucket\":\"cuadernofp.firebasestorage.app\"}","GCLOUD_PROJECT":"cuadernofp","EVENTARC_CLOUD_EVENT_SOURCE":"projects/cuadernofp/locations/europe-west1/services/ssrcuadernofp","FUNCTION_TARGET":"ssrcuadernofp","LOG_EXECUTION_ID":"true"},"ingressSettings":"ALLOW_ALL","uri":"https://ssrcuadernofp-ksqnfs2byq-ew.a.run.app","serviceAccountEmail":"215337606799-compute@developer.gserviceaccount.com","availableMemory":"256Mi","allTrafficOnLatestRevision":true,"revision":"ssrcuadernofp-00153-quq","maxInstanceRequestConcurrency":80,"availableCpu":"1"},"state":"ACTIVE","labels":{"deployment-tool":"cloudfunctions","firebase-functions-codebase":"firebase-frameworks-cuadernofp","firebase-functions-hash":"b15459f8079b50e6c0b98a8c8d8a642e1c5e3349"},"environment":"GEN_2","url":"https://europe-west1-cuadernofp.cloudfunctions.net/ssrcuadernofp","satisfiesPzi":true},"stages":[{"name":"BUILD","message":"Build in progress","state":"IN_PROGRESS","resource":"projects/215337606799/locations/europe-west1/builds/58bf731c-622e-4a0c-a3e0-fc4ec59141bb","resourceUri":"https://console.cloud.google.com/cloud-build/builds;region=europe-west1/58bf731c-622e-4a0c-a3e0-fc4ec59141bb?project=215337606799"},{"name":"SERVICE","state":"NOT_STARTED"}],"operationType":"UPDATE_FUNCTION","buildName":"projects/215337606799/locations/europe-west1/builds/58bf731c-622e-4a0c-a3e0-fc4ec59141bb"},"done":false}
[debug] [2026-06-26T06:23:03.415Z] [update-firebase-frameworks-cuadernofp-europe-west1-ssrcuadernofp] Retrying task index 0
[debug] [2026-06-26T06:23:03.416Z] No OAuth tokens found
[debug] [2026-06-26T06:23:03.416Z] >>> [apiv2][query] GET https://cloudfunctions.googleapis.com/v2/projects/cuadernofp/locations/europe-west1/operations/operation-1782454265717-65521f95624b2-08e2b7e2-a6e49692 [none]
[debug] [2026-06-26T06:23:03.979Z] <<< [apiv2][status] GET https://cloudfunctions.googleapis.com/v2/projects/cuadernofp/locations/europe-west1/operations/operation-1782454265717-65521f95624b2-08e2b7e2-a6e49692 200
[debug] [2026-06-26T06:23:03.979Z] <<< [apiv2][body] GET https://cloudfunctions.googleapis.com/v2/projects/cuadernofp/locations/europe-west1/operations/operation-1782454265717-65521f95624b2-08e2b7e2-a6e49692 {"name":"projects/cuadernofp/locations/europe-west1/operations/operation-1782454265717-65521f95624b2-08e2b7e2-a6e49692","metadata":{"@type":"type.googleapis.com/google.cloud.functions.v2.OperationMetadata","createTime":"2026-06-26T06:11:06.992971693Z","target":"projects/cuadernofp/locations/europe-west1/functions/ssrcuadernofp","verb":"update","cancelRequested":false,"apiVersion":"v2","requestResource":{"@type":"type.googleapis.com/google.cloud.functions.v2.Function","name":"projects/cuadernofp/locations/europe-west1/functions/ssrcuadernofp","buildConfig":{"runtime":"nodejs24","entryPoint":"ssrcuadernofp","source":{"storageSource":{"bucket":"gcf-v2-sources-215337606799-europe-west1","object":"ssrcuadernofp/function-source.zip","generation":"1782454266934733"}},"environmentVariables":{"GOOGLE_NODE_RUN_SCRIPTS":""},"dockerRepository":"projects/cuadernofp/locations/europe-west1/repositories/gcf-artifacts","sourceProvenance":{"resolvedStorageSource":{"bucket":"gcf-v2-sources-215337606799-europe-west1","object":"ssrcuadernofp/function-source.zip","generation":"1782452155275457"}},"dockerRegistry":"ARTIFACT_REGISTRY","serviceAccount":"projects/cuadernofp/serviceAccounts/215337606799-compute@developer.gserviceaccount.com","automaticUpdatePolicy":{}},"serviceConfig":{"service":"projects/cuadernofp/locations/europe-west1/services/ssrcuadernofp","timeoutSeconds":60,"environmentVariables":{"VERCEL_URL":"cuadernofp.web.app","__FIREBASE_FRAMEWORKS_ENTRY__":"next.js","FIREBASE_CONFIG":"{\"projectId\":\"cuadernofp\",\"storageBucket\":\"cuadernofp.firebasestorage.app\"}","GCLOUD_PROJECT":"cuadernofp","EVENTARC_CLOUD_EVENT_SOURCE":"projects/cuadernofp/locations/europe-west1/services/ssrcuadernofp","FUNCTION_TARGET":"ssrcuadernofp","LOG_EXECUTION_ID":"true"},"ingressSettings":"ALLOW_ALL","uri":"https://ssrcuadernofp-ksqnfs2byq-ew.a.run.app","serviceAccountEmail":"215337606799-compute@developer.gserviceaccount.com","availableMemory":"256Mi","allTrafficOnLatestRevision":true,"revision":"ssrcuadernofp-00153-quq","maxInstanceRequestConcurrency":80,"availableCpu":"1"},"state":"ACTIVE","labels":{"deployment-tool":"cloudfunctions","firebase-functions-codebase":"firebase-frameworks-cuadernofp","firebase-functions-hash":"b15459f8079b50e6c0b98a8c8d8a642e1c5e3349"},"environment":"GEN_2","url":"https://europe-west1-cuadernofp.cloudfunctions.net/ssrcuadernofp","satisfiesPzi":true},"stages":[{"name":"BUILD","message":"Build in progress","state":"IN_PROGRESS","resource":"projects/215337606799/locations/europe-west1/builds/58bf731c-622e-4a0c-a3e0-fc4ec59141bb","resourceUri":"https://console.cloud.google.com/cloud-build/builds;region=europe-west1/58bf731c-622e-4a0c-a3e0-fc4ec59141bb?project=215337606799"},{"name":"SERVICE","state":"NOT_STARTED"}],"operationType":"UPDATE_FUNCTION","buildName":"projects/215337606799/locations/europe-west1/builds/58bf731c-622e-4a0c-a3e0-fc4ec59141bb"},"done":false}
[debug] [2026-06-26T06:23:13.981Z] [update-firebase-frameworks-cuadernofp-europe-west1-ssrcuadernofp] Retrying task index 0
[debug] [2026-06-26T06:23:13.982Z] No OAuth tokens found
[debug] [2026-06-26T06:23:13.983Z] >>> [apiv2][query] GET https://cloudfunctions.googleapis.com/v2/projects/cuadernofp/locations/europe-west1/operations/operation-1782454265717-65521f95624b2-08e2b7e2-a6e49692 [none]
[debug] [2026-06-26T06:23:14.311Z] <<< [apiv2][status] GET https://cloudfunctions.googleapis.com/v2/projects/cuadernofp/locations/europe-west1/operations/operation-1782454265717-65521f95624b2-08e2b7e2-a6e49692 200
[debug] [2026-06-26T06:23:14.312Z] <<< [apiv2][body] GET https://cloudfunctions.googleapis.com/v2/projects/cuadernofp/locations/europe-west1/operations/operation-1782454265717-65521f95624b2-08e2b7e2-a6e49692 {"name":"projects/cuadernofp/locations/europe-west1/operations/operation-1782454265717-65521f95624b2-08e2b7e2-a6e49692","metadata":{"@type":"type.googleapis.com/google.cloud.functions.v2.OperationMetadata","createTime":"2026-06-26T06:11:06.992971693Z","target":"projects/cuadernofp/locations/europe-west1/functions/ssrcuadernofp","verb":"update","cancelRequested":false,"apiVersion":"v2","requestResource":{"@type":"type.googleapis.com/google.cloud.functions.v2.Function","name":"projects/cuadernofp/locations/europe-west1/functions/ssrcuadernofp","buildConfig":{"runtime":"nodejs24","entryPoint":"ssrcuadernofp","source":{"storageSource":{"bucket":"gcf-v2-sources-215337606799-europe-west1","object":"ssrcuadernofp/function-source.zip","generation":"1782454266934733"}},"environmentVariables":{"GOOGLE_NODE_RUN_SCRIPTS":""},"dockerRepository":"projects/cuadernofp/locations/europe-west1/repositories/gcf-artifacts","sourceProvenance":{"resolvedStorageSource":{"bucket":"gcf-v2-sources-215337606799-europe-west1","object":"ssrcuadernofp/function-source.zip","generation":"1782452155275457"}},"dockerRegistry":"ARTIFACT_REGISTRY","serviceAccount":"projects/cuadernofp/serviceAccounts/215337606799-compute@developer.gserviceaccount.com","automaticUpdatePolicy":{}},"serviceConfig":{"service":"projects/cuadernofp/locations/europe-west1/services/ssrcuadernofp","timeoutSeconds":60,"environmentVariables":{"VERCEL_URL":"cuadernofp.web.app","__FIREBASE_FRAMEWORKS_ENTRY__":"next.js","FIREBASE_CONFIG":"{\"projectId\":\"cuadernofp\",\"storageBucket\":\"cuadernofp.firebasestorage.app\"}","GCLOUD_PROJECT":"cuadernofp","EVENTARC_CLOUD_EVENT_SOURCE":"projects/cuadernofp/locations/europe-west1/services/ssrcuadernofp","FUNCTION_TARGET":"ssrcuadernofp","LOG_EXECUTION_ID":"true"},"ingressSettings":"ALLOW_ALL","uri":"https://ssrcuadernofp-ksqnfs2byq-ew.a.run.app","serviceAccountEmail":"215337606799-compute@developer.gserviceaccount.com","availableMemory":"256Mi","allTrafficOnLatestRevision":true,"revision":"ssrcuadernofp-00153-quq","maxInstanceRequestConcurrency":80,"availableCpu":"1"},"state":"ACTIVE","labels":{"deployment-tool":"cloudfunctions","firebase-functions-codebase":"firebase-frameworks-cuadernofp","firebase-functions-hash":"b15459f8079b50e6c0b98a8c8d8a642e1c5e3349"},"environment":"GEN_2","url":"https://europe-west1-cuadernofp.cloudfunctions.net/ssrcuadernofp","satisfiesPzi":true},"stages":[{"name":"BUILD","message":"Build in progress","state":"IN_PROGRESS","resource":"projects/215337606799/locations/europe-west1/builds/58bf731c-622e-4a0c-a3e0-fc4ec59141bb","resourceUri":"https://console.cloud.google.com/cloud-build/builds;region=europe-west1/58bf731c-622e-4a0c-a3e0-fc4ec59141bb?project=215337606799"},{"name":"SERVICE","state":"NOT_STARTED"}],"operationType":"UPDATE_FUNCTION","buildName":"projects/215337606799/locations/europe-west1/builds/58bf731c-622e-4a0c-a3e0-fc4ec59141bb"},"done":false}
[debug] [2026-06-26T06:23:24.314Z] [update-firebase-frameworks-cuadernofp-europe-west1-ssrcuadernofp] Retrying task index 0
[debug] [2026-06-26T06:23:24.316Z] No OAuth tokens found
[debug] [2026-06-26T06:23:24.316Z] >>> [apiv2][query] GET https://cloudfunctions.googleapis.com/v2/projects/cuadernofp/locations/europe-west1/operations/operation-1782454265717-65521f95624b2-08e2b7e2-a6e49692 [none]
[debug] [2026-06-26T06:23:24.425Z] <<< [apiv2][status] GET https://cloudfunctions.googleapis.com/v2/projects/cuadernofp/locations/europe-west1/operations/operation-1782454265717-65521f95624b2-08e2b7e2-a6e49692 200
[debug] [2026-06-26T06:23:24.426Z] <<< [apiv2][body] GET https://cloudfunctions.googleapis.com/v2/projects/cuadernofp/locations/europe-west1/operations/operation-1782454265717-65521f95624b2-08e2b7e2-a6e49692 {"name":"projects/cuadernofp/locations/europe-west1/operations/operation-1782454265717-65521f95624b2-08e2b7e2-a6e49692","metadata":{"@type":"type.googleapis.com/google.cloud.functions.v2.OperationMetadata","createTime":"2026-06-26T06:11:06.992971693Z","target":"projects/cuadernofp/locations/europe-west1/functions/ssrcuadernofp","verb":"update","cancelRequested":false,"apiVersion":"v2","requestResource":{"@type":"type.googleapis.com/google.cloud.functions.v2.Function","name":"projects/cuadernofp/locations/europe-west1/functions/ssrcuadernofp","buildConfig":{"runtime":"nodejs24","entryPoint":"ssrcuadernofp","source":{"storageSource":{"bucket":"gcf-v2-sources-215337606799-europe-west1","object":"ssrcuadernofp/function-source.zip","generation":"1782454266934733"}},"environmentVariables":{"GOOGLE_NODE_RUN_SCRIPTS":""},"dockerRepository":"projects/cuadernofp/locations/europe-west1/repositories/gcf-artifacts","sourceProvenance":{"resolvedStorageSource":{"bucket":"gcf-v2-sources-215337606799-europe-west1","object":"ssrcuadernofp/function-source.zip","generation":"1782452155275457"}},"dockerRegistry":"ARTIFACT_REGISTRY","serviceAccount":"projects/cuadernofp/serviceAccounts/215337606799-compute@developer.gserviceaccount.com","automaticUpdatePolicy":{}},"serviceConfig":{"service":"projects/cuadernofp/locations/europe-west1/services/ssrcuadernofp","timeoutSeconds":60,"environmentVariables":{"VERCEL_URL":"cuadernofp.web.app","__FIREBASE_FRAMEWORKS_ENTRY__":"next.js","FIREBASE_CONFIG":"{\"projectId\":\"cuadernofp\",\"storageBucket\":\"cuadernofp.firebasestorage.app\"}","GCLOUD_PROJECT":"cuadernofp","EVENTARC_CLOUD_EVENT_SOURCE":"projects/cuadernofp/locations/europe-west1/services/ssrcuadernofp","FUNCTION_TARGET":"ssrcuadernofp","LOG_EXECUTION_ID":"true"},"ingressSettings":"ALLOW_ALL","uri":"https://ssrcuadernofp-ksqnfs2byq-ew.a.run.app","serviceAccountEmail":"215337606799-compute@developer.gserviceaccount.com","availableMemory":"256Mi","allTrafficOnLatestRevision":true,"revision":"ssrcuadernofp-00153-quq","maxInstanceRequestConcurrency":80,"availableCpu":"1"},"state":"ACTIVE","labels":{"deployment-tool":"cloudfunctions","firebase-functions-codebase":"firebase-frameworks-cuadernofp","firebase-functions-hash":"b15459f8079b50e6c0b98a8c8d8a642e1c5e3349"},"environment":"GEN_2","url":"https://europe-west1-cuadernofp.cloudfunctions.net/ssrcuadernofp","satisfiesPzi":true},"stages":[{"name":"BUILD","message":"Build in progress","state":"IN_PROGRESS","resource":"projects/215337606799/locations/europe-west1/builds/58bf731c-622e-4a0c-a3e0-fc4ec59141bb","resourceUri":"https://console.cloud.google.com/cloud-build/builds;region=europe-west1/58bf731c-622e-4a0c-a3e0-fc4ec59141bb?project=215337606799"},{"name":"SERVICE","state":"NOT_STARTED"}],"operationType":"UPDATE_FUNCTION","buildName":"projects/215337606799/locations/europe-west1/builds/58bf731c-622e-4a0c-a3e0-fc4ec59141bb"},"done":false}
[debug] [2026-06-26T06:23:34.426Z] [update-firebase-frameworks-cuadernofp-europe-west1-ssrcuadernofp] Retrying task index 0
[debug] [2026-06-26T06:23:34.427Z] No OAuth tokens found
[debug] [2026-06-26T06:23:34.427Z] >>> [apiv2][query] GET https://cloudfunctions.googleapis.com/v2/projects/cuadernofp/locations/europe-west1/operations/operation-1782454265717-65521f95624b2-08e2b7e2-a6e49692 [none]
[debug] [2026-06-26T06:23:34.743Z] <<< [apiv2][status] GET https://cloudfunctions.googleapis.com/v2/projects/cuadernofp/locations/europe-west1/operations/operation-1782454265717-65521f95624b2-08e2b7e2-a6e49692 200
[debug] [2026-06-26T06:23:34.743Z] <<< [apiv2][body] GET https://cloudfunctions.googleapis.com/v2/projects/cuadernofp/locations/europe-west1/operations/operation-1782454265717-65521f95624b2-08e2b7e2-a6e49692 {"name":"projects/cuadernofp/locations/europe-west1/operations/operation-1782454265717-65521f95624b2-08e2b7e2-a6e49692","metadata":{"@type":"type.googleapis.com/google.cloud.functions.v2.OperationMetadata","createTime":"2026-06-26T06:11:06.992971693Z","target":"projects/cuadernofp/locations/europe-west1/functions/ssrcuadernofp","verb":"update","cancelRequested":false,"apiVersion":"v2","requestResource":{"@type":"type.googleapis.com/google.cloud.functions.v2.Function","name":"projects/cuadernofp/locations/europe-west1/functions/ssrcuadernofp","buildConfig":{"runtime":"nodejs24","entryPoint":"ssrcuadernofp","source":{"storageSource":{"bucket":"gcf-v2-sources-215337606799-europe-west1","object":"ssrcuadernofp/function-source.zip","generation":"1782454266934733"}},"environmentVariables":{"GOOGLE_NODE_RUN_SCRIPTS":""},"dockerRepository":"projects/cuadernofp/locations/europe-west1/repositories/gcf-artifacts","sourceProvenance":{"resolvedStorageSource":{"bucket":"gcf-v2-sources-215337606799-europe-west1","object":"ssrcuadernofp/function-source.zip","generation":"1782452155275457"}},"dockerRegistry":"ARTIFACT_REGISTRY","serviceAccount":"projects/cuadernofp/serviceAccounts/215337606799-compute@developer.gserviceaccount.com","automaticUpdatePolicy":{}},"serviceConfig":{"service":"projects/cuadernofp/locations/europe-west1/services/ssrcuadernofp","timeoutSeconds":60,"environmentVariables":{"VERCEL_URL":"cuadernofp.web.app","__FIREBASE_FRAMEWORKS_ENTRY__":"next.js","FIREBASE_CONFIG":"{\"projectId\":\"cuadernofp\",\"storageBucket\":\"cuadernofp.firebasestorage.app\"}","GCLOUD_PROJECT":"cuadernofp","EVENTARC_CLOUD_EVENT_SOURCE":"projects/cuadernofp/locations/europe-west1/services/ssrcuadernofp","FUNCTION_TARGET":"ssrcuadernofp","LOG_EXECUTION_ID":"true"},"ingressSettings":"ALLOW_ALL","uri":"https://ssrcuadernofp-ksqnfs2byq-ew.a.run.app","serviceAccountEmail":"215337606799-compute@developer.gserviceaccount.com","availableMemory":"256Mi","allTrafficOnLatestRevision":true,"revision":"ssrcuadernofp-00153-quq","maxInstanceRequestConcurrency":80,"availableCpu":"1"},"state":"ACTIVE","labels":{"deployment-tool":"cloudfunctions","firebase-functions-codebase":"firebase-frameworks-cuadernofp","firebase-functions-hash":"b15459f8079b50e6c0b98a8c8d8a642e1c5e3349"},"environment":"GEN_2","url":"https://europe-west1-cuadernofp.cloudfunctions.net/ssrcuadernofp","satisfiesPzi":true},"stages":[{"name":"BUILD","message":"Build in progress","state":"IN_PROGRESS","resource":"projects/215337606799/locations/europe-west1/builds/58bf731c-622e-4a0c-a3e0-fc4ec59141bb","resourceUri":"https://console.cloud.google.com/cloud-build/builds;region=europe-west1/58bf731c-622e-4a0c-a3e0-fc4ec59141bb?project=215337606799"},{"name":"SERVICE","state":"NOT_STARTED"}],"operationType":"UPDATE_FUNCTION","buildName":"projects/215337606799/locations/europe-west1/builds/58bf731c-622e-4a0c-a3e0-fc4ec59141bb"},"done":false}
[debug] [2026-06-26T06:23:44.753Z] [update-firebase-frameworks-cuadernofp-europe-west1-ssrcuadernofp] Retrying task index 0
[debug] [2026-06-26T06:23:44.754Z] No OAuth tokens found
[debug] [2026-06-26T06:23:44.755Z] >>> [apiv2][query] GET https://cloudfunctions.googleapis.com/v2/projects/cuadernofp/locations/europe-west1/operations/operation-1782454265717-65521f95624b2-08e2b7e2-a6e49692 [none]
[debug] [2026-06-26T06:23:45.227Z] <<< [apiv2][status] GET https://cloudfunctions.googleapis.com/v2/projects/cuadernofp/locations/europe-west1/operations/operation-1782454265717-65521f95624b2-08e2b7e2-a6e49692 200
[debug] [2026-06-26T06:23:45.227Z] <<< [apiv2][body] GET https://cloudfunctions.googleapis.com/v2/projects/cuadernofp/locations/europe-west1/operations/operation-1782454265717-65521f95624b2-08e2b7e2-a6e49692 {"name":"projects/cuadernofp/locations/europe-west1/operations/operation-1782454265717-65521f95624b2-08e2b7e2-a6e49692","metadata":{"@type":"type.googleapis.com/google.cloud.functions.v2.OperationMetadata","createTime":"2026-06-26T06:11:06.992971693Z","target":"projects/cuadernofp/locations/europe-west1/functions/ssrcuadernofp","verb":"update","cancelRequested":false,"apiVersion":"v2","requestResource":{"@type":"type.googleapis.com/google.cloud.functions.v2.Function","name":"projects/cuadernofp/locations/europe-west1/functions/ssrcuadernofp","buildConfig":{"runtime":"nodejs24","entryPoint":"ssrcuadernofp","source":{"storageSource":{"bucket":"gcf-v2-sources-215337606799-europe-west1","object":"ssrcuadernofp/function-source.zip","generation":"1782454266934733"}},"environmentVariables":{"GOOGLE_NODE_RUN_SCRIPTS":""},"dockerRepository":"projects/cuadernofp/locations/europe-west1/repositories/gcf-artifacts","sourceProvenance":{"resolvedStorageSource":{"bucket":"gcf-v2-sources-215337606799-europe-west1","object":"ssrcuadernofp/function-source.zip","generation":"1782452155275457"}},"dockerRegistry":"ARTIFACT_REGISTRY","serviceAccount":"projects/cuadernofp/serviceAccounts/215337606799-compute@developer.gserviceaccount.com","automaticUpdatePolicy":{}},"serviceConfig":{"service":"projects/cuadernofp/locations/europe-west1/services/ssrcuadernofp","timeoutSeconds":60,"environmentVariables":{"VERCEL_URL":"cuadernofp.web.app","__FIREBASE_FRAMEWORKS_ENTRY__":"next.js","FIREBASE_CONFIG":"{\"projectId\":\"cuadernofp\",\"storageBucket\":\"cuadernofp.firebasestorage.app\"}","GCLOUD_PROJECT":"cuadernofp","EVENTARC_CLOUD_EVENT_SOURCE":"projects/cuadernofp/locations/europe-west1/services/ssrcuadernofp","FUNCTION_TARGET":"ssrcuadernofp","LOG_EXECUTION_ID":"true"},"ingressSettings":"ALLOW_ALL","uri":"https://ssrcuadernofp-ksqnfs2byq-ew.a.run.app","serviceAccountEmail":"215337606799-compute@developer.gserviceaccount.com","availableMemory":"256Mi","allTrafficOnLatestRevision":true,"revision":"ssrcuadernofp-00153-quq","maxInstanceRequestConcurrency":80,"availableCpu":"1"},"state":"ACTIVE","labels":{"deployment-tool":"cloudfunctions","firebase-functions-codebase":"firebase-frameworks-cuadernofp","firebase-functions-hash":"b15459f8079b50e6c0b98a8c8d8a642e1c5e3349"},"environment":"GEN_2","url":"https://europe-west1-cuadernofp.cloudfunctions.net/ssrcuadernofp","satisfiesPzi":true},"stages":[{"name":"BUILD","message":"Build in progress","state":"IN_PROGRESS","resource":"projects/215337606799/locations/europe-west1/builds/58bf731c-622e-4a0c-a3e0-fc4ec59141bb","resourceUri":"https://console.cloud.google.com/cloud-build/builds;region=europe-west1/58bf731c-622e-4a0c-a3e0-fc4ec59141bb?project=215337606799"},{"name":"SERVICE","state":"NOT_STARTED"}],"operationType":"UPDATE_FUNCTION","buildName":"projects/215337606799/locations/europe-west1/builds/58bf731c-622e-4a0c-a3e0-fc4ec59141bb"},"done":false}
[debug] [2026-06-26T06:23:55.235Z] [update-firebase-frameworks-cuadernofp-europe-west1-ssrcuadernofp] Retrying task index 0
[debug] [2026-06-26T06:23:55.236Z] No OAuth tokens found
[debug] [2026-06-26T06:23:55.236Z] >>> [apiv2][query] GET https://cloudfunctions.googleapis.com/v2/projects/cuadernofp/locations/europe-west1/operations/operation-1782454265717-65521f95624b2-08e2b7e2-a6e49692 [none]
[debug] [2026-06-26T06:23:55.500Z] <<< [apiv2][status] GET https://cloudfunctions.googleapis.com/v2/projects/cuadernofp/locations/europe-west1/operations/operation-1782454265717-65521f95624b2-08e2b7e2-a6e49692 200
[debug] [2026-06-26T06:23:55.500Z] <<< [apiv2][body] GET https://cloudfunctions.googleapis.com/v2/projects/cuadernofp/locations/europe-west1/operations/operation-1782454265717-65521f95624b2-08e2b7e2-a6e49692 {"name":"projects/cuadernofp/locations/europe-west1/operations/operation-1782454265717-65521f95624b2-08e2b7e2-a6e49692","metadata":{"@type":"type.googleapis.com/google.cloud.functions.v2.OperationMetadata","createTime":"2026-06-26T06:11:06.992971693Z","target":"projects/cuadernofp/locations/europe-west1/functions/ssrcuadernofp","verb":"update","cancelRequested":false,"apiVersion":"v2","requestResource":{"@type":"type.googleapis.com/google.cloud.functions.v2.Function","name":"projects/cuadernofp/locations/europe-west1/functions/ssrcuadernofp","buildConfig":{"runtime":"nodejs24","entryPoint":"ssrcuadernofp","source":{"storageSource":{"bucket":"gcf-v2-sources-215337606799-europe-west1","object":"ssrcuadernofp/function-source.zip","generation":"1782454266934733"}},"environmentVariables":{"GOOGLE_NODE_RUN_SCRIPTS":""},"dockerRepository":"projects/cuadernofp/locations/europe-west1/repositories/gcf-artifacts","sourceProvenance":{"resolvedStorageSource":{"bucket":"gcf-v2-sources-215337606799-europe-west1","object":"ssrcuadernofp/function-source.zip","generation":"1782452155275457"}},"dockerRegistry":"ARTIFACT_REGISTRY","serviceAccount":"projects/cuadernofp/serviceAccounts/215337606799-compute@developer.gserviceaccount.com","automaticUpdatePolicy":{}},"serviceConfig":{"service":"projects/cuadernofp/locations/europe-west1/services/ssrcuadernofp","timeoutSeconds":60,"environmentVariables":{"VERCEL_URL":"cuadernofp.web.app","__FIREBASE_FRAMEWORKS_ENTRY__":"next.js","FIREBASE_CONFIG":"{\"projectId\":\"cuadernofp\",\"storageBucket\":\"cuadernofp.firebasestorage.app\"}","GCLOUD_PROJECT":"cuadernofp","EVENTARC_CLOUD_EVENT_SOURCE":"projects/cuadernofp/locations/europe-west1/services/ssrcuadernofp","FUNCTION_TARGET":"ssrcuadernofp","LOG_EXECUTION_ID":"true"},"ingressSettings":"ALLOW_ALL","uri":"https://ssrcuadernofp-ksqnfs2byq-ew.a.run.app","serviceAccountEmail":"215337606799-compute@developer.gserviceaccount.com","availableMemory":"256Mi","allTrafficOnLatestRevision":true,"revision":"ssrcuadernofp-00153-quq","maxInstanceRequestConcurrency":80,"availableCpu":"1"},"state":"ACTIVE","labels":{"deployment-tool":"cloudfunctions","firebase-functions-codebase":"firebase-frameworks-cuadernofp","firebase-functions-hash":"b15459f8079b50e6c0b98a8c8d8a642e1c5e3349"},"environment":"GEN_2","url":"https://europe-west1-cuadernofp.cloudfunctions.net/ssrcuadernofp","satisfiesPzi":true},"stages":[{"name":"BUILD","message":"Build in progress","state":"IN_PROGRESS","resource":"projects/215337606799/locations/europe-west1/builds/58bf731c-622e-4a0c-a3e0-fc4ec59141bb","resourceUri":"https://console.cloud.google.com/cloud-build/builds;region=europe-west1/58bf731c-622e-4a0c-a3e0-fc4ec59141bb?project=215337606799"},{"name":"SERVICE","state":"NOT_STARTED"}],"operationType":"UPDATE_FUNCTION","buildName":"projects/215337606799/locations/europe-west1/builds/58bf731c-622e-4a0c-a3e0-fc4ec59141bb"},"done":false}
[debug] [2026-06-26T06:24:05.503Z] [update-firebase-frameworks-cuadernofp-europe-west1-ssrcuadernofp] Retrying task index 0
[debug] [2026-06-26T06:24:05.504Z] No OAuth tokens found
[debug] [2026-06-26T06:24:05.505Z] >>> [apiv2][query] GET https://cloudfunctions.googleapis.com/v2/projects/cuadernofp/locations/europe-west1/operations/operation-1782454265717-65521f95624b2-08e2b7e2-a6e49692 [none]
[debug] [2026-06-26T06:24:06.183Z] <<< [apiv2][status] GET https://cloudfunctions.googleapis.com/v2/projects/cuadernofp/locations/europe-west1/operations/operation-1782454265717-65521f95624b2-08e2b7e2-a6e49692 200
[debug] [2026-06-26T06:24:06.184Z] <<< [apiv2][body] GET https://cloudfunctions.googleapis.com/v2/projects/cuadernofp/locations/europe-west1/operations/operation-1782454265717-65521f95624b2-08e2b7e2-a6e49692 {"name":"projects/cuadernofp/locations/europe-west1/operations/operation-1782454265717-65521f95624b2-08e2b7e2-a6e49692","metadata":{"@type":"type.googleapis.com/google.cloud.functions.v2.OperationMetadata","createTime":"2026-06-26T06:11:06.992971693Z","target":"projects/cuadernofp/locations/europe-west1/functions/ssrcuadernofp","verb":"update","cancelRequested":false,"apiVersion":"v2","requestResource":{"@type":"type.googleapis.com/google.cloud.functions.v2.Function","name":"projects/cuadernofp/locations/europe-west1/functions/ssrcuadernofp","buildConfig":{"runtime":"nodejs24","entryPoint":"ssrcuadernofp","source":{"storageSource":{"bucket":"gcf-v2-sources-215337606799-europe-west1","object":"ssrcuadernofp/function-source.zip","generation":"1782454266934733"}},"environmentVariables":{"GOOGLE_NODE_RUN_SCRIPTS":""},"dockerRepository":"projects/cuadernofp/locations/europe-west1/repositories/gcf-artifacts","sourceProvenance":{"resolvedStorageSource":{"bucket":"gcf-v2-sources-215337606799-europe-west1","object":"ssrcuadernofp/function-source.zip","generation":"1782452155275457"}},"dockerRegistry":"ARTIFACT_REGISTRY","serviceAccount":"projects/cuadernofp/serviceAccounts/215337606799-compute@developer.gserviceaccount.com","automaticUpdatePolicy":{}},"serviceConfig":{"service":"projects/cuadernofp/locations/europe-west1/services/ssrcuadernofp","timeoutSeconds":60,"environmentVariables":{"VERCEL_URL":"cuadernofp.web.app","__FIREBASE_FRAMEWORKS_ENTRY__":"next.js","FIREBASE_CONFIG":"{\"projectId\":\"cuadernofp\",\"storageBucket\":\"cuadernofp.firebasestorage.app\"}","GCLOUD_PROJECT":"cuadernofp","EVENTARC_CLOUD_EVENT_SOURCE":"projects/cuadernofp/locations/europe-west1/services/ssrcuadernofp","FUNCTION_TARGET":"ssrcuadernofp","LOG_EXECUTION_ID":"true"},"ingressSettings":"ALLOW_ALL","uri":"https://ssrcuadernofp-ksqnfs2byq-ew.a.run.app","serviceAccountEmail":"215337606799-compute@developer.gserviceaccount.com","availableMemory":"256Mi","allTrafficOnLatestRevision":true,"revision":"ssrcuadernofp-00153-quq","maxInstanceRequestConcurrency":80,"availableCpu":"1"},"state":"ACTIVE","labels":{"deployment-tool":"cloudfunctions","firebase-functions-codebase":"firebase-frameworks-cuadernofp","firebase-functions-hash":"b15459f8079b50e6c0b98a8c8d8a642e1c5e3349"},"environment":"GEN_2","url":"https://europe-west1-cuadernofp.cloudfunctions.net/ssrcuadernofp","satisfiesPzi":true},"stages":[{"name":"BUILD","message":"Build in progress","state":"IN_PROGRESS","resource":"projects/215337606799/locations/europe-west1/builds/58bf731c-622e-4a0c-a3e0-fc4ec59141bb","resourceUri":"https://console.cloud.google.com/cloud-build/builds;region=europe-west1/58bf731c-622e-4a0c-a3e0-fc4ec59141bb?project=215337606799"},{"name":"SERVICE","state":"NOT_STARTED"}],"operationType":"UPDATE_FUNCTION","buildName":"projects/215337606799/locations/europe-west1/builds/58bf731c-622e-4a0c-a3e0-fc4ec59141bb"},"done":false}
[debug] [2026-06-26T06:24:16.185Z] [update-firebase-frameworks-cuadernofp-europe-west1-ssrcuadernofp] Retrying task index 0
[debug] [2026-06-26T06:24:16.186Z] No OAuth tokens found
[debug] [2026-06-26T06:24:16.186Z] >>> [apiv2][query] GET https://cloudfunctions.googleapis.com/v2/projects/cuadernofp/locations/europe-west1/operations/operation-1782454265717-65521f95624b2-08e2b7e2-a6e49692 [none]
[debug] [2026-06-26T06:24:16.864Z] <<< [apiv2][status] GET https://cloudfunctions.googleapis.com/v2/projects/cuadernofp/locations/europe-west1/operations/operation-1782454265717-65521f95624b2-08e2b7e2-a6e49692 200
[debug] [2026-06-26T06:24:16.864Z] <<< [apiv2][body] GET https://cloudfunctions.googleapis.com/v2/projects/cuadernofp/locations/europe-west1/operations/operation-1782454265717-65521f95624b2-08e2b7e2-a6e49692 {"name":"projects/cuadernofp/locations/europe-west1/operations/operation-1782454265717-65521f95624b2-08e2b7e2-a6e49692","metadata":{"@type":"type.googleapis.com/google.cloud.functions.v2.OperationMetadata","createTime":"2026-06-26T06:11:06.992971693Z","target":"projects/cuadernofp/locations/europe-west1/functions/ssrcuadernofp","verb":"update","cancelRequested":false,"apiVersion":"v2","requestResource":{"@type":"type.googleapis.com/google.cloud.functions.v2.Function","name":"projects/cuadernofp/locations/europe-west1/functions/ssrcuadernofp","buildConfig":{"runtime":"nodejs24","entryPoint":"ssrcuadernofp","source":{"storageSource":{"bucket":"gcf-v2-sources-215337606799-europe-west1","object":"ssrcuadernofp/function-source.zip","generation":"1782454266934733"}},"environmentVariables":{"GOOGLE_NODE_RUN_SCRIPTS":""},"dockerRepository":"projects/cuadernofp/locations/europe-west1/repositories/gcf-artifacts","sourceProvenance":{"resolvedStorageSource":{"bucket":"gcf-v2-sources-215337606799-europe-west1","object":"ssrcuadernofp/function-source.zip","generation":"1782452155275457"}},"dockerRegistry":"ARTIFACT_REGISTRY","serviceAccount":"projects/cuadernofp/serviceAccounts/215337606799-compute@developer.gserviceaccount.com","automaticUpdatePolicy":{}},"serviceConfig":{"service":"projects/cuadernofp/locations/europe-west1/services/ssrcuadernofp","timeoutSeconds":60,"environmentVariables":{"VERCEL_URL":"cuadernofp.web.app","__FIREBASE_FRAMEWORKS_ENTRY__":"next.js","FIREBASE_CONFIG":"{\"projectId\":\"cuadernofp\",\"storageBucket\":\"cuadernofp.firebasestorage.app\"}","GCLOUD_PROJECT":"cuadernofp","EVENTARC_CLOUD_EVENT_SOURCE":"projects/cuadernofp/locations/europe-west1/services/ssrcuadernofp","FUNCTION_TARGET":"ssrcuadernofp","LOG_EXECUTION_ID":"true"},"ingressSettings":"ALLOW_ALL","uri":"https://ssrcuadernofp-ksqnfs2byq-ew.a.run.app","serviceAccountEmail":"215337606799-compute@developer.gserviceaccount.com","availableMemory":"256Mi","allTrafficOnLatestRevision":true,"revision":"ssrcuadernofp-00153-quq","maxInstanceRequestConcurrency":80,"availableCpu":"1"},"state":"ACTIVE","labels":{"deployment-tool":"cloudfunctions","firebase-functions-codebase":"firebase-frameworks-cuadernofp","firebase-functions-hash":"b15459f8079b50e6c0b98a8c8d8a642e1c5e3349"},"environment":"GEN_2","url":"https://europe-west1-cuadernofp.cloudfunctions.net/ssrcuadernofp","satisfiesPzi":true},"stages":[{"name":"BUILD","message":"Build in progress","state":"IN_PROGRESS","resource":"projects/215337606799/locations/europe-west1/builds/58bf731c-622e-4a0c-a3e0-fc4ec59141bb","resourceUri":"https://console.cloud.google.com/cloud-build/builds;region=europe-west1/58bf731c-622e-4a0c-a3e0-fc4ec59141bb?project=215337606799"},{"name":"SERVICE","state":"NOT_STARTED"}],"operationType":"UPDATE_FUNCTION","buildName":"projects/215337606799/locations/europe-west1/builds/58bf731c-622e-4a0c-a3e0-fc4ec59141bb"},"done":false}
[debug] [2026-06-26T06:36:51.962Z] [update-firebase-frameworks-cuadernofp-europe-west1-ssrcuadernofp] Retrying task index 0
[debug] [2026-06-26T06:36:52.013Z] No OAuth tokens found
[debug] [2026-06-26T06:36:52.014Z] >>> [apiv2][query] GET https://cloudfunctions.googleapis.com/v2/projects/cuadernofp/locations/europe-west1/operations/operation-1782454265717-65521f95624b2-08e2b7e2-a6e49692 [none]
[debug] Task index 0 failed: timed out after 1500000ms.
[error] Task index 0 failed: timed out after 1500000ms.
[warn] !  functions: Deploys failed. Skipping deletes. 
[debug] [2026-06-26T06:36:52.231Z] Total Function Deployment time: 1547259
[debug] [2026-06-26T06:36:52.231Z] 1 Functions Deployed
[debug] [2026-06-26T06:36:52.231Z] 1 Functions Errored
[debug] [2026-06-26T06:36:52.231Z] 0 Function Deployments Aborted
[debug] [2026-06-26T06:36:52.231Z] Average Function Deployment time: 1547258
[debug] [2026-06-26T06:36:52.234Z] *** [apiv2] error from fetch(https://cloudfunctions.googleapis.com/v2/projects/cuadernofp/locations/europe-west1/operations/operation-1782454265717-65521f95624b2-08e2b7e2-a6e49692, {"headers":{},"method":"GET"}): FetchError: request to https://cloudfunctions.googleapis.com/v2/projects/cuadernofp/locations/europe-west1/operations/operation-1782454265717-65521f95624b2-08e2b7e2-a6e49692 failed, reason: getaddrinfo ENOTFOUND cloudfunctions.googleapis.com
[info] 
[info] Functions deploy had errors with the following functions:
	firebase-frameworks-cuadernofp:ssrcuadernofp(europe-west1)
[debug] [2026-06-26T06:36:52.239Z] Not printing URL for HTTPS function. Typically this means it didn't match a filter or we failed deployment
[debug] [2026-06-26T06:36:52.246Z] No OAuth tokens found
[debug] [2026-06-26T06:36:52.247Z] >>> [apiv2][query] GET https://artifactregistry.googleapis.com/v1/projects/cuadernofp/locations/europe-west1/repositories/gcf-artifacts [none]
[debug] [2026-06-26T06:36:52.252Z] *** [apiv2] error from fetch(https://artifactregistry.googleapis.com/v1/projects/cuadernofp/locations/europe-west1/repositories/gcf-artifacts, {"headers":{},"method":"GET"}): FetchError: request to https://artifactregistry.googleapis.com/v1/projects/cuadernofp/locations/europe-west1/repositories/gcf-artifacts failed, reason: getaddrinfo ENOTFOUND artifactregistry.googleapis.com
[debug] [2026-06-26T06:36:52.256Z] Failed to check artifact cleanup policy for region europe-west1: Failed to make request to https://artifactregistry.googleapis.com/v1/projects/cuadernofp/locations/europe-west1/repositories/gcf-artifacts {"name":"FirebaseError","children":[],"exit":1,"message":"Failed to make request to https://artifactregistry.googleapis.com/v1/projects/cuadernofp/locations/europe-west1/repositories/gcf-artifacts","original":{"message":"request to https://artifactregistry.googleapis.com/v1/projects/cuadernofp/locations/europe-west1/repositories/gcf-artifacts failed, reason: getaddrinfo ENOTFOUND artifactregistry.googleapis.com","type":"system","errno":"ENOTFOUND","code":"ENOTFOUND"},"status":500}
[debug] [2026-06-26T06:36:52.257Z] Functions deploy failed.
[debug] [2026-06-26T06:36:52.257Z] {
  "endpoint": {
    "id": "ssrcuadernofp",
    "project": "cuadernofp",
    "region": "europe-west1",
    "entryPoint": "ssrcuadernofp",
    "platform": "gcfv2",
    "runtime": "nodejs24",
    "httpsTrigger": {},
    "labels": {
      "deployment-tool": "cli-firebase"
    },
    "serviceAccount": null,
    "ingressSettings": null,
    "availableMemoryMb": null,
    "timeoutSeconds": null,
    "maxInstances": null,
    "minInstances": null,
    "concurrency": 80,
    "vpc": null,
    "environmentVariables": {
      "VERCEL_URL": "cuadernofp.web.app",
      "__FIREBASE_FRAMEWORKS_ENTRY__": "next.js",
      "FIREBASE_CONFIG": "{\"projectId\":\"cuadernofp\",\"storageBucket\":\"cuadernofp.firebasestorage.app\"}",
      "GCLOUD_PROJECT": "cuadernofp",
      "EVENTARC_CLOUD_EVENT_SOURCE": "projects/cuadernofp/locations/europe-west1/services/ssrcuadernofp"
    },
    "codebase": "firebase-frameworks-cuadernofp",
    "runServiceId": "ssrcuadernofp",
    "cpu": 1,
    "securityLevel": "SECURE_ALWAYS",
    "targetedByOnly": false,
    "hash": "b15459f8079b50e6c0b98a8c8d8a642e1c5e3349"
  },
  "op": "update",
  "original": {
    "name": "FirebaseError",
    "children": [],
    "exit": 1,
    "message": "Task index 0 failed: timed out after 1500000ms.",
    "status": 500,
    "level": "debug",
    "code": 500
  }
}
[debug] [2026-06-26T06:36:52.267Z] Error: Failed to update function ssrcuadernofp in region europe-west1
    at C:\Users\rafae\AppData\Roaming\npm\node_modules\firebase-tools\lib\deploy\functions\release\fabricator.js:454:19
    at async Fabricator.updateV2Function (C:\Users\rafae\AppData\Roaming\npm\node_modules\firebase-tools\lib\deploy\functions\release\fabricator.js:438:32)
    at async Fabricator.updateEndpoint (C:\Users\rafae\AppData\Roaming\npm\node_modules\firebase-tools\lib\deploy\functions\release\fabricator.js:174:13)
    at async Fabricator.wrapOperation (C:\Users\rafae\AppData\Roaming\npm\node_modules\firebase-tools\lib\deploy\functions\release\fabricator.js:138:13)
    at async Promise.all (index 0)
    at async Promise.allSettled (index 0)
    at async Fabricator.applyPlan (C:\Users\rafae\AppData\Roaming\npm\node_modules\firebase-tools\lib\deploy\functions\release\fabricator.js:77:45)
    at async release (C:\Users\rafae\AppData\Roaming\npm\node_modules\firebase-tools\lib\deploy\functions\release\index.js:87:21)
    at async chain (C:\Users\rafae\AppData\Roaming\npm\node_modules\firebase-tools\lib\deploy\index.js:45:9)
    at async deploy (C:\Users\rafae\AppData\Roaming\npm\node_modules\firebase-tools\lib\deploy\index.js:128:9)
[error] 
[error] Error: There was an error deploying functions
